distance,label
0.35782429575920105,positive
2.174637794494629,positive
0.41266298294067383,positive
0.41474729776382446,positive
0.37026000022888184,positive
0.3671411871910095,positive
0.3900332450866699,positive
0.4131046533584595,positive
0.43023768067359924,positive
0.3770149350166321,positive
0.41587626934051514,positive
1.7579376697540283,positive
0.39233267307281494,positive
0.37076327204704285,positive
0.41555577516555786,positive
0.3829101622104645,positive
0.4192058742046356,positive
0.36336588859558105,positive
0.4215771555900574,positive
0.41645005345344543,positive
0.40121713280677795,positive
0.352382093667984,positive
0.382895290851593,positive
0.39625284075737,positive
0.33771973848342896,positive
2.1774864196777344,positive
0.3970087766647339,positive
0.445300430059433,positive
0.3972099721431732,positive
0.4175688922405243,positive
1.9809333086013794,positive
0.34435349702835083,positive
0.36542969942092896,positive
0.361106812953949,positive
0.40738099813461304,positive
0.4146226644515991,positive
0.32896938920021057,positive
0.39232462644577026,positive
0.38743746280670166,positive
0.3747659921646118,positive
0.3955424427986145,positive
0.4109994173049927,positive
0.3973126709461212,positive
0.3796686828136444,positive
0.35287734866142273,positive
0.37881019711494446,positive
0.36752352118492126,positive
0.3727948069572449,positive
0.39369404315948486,positive
0.3914888799190521,positive
0.37284645438194275,positive
2.1481423377990723,positive
0.394616961479187,positive
0.4224754869937897,positive
0.41017428040504456,positive
0.41372770071029663,positive
0.3634083569049835,positive
0.4183931052684784,positive
0.3383026719093323,positive
0.3388836085796356,positive
1.991964340209961,positive
2.001070499420166,positive
0.35992565751075745,positive
0.4369752109050751,positive
0.4038952589035034,positive
0.4045831859111786,positive
0.3874894678592682,positive
0.45703884959220886,positive
0.4159216284751892,positive
0.3944966197013855,positive
0.4248226284980774,positive
0.41199547052383423,positive
0.415641725063324,positive
0.40885958075523376,positive
0.4014839231967926,positive
0.3871355354785919,positive
0.41321372985839844,positive
0.33446088433265686,positive
0.4199749529361725,positive
0.36043065786361694,positive
0.3816433250904083,positive
0.4419430196285248,positive
0.38869860768318176,positive
0.33631691336631775,positive
0.423113077878952,positive
0.42876747250556946,positive
0.40965044498443604,positive
0.39133909344673157,positive
0.3940254747867584,positive
0.4497850835323334,positive
0.4045881927013397,positive
0.43335455656051636,positive
0.4052842855453491,positive
0.38820746541023254,positive
0.4075476825237274,positive
1.9275619983673096,positive
0.37191638350486755,positive
0.3798292279243469,positive
0.39682868123054504,positive
0.3986983001232147,positive
0.4067091941833496,positive
0.39001721143722534,positive
0.3680660128593445,positive
0.4164465665817261,positive
0.3983491063117981,positive
0.435184508562088,positive
0.4223911464214325,positive
0.38829803466796875,positive
0.6760826110839844,positive
1.599036455154419,positive
0.391079843044281,positive
0.3917751610279083,positive
0.36291420459747314,positive
0.39353659749031067,positive
0.35362696647644043,positive
0.3989688754081726,positive
0.40815261006355286,positive
0.35764288902282715,positive
0.35907554626464844,positive
0.3764667510986328,positive
1.8997238874435425,positive
0.3970766067504883,positive
0.3468475937843323,positive
0.3997197449207306,positive
0.3412535786628723,positive
0.4124247133731842,positive
0.4024907648563385,positive
0.3847742974758148,positive
0.36503592133522034,positive
0.38304194808006287,positive
0.38636907935142517,positive
0.30950281023979187,positive
0.38968709111213684,positive
0.3459042012691498,positive
0.4006786048412323,positive
0.4098345637321472,positive
0.37351977825164795,positive
0.41116005182266235,positive
0.4107981324195862,positive
0.36373504996299744,positive
0.34901538491249084,positive
0.39137277007102966,positive
0.4172852635383606,positive
0.41011175513267517,positive
1.8744839429855347,positive
0.4198322892189026,positive
0.43090471625328064,positive
0.39260873198509216,positive
0.35278889536857605,positive
0.36936134099960327,positive
0.4403017461299896,positive
0.40029266476631165,positive
0.33268266916275024,positive
0.40416625142097473,positive
0.35124093294143677,positive
0.43666958808898926,positive
0.41778722405433655,positive
0.3783879280090332,positive
0.3990839421749115,positive
0.37299469113349915,positive
2.1837925910949707,positive
0.38792213797569275,positive
0.3319503664970398,positive
0.42060020565986633,positive
0.3764248192310333,positive
0.3806886076927185,positive
0.43352141976356506,positive
0.4169655740261078,positive
0.3822125494480133,positive
0.38118916749954224,positive
0.3756406307220459,positive
0.42283788323402405,positive
0.3869670629501343,positive
0.36492085456848145,positive
0.39927107095718384,positive
0.38129886984825134,positive
0.42237064242362976,positive
0.3946530818939209,positive
0.3872078061103821,positive
0.41597193479537964,positive
0.371937096118927,positive
0.41281676292419434,positive
0.4047944247722626,positive
0.38661685585975647,positive
0.39898884296417236,positive
0.3683633804321289,positive
0.4048686623573303,positive
0.3985356092453003,positive
0.36641594767570496,positive
0.3761790990829468,positive
0.36262843012809753,positive
0.3765125870704651,positive
0.36162006855010986,positive
0.3754599988460541,positive
0.41785725951194763,positive
0.39124682545661926,positive
0.4253278970718384,positive
0.384387344121933,positive
0.3095496892929077,positive
1.6165026426315308,positive
0.3840835392475128,positive
0.3907795548439026,positive
0.3952920436859131,positive
0.3431033194065094,positive
0.3682871162891388,positive
0.3935357332229614,positive
0.3995796740055084,positive
0.369869589805603,positive
0.35917291045188904,positive
0.39031296968460083,positive
0.39489036798477173,positive
0.3876170217990875,positive
0.4107762277126312,positive
0.3827337920665741,positive
0.3624529242515564,positive
0.36719247698783875,positive
0.40071186423301697,positive
0.3826451003551483,positive
0.37404665350914,positive
2.0982120037078857,positive
0.39820975065231323,positive
0.3990204930305481,positive
1.9384851455688477,positive
0.4267086684703827,positive
0.4110317528247833,positive
0.3988593518733978,positive
0.4120388925075531,positive
0.36459293961524963,positive
0.3887923061847687,positive
2.0988059043884277,positive
0.4511565864086151,positive
0.4008144736289978,positive
0.4132673740386963,positive
0.3908803164958954,positive
0.39627280831336975,positive
0.4019917845726013,positive
0.40718692541122437,positive
0.3980906903743744,positive
0.36470088362693787,positive
0.40771904587745667,positive
0.42066362500190735,positive
0.3738742768764496,positive
0.4148789048194885,positive
0.39883291721343994,positive
0.36129188537597656,positive
0.41586053371429443,positive
0.36593472957611084,positive
0.3548019230365753,positive
0.3916262090206146,positive
0.42077022790908813,positive
0.38298875093460083,positive
0.40204423666000366,positive
0.3416542112827301,positive
0.45463132858276367,positive
0.3757588863372803,positive
0.36126306653022766,positive
0.37336474657058716,positive
0.4275228679180145,positive
0.3934360444545746,positive
0.38033825159072876,positive
0.3929167091846466,positive
0.37184712290763855,positive
0.3754049837589264,positive
0.4495227038860321,positive
0.40063974261283875,positive
0.4163036048412323,positive
0.3844306468963623,positive
0.44044190645217896,positive
0.37239760160446167,positive
0.3515447974205017,positive
0.40521368384361267,positive
0.37224099040031433,positive
0.4081023931503296,positive
0.40584030747413635,positive
0.41415855288505554,positive
0.40017688274383545,positive
0.43279120326042175,positive
0.3259728252887726,positive
0.3883718252182007,positive
0.3803834021091461,positive
0.40550297498703003,positive
0.3948507010936737,positive
0.4311907887458801,positive
0.400778591632843,positive
0.35061752796173096,positive
0.33781445026397705,positive
0.3810625672340393,positive
0.3171181380748749,positive
0.40444985032081604,positive
0.341837614774704,positive
0.4073626697063446,positive
0.4096798002719879,positive
0.39883652329444885,positive
0.3653312027454376,positive
0.3978506624698639,positive
0.4310694932937622,positive
0.37111666798591614,positive
0.4030422866344452,positive
0.38619619607925415,positive
0.40488699078559875,positive
0.3866940438747406,positive
0.36897745728492737,positive
0.3820183277130127,positive
0.37383943796157837,positive
0.38413679599761963,positive
0.32838019728660583,positive
0.44561561942100525,positive
0.4344560503959656,positive
0.389161616563797,positive
0.39864203333854675,positive
0.43502363562583923,positive
0.4106457531452179,positive
0.42627373337745667,positive
0.40536466240882874,positive
0.3819156885147095,positive
0.41690313816070557,positive
0.35055503249168396,positive
0.3752703368663788,positive
0.407162606716156,positive
0.427208811044693,positive
0.42206040024757385,positive
0.32827967405319214,positive
0.4109944701194763,positive
0.3658338487148285,positive
0.3630637526512146,positive
0.3909004330635071,positive
0.4000408351421356,positive
0.4123289883136749,positive
0.39054030179977417,positive
0.3830191195011139,positive
0.39457377791404724,positive
0.3827359676361084,positive
0.36559706926345825,positive
0.3821311295032501,positive
0.3933688998222351,positive
0.41279202699661255,positive
0.410930871963501,positive
0.4027899503707886,positive
0.39562273025512695,positive
0.3976972699165344,positive
0.40123263001441956,positive
0.39905357360839844,positive
0.43102556467056274,positive
0.366605669260025,positive
0.3799365758895874,positive
0.30580389499664307,positive
0.40190431475639343,positive
0.37216049432754517,positive
0.33007460832595825,positive
0.40025976300239563,positive
0.370807021856308,positive
0.3899790942668915,positive
0.3846569061279297,positive
0.4120315909385681,positive
0.43028372526168823,positive
0.37768495082855225,positive
0.3889541029930115,positive
0.4034755229949951,positive
0.34492596983909607,positive
0.4200005531311035,positive
0.48389557003974915,positive
0.3585074543952942,positive
0.3555123507976532,positive
0.38919296860694885,positive
0.39297541975975037,positive
0.3952244520187378,positive
0.4823954403400421,positive
0.4438413977622986,positive
0.3989452123641968,positive
0.4135448634624481,positive
0.37613287568092346,positive
0.3828766345977783,positive
0.4307560920715332,positive
0.3958434760570526,positive
0.4324670732021332,positive
0.4178019165992737,positive
0.39359113574028015,positive
0.3859741985797882,positive
0.3757913112640381,positive
0.39329785108566284,positive
0.4013929069042206,positive
0.3697490394115448,positive
0.40005961060523987,positive
0.39879110455513,positive
0.4053892493247986,positive
0.3933294415473938,positive
0.3906098008155823,positive
0.3932517468929291,positive
0.4164614975452423,positive
0.4105876684188843,positive
0.4015112519264221,positive
0.34383225440979004,positive
0.37839752435684204,positive
0.4010463058948517,positive
0.38297057151794434,positive
0.42444413900375366,positive
0.406936377286911,positive
0.38728195428848267,positive
0.3915329873561859,positive
0.40520092844963074,positive
0.3811591565608978,positive
0.37065890431404114,positive
0.35128703713417053,positive
0.30675211548805237,positive
0.4529161751270294,positive
0.3745882511138916,positive
0.41239961981773376,positive
0.4141755700111389,positive
0.37451401352882385,positive
0.4333033263683319,positive
0.40980345010757446,positive
0.39131954312324524,positive
0.40547794103622437,positive
0.39079976081848145,positive
0.41067495942115784,positive
0.39068886637687683,positive
0.41583651304244995,positive
0.36858540773391724,positive
0.405955046415329,positive
0.37854865193367004,positive
0.43175241351127625,positive
0.3843912184238434,positive
0.3442760705947876,positive
0.47688475251197815,positive
0.3385675251483917,positive
0.4227891266345978,positive
0.3705978989601135,positive
0.38118666410446167,positive
0.3532930314540863,positive
0.40610578656196594,positive
0.38804343342781067,positive
0.3700161576271057,positive
0.39719006419181824,positive
0.33495691418647766,positive
0.3491652309894562,positive
0.42083945870399475,positive
0.46053487062454224,positive
0.42096614837646484,positive
0.3967708349227905,positive
0.390947550535202,positive
0.39013320207595825,positive
0.40476375818252563,positive
0.3983151912689209,positive
0.3699806034564972,positive
0.40645831823349,positive
0.4127485156059265,positive
1.4553991556167603,positive
0.3849734663963318,positive
0.4013254940509796,positive
0.3842950761318207,positive
0.3603804111480713,positive
0.41766130924224854,positive
0.37167540192604065,positive
0.40658247470855713,positive
0.3749208450317383,positive
0.4667524993419647,positive
0.35125455260276794,positive
0.394467294216156,positive
0.3834668695926666,positive
0.3963768780231476,positive
0.3830404281616211,positive
0.4280225932598114,positive
0.40017446875572205,positive
0.3867354691028595,positive
0.38004061579704285,positive
0.28786587715148926,positive
0.3584572374820709,positive
0.4179030656814575,positive
0.36135831475257874,positive
0.38542717695236206,positive
0.30496838688850403,positive
0.4279381036758423,positive
0.4602638781070709,positive
0.3887791633605957,positive
0.42262113094329834,positive
0.36182424426078796,positive
2.240837574005127,positive
0.41338467597961426,positive
0.3873712122440338,positive
0.3778966963291168,positive
0.40247997641563416,positive
0.2984585762023926,positive
0.315817654132843,positive
1.6244868040084839,positive
0.2934620976448059,positive
0.4088185131549835,positive
0.4049389958381653,positive
0.3801064193248749,positive
0.3934689462184906,positive
0.3536473214626312,positive
0.3929446041584015,positive
0.3548416495323181,positive
0.4082808494567871,positive
0.37315136194229126,positive
0.43953633308410645,positive
0.3796732425689697,positive
0.394305944442749,positive
0.33876219391822815,positive
0.36138683557510376,positive
0.4107254445552826,positive
0.39527878165245056,positive
0.3565276563167572,positive
0.3832482099533081,positive
0.38820743560791016,positive
0.41657954454421997,positive
0.38089168071746826,positive
0.40350496768951416,positive
0.3837234377861023,positive
0.3707197308540344,positive
0.4039496183395386,positive
0.4556826949119568,positive
0.4101366400718689,positive
0.3955762982368469,positive
0.38924214243888855,positive
0.29050078988075256,positive
0.37197813391685486,positive
0.4361916482448578,positive
0.40283137559890747,positive
0.37711694836616516,positive
0.38357871770858765,positive
0.3930966258049011,positive
0.4057425856590271,positive
0.41337400674819946,positive
0.3857731819152832,positive
0.4262820780277252,positive
0.37601643800735474,positive
0.3912191689014435,positive
0.3634011447429657,positive
0.38955265283584595,positive
0.4187658727169037,positive
0.3773188889026642,positive
0.4033667743206024,positive
2.3022844791412354,positive
0.4198007881641388,positive
0.4030390977859497,positive
0.380405455827713,positive
0.33953961730003357,positive
0.37807002663612366,positive
0.3967910408973694,positive
0.42882511019706726,positive
0.40323588252067566,positive
0.404946893453598,positive
0.4004138708114624,positive
1.9800634384155273,positive
0.4013438820838928,positive
0.4257884919643402,positive
0.39952585101127625,positive
0.3947632312774658,positive
0.3785385191440582,positive
0.33173784613609314,positive
0.4143995940685272,positive
0.41320544481277466,positive
0.4030906558036804,positive
0.4135609269142151,positive
0.4111860394477844,positive
0.3977185785770416,positive
0.3945494294166565,positive
0.4000230133533478,positive
0.4078751802444458,positive
0.3658101558685303,positive
0.434265673160553,positive
0.4189368188381195,positive
0.3713296353816986,positive
0.3517710864543915,positive
0.35536277294158936,positive
0.3997221887111664,positive
0.38559573888778687,positive
0.40915217995643616,positive
0.4135722517967224,positive
0.38841310143470764,positive
0.3759746849536896,positive
0.3942175507545471,positive
0.4007267951965332,positive
0.35662129521369934,positive
0.41238895058631897,positive
0.4305334687232971,positive
0.39357244968414307,positive
0.43257251381874084,positive
0.390786737203598,positive
0.41379302740097046,positive
0.4094318747520447,positive
0.3899555504322052,positive
0.36507266759872437,positive
0.4174320697784424,positive
0.4127903878688812,positive
0.36753568053245544,positive
0.38370952010154724,positive
0.27917879819869995,positive
0.3808882534503937,positive
0.3873911201953888,positive
0.39969074726104736,positive
0.39141082763671875,positive
0.39724668860435486,positive
0.3690073490142822,positive
0.3890472650527954,positive
0.3820846378803253,positive
0.3954298198223114,positive
0.4032796621322632,positive
0.3491443395614624,positive
0.39312657713890076,positive
0.3345794081687927,positive
0.4171448051929474,positive
0.3947696089744568,positive
0.36773914098739624,positive
0.40684470534324646,positive
0.3956232964992523,positive
0.40351197123527527,positive
0.38854122161865234,positive
0.4340430200099945,positive
0.41244861483573914,positive
0.4108222723007202,positive
0.38616660237312317,positive
0.3890095055103302,positive
0.3679663836956024,positive
0.36759719252586365,positive
0.35451775789260864,positive
0.40584325790405273,positive
0.4250508248806,positive
0.3917328417301178,positive
0.4107193052768707,positive
0.470780611038208,positive
0.3854161202907562,positive
0.41639143228530884,positive
0.4114198088645935,positive
0.40613290667533875,positive
0.36791691184043884,positive
0.3551616072654724,positive
0.3992280960083008,positive
0.3788374066352844,positive
0.387605756521225,positive
0.37174803018569946,positive
0.44801127910614014,positive
0.36669301986694336,positive
0.36021313071250916,positive
0.3851093649864197,positive
0.37434014678001404,positive
0.3590683043003082,positive
0.4141363501548767,positive
0.42220428586006165,positive
0.42608943581581116,positive
0.3295309841632843,positive
0.3952126204967499,positive
0.4218144118785858,positive
0.3879419267177582,positive
0.40881574153900146,positive
0.4011460244655609,positive
0.41730907559394836,positive
0.34338563680648804,positive
0.38097888231277466,positive
0.3989155888557434,positive
0.3543403148651123,positive
0.3931974470615387,positive
0.42630746960639954,positive
0.41846466064453125,positive
0.3953285217285156,positive
1.8185741901397705,positive
0.3673829734325409,positive
0.3978888988494873,positive
0.4169234037399292,positive
0.4330593943595886,positive
0.32775795459747314,positive
0.4042218327522278,positive
0.3874432146549225,positive
0.39678192138671875,positive
0.34782829880714417,positive
0.33572834730148315,positive
0.3442919850349426,positive
0.4147706925868988,positive
0.3921339809894562,positive
1.808879017829895,positive
0.446351021528244,positive
0.38786280155181885,positive
0.38789764046669006,positive
0.33245721459388733,positive
0.3942749500274658,positive
0.4068968594074249,positive
0.35259053111076355,positive
0.3848249018192291,positive
0.40394988656044006,positive
0.3919673562049866,positive
0.3562087416648865,positive
0.370578408241272,positive
0.3781217038631439,positive
0.4004814326763153,positive
0.39315518736839294,positive
0.4081558883190155,positive
0.4168299436569214,positive
0.327578067779541,positive
0.4002425968647003,positive
0.4081207513809204,positive
0.3615492880344391,positive
0.43465515971183777,positive
0.38159799575805664,positive
0.3506719172000885,positive
0.41001734137535095,positive
0.4046827256679535,positive
0.41084516048431396,positive
0.3980039954185486,positive
0.41844266653060913,positive
0.404860258102417,positive
0.4008271098136902,positive
0.3662128150463104,positive
0.4146791994571686,positive
0.3613567650318146,positive
0.37599635124206543,positive
0.42329275608062744,positive
0.40248021483421326,positive
0.4052562713623047,positive
0.40511348843574524,positive
0.37725409865379333,positive
0.39250409603118896,positive
0.40163305401802063,positive
0.4127183258533478,positive
0.44254252314567566,positive
0.3981378674507141,positive
0.41961726546287537,positive
0.3955260217189789,positive
0.4023663401603699,positive
0.38763052225112915,positive
2.137554883956909,positive
0.4366058111190796,positive
0.40772733092308044,positive
0.39865511655807495,positive
0.3508473336696625,positive
0.3666868507862091,positive
0.38235846161842346,positive
0.3820250928401947,positive
0.3642456829547882,positive
0.37213441729545593,positive
0.3585827946662903,positive
0.412109911441803,positive
0.38900884985923767,positive
0.3782210946083069,positive
0.43493539094924927,positive
0.4146284759044647,positive
0.4056187868118286,positive
0.3891468048095703,positive
0.4021100103855133,positive
0.3835737109184265,positive
0.3765130043029785,positive
0.35302770137786865,positive
0.4186115860939026,positive
0.3891633450984955,positive
0.35173988342285156,positive
0.3475272059440613,positive
0.3836752474308014,positive
0.4044927656650543,positive
0.39147117733955383,positive
0.4058971703052521,positive
0.4040694832801819,positive
0.42751312255859375,positive
0.429407000541687,positive
0.33048015832901,positive
0.36840391159057617,positive
0.40043434500694275,positive
0.3890765309333801,positive
0.37670543789863586,positive
0.37148988246917725,positive
0.37605050206184387,positive
0.3416198194026947,positive
0.4262236952781677,positive
0.3847602307796478,positive
0.3731033205986023,positive
0.3914123773574829,positive
0.39855673909187317,positive
0.4355317950248718,positive
0.41301512718200684,positive
0.4000380337238312,positive
0.4121205806732178,positive
0.43451741337776184,positive
0.41485968232154846,positive
0.39472728967666626,positive
0.3928917348384857,positive
0.39111632108688354,positive
0.37394729256629944,positive
0.3766365945339203,positive
0.40805813670158386,positive
0.3486904799938202,positive
0.3835240304470062,positive
0.3977280855178833,positive
0.39739325642585754,positive
0.41607218980789185,positive
0.3807077705860138,positive
0.4104599356651306,positive
0.3938681483268738,positive
0.3982039988040924,positive
0.3843314051628113,positive
0.38509446382522583,positive
0.39070019125938416,positive
0.36875900626182556,positive
0.3472041189670563,positive
0.3342974781990051,positive
0.3590308129787445,positive
0.3737396001815796,positive
1.9344271421432495,positive
0.38272082805633545,positive
0.3990720808506012,positive
0.3871176540851593,positive
0.4148913323879242,positive
0.40254974365234375,positive
0.383638471364975,positive
0.4471834599971771,positive
0.4227830171585083,positive
0.4024800658226013,positive
0.4189485013484955,positive
0.43575820326805115,positive
0.4066941738128662,positive
0.3861968517303467,positive
0.4177659749984741,positive
0.38242706656455994,positive
0.3995290696620941,positive
0.3904076814651489,positive
0.3955267369747162,positive
0.3693419098854065,positive
0.3860209286212921,positive
0.4026763439178467,positive
0.3925105333328247,positive
0.3225328326225281,positive
0.4055727422237396,positive
0.38962000608444214,positive
0.3546468913555145,positive
0.3920220732688904,positive
0.3699336349964142,positive
0.4341670870780945,positive
0.4286451041698456,positive
0.377130925655365,positive
0.3200480341911316,positive
0.38421139121055603,positive
0.410869836807251,positive
0.4118327498435974,positive
0.3125719130039215,positive
0.38720443844795227,positive
0.41687673330307007,positive
0.3819543123245239,positive
0.2949274778366089,positive
0.3381131589412689,positive
0.35550937056541443,positive
0.4021473228931427,positive
0.40328675508499146,positive
0.4176073670387268,positive
0.43742361664772034,positive
0.38096463680267334,positive
0.3816183805465698,positive
0.3946545720100403,positive
0.3929966688156128,positive
0.39286646246910095,positive
0.3894655108451843,positive
0.4258173704147339,positive
0.3657253384590149,positive
0.409803569316864,positive
0.3287437856197357,positive
0.3641209602355957,positive
0.4150071144104004,positive
0.30440306663513184,positive
0.41351282596588135,positive
0.40459612011909485,positive
0.3900448679924011,positive
0.43526437878608704,positive
0.4145045280456543,positive
0.34353575110435486,positive
0.4261827766895294,positive
0.40491387248039246,positive
0.36885058879852295,positive
0.371549516916275,positive
0.42428892850875854,positive
0.41478288173675537,positive
0.3694325089454651,positive
0.33726412057876587,positive
0.372879296541214,positive
0.3977622389793396,positive
0.4039708971977234,positive
0.4271717071533203,positive
0.307913213968277,positive
0.35942167043685913,positive
0.3374648988246918,positive
0.39219680428504944,positive
0.3902473747730255,positive
0.40284404158592224,positive
0.40246009826660156,positive
0.35377398133277893,positive
0.4090999960899353,positive
0.5016922354698181,positive
0.4122962951660156,positive
0.40268293023109436,positive
0.3286421298980713,positive
0.3199392259120941,positive
0.35773494839668274,positive
0.3854781687259674,positive
0.39146050810813904,positive
0.7082390189170837,positive
0.38230666518211365,positive
0.3791644871234894,positive
0.4239780902862549,positive
0.3941982388496399,positive
0.3936281204223633,positive
0.37594708800315857,positive
1.9349267482757568,positive
0.4447597563266754,positive
0.38878101110458374,positive
0.4732082486152649,positive
0.3375898003578186,positive
0.4314098656177521,positive
0.37968385219573975,positive
0.42350444197654724,positive
0.36116600036621094,positive
0.39044561982154846,positive
0.4034818708896637,positive
0.4098103642463684,positive
0.39614659547805786,positive
0.40282389521598816,positive
0.38343575596809387,positive
0.38010847568511963,positive
0.38859179615974426,positive
0.4302572011947632,positive
0.36384835839271545,positive
0.40315234661102295,positive
0.42122551798820496,positive
0.3754471242427826,positive
0.4146732985973358,positive
0.36660975217819214,positive
0.3821658194065094,positive
0.3861357271671295,positive
0.4189798831939697,positive
0.3821750581264496,positive
0.376960426568985,positive
0.4416528344154358,positive
0.41405943036079407,positive
0.31830456852912903,positive
0.37369221448898315,positive
0.3888176381587982,positive
0.3726627230644226,positive
0.36500024795532227,positive
0.39949604868888855,positive
0.42292094230651855,positive
0.3848826587200165,positive
0.37743711471557617,positive
0.4278923571109772,positive
0.3905843496322632,positive
0.4005340039730072,positive
0.39821842312812805,positive
0.3781963288784027,positive
0.41302335262298584,positive
0.3758004605770111,positive
0.4422641694545746,positive
0.39770954847335815,positive
0.3701479136943817,positive
0.39961662888526917,positive
0.42510128021240234,positive
0.4004567563533783,positive
0.38635551929473877,positive
0.38514193892478943,positive
0.43848443031311035,positive
0.4280616044998169,positive
0.39774319529533386,positive
0.4208124279975891,positive
0.3890378475189209,positive
0.39695894718170166,positive
0.4332770109176636,positive
0.35962045192718506,positive
0.3770558834075928,positive
0.3923717141151428,positive
0.39322522282600403,positive
0.34886816143989563,positive
0.4048110544681549,positive
0.41158604621887207,positive
0.3949505090713501,positive
1.6137418746948242,positive
0.3850255608558655,positive
0.41185417771339417,positive
0.3686210811138153,positive
0.41196227073669434,positive
0.3658997416496277,positive
0.40073081851005554,positive
0.4514148533344269,positive
0.38079094886779785,positive
0.40782663226127625,positive
0.4240061938762665,positive
0.3917703628540039,positive
1.695317268371582,positive
0.4110451340675354,positive
0.4134100079536438,positive
0.3984476327896118,positive
1.8347282409667969,positive
0.4356488287448883,positive
0.3775182366371155,positive
0.394031286239624,positive
0.40515369176864624,positive
0.4067540466785431,positive
0.4078487455844879,positive
0.33147066831588745,positive
0.407850444316864,positive
0.41289207339286804,positive
0.41926729679107666,positive
0.40641292929649353,positive
0.48695042729377747,positive
1.9831438064575195,positive
0.44206199049949646,positive
0.35740458965301514,positive
0.3961753845214844,positive
0.38495877385139465,positive
0.4229542315006256,positive
0.42052823305130005,positive
0.40293702483177185,positive
0.38951873779296875,positive
0.3895449936389923,positive
0.41365712881088257,positive
0.3018450438976288,positive
0.39070332050323486,positive
0.43066370487213135,positive
0.4007357060909271,positive
0.3772462010383606,positive
0.40380004048347473,positive
0.35885629057884216,positive
0.3604646325111389,positive
0.33092018961906433,positive
0.36474931240081787,positive
0.4140903651714325,positive
0.36457982659339905,positive
0.3650105595588684,positive
0.4165205657482147,positive
0.3970407247543335,positive
0.410454660654068,positive
0.3244336247444153,positive
0.35541754961013794,positive
0.3470347225666046,positive
0.3874747157096863,positive
0.4287969470024109,positive
0.43122321367263794,positive
0.38777807354927063,positive
0.40108272433280945,positive
0.39881590008735657,positive
0.3978768587112427,positive
0.3893548250198364,positive
0.40311399102211,positive
0.40327751636505127,positive
0.40204691886901855,positive
0.3893848955631256,positive
0.39222460985183716,positive
0.3871093988418579,positive
0.3822455108165741,positive
0.2761313021183014,positive
0.4317801892757416,positive
0.42267775535583496,positive
0.3633789122104645,positive
0.3851098120212555,positive
0.4033219516277313,positive
0.41375306248664856,positive
0.41126421093940735,positive
0.4114755690097809,positive
0.424643874168396,positive
0.34419745206832886,positive
0.3664699196815491,positive
0.40977752208709717,positive
0.3908323645591736,positive
0.3248583972454071,positive
0.40337643027305603,positive
0.3722846806049347,positive
0.34759578108787537,positive
0.39964812994003296,positive
0.40689513087272644,positive
0.4132389724254608,positive
0.3653368651866913,positive
1.9181723594665527,positive
0.3859231770038605,positive
0.3800281584262848,positive
0.40732133388519287,positive
0.389017790555954,positive
0.38965505361557007,positive
0.4023216664791107,positive
0.37914469838142395,positive
0.40654256939888,positive
0.4480161964893341,positive
0.35610535740852356,positive
0.3621625304222107,positive
0.39916422963142395,positive
0.36704331636428833,positive
0.3659372627735138,positive
0.3653832674026489,positive
0.37413960695266724,positive
0.42911475896835327,positive
0.39351993799209595,positive
0.3909452557563782,positive
0.42198219895362854,positive
0.42455241084098816,positive
0.37608271837234497,positive
0.3851655423641205,positive
0.30934733152389526,positive
0.40765100717544556,positive
0.4180373251438141,positive
0.41470861434936523,positive
0.3548842966556549,positive
0.42754995822906494,positive
0.3755790591239929,positive
0.36003434658050537,positive
0.38810059428215027,positive
0.4218410551548004,positive
0.38906949758529663,positive
0.41065850853919983,positive
0.3920951783657074,positive
0.37217977643013,positive
0.4132310748100281,positive
0.4017454981803894,positive
0.37421709299087524,positive
0.37109678983688354,positive
1.8966774940490723,positive
1.9809595346450806,positive
0.4279369115829468,positive
0.37678059935569763,positive
0.4179871082305908,positive
0.39193782210350037,positive
0.35635027289390564,positive
0.37168899178504944,positive
0.3978266417980194,positive
0.4022405445575714,positive
0.39876437187194824,positive
0.40459927916526794,positive
0.3811250329017639,positive
0.40033039450645447,positive
0.3907490074634552,positive
0.3734756410121918,positive
0.37610727548599243,positive
0.37710508704185486,positive
0.40028974413871765,positive
0.37384936213493347,positive
0.3935485780239105,positive
0.3943198323249817,positive
0.4190238118171692,positive
0.4085129499435425,positive
0.3955707550048828,positive
0.377164363861084,positive
0.41745713353157043,positive
0.36371853947639465,positive
0.43296018242836,positive
0.36306342482566833,positive
0.4126259386539459,positive
0.3753931522369385,positive
0.40277960896492004,positive
0.45178163051605225,positive
0.41614043712615967,positive
0.41028711199760437,positive
0.3913232088088989,positive
0.38129156827926636,positive
0.3832353353500366,positive
0.3968961834907532,positive
0.40548622608184814,positive
0.3697184920310974,positive
0.3282283842563629,positive
0.36766740679740906,positive
0.37290459871292114,positive
1.9158438444137573,positive
0.41022729873657227,positive
0.3527942895889282,positive
0.3784327805042267,positive
0.3919875919818878,positive
0.373883992433548,positive
0.3260343372821808,positive
0.4103486239910126,positive
0.3690534830093384,positive
0.3941400349140167,positive
0.4007664918899536,positive
0.3968929350376129,positive
0.4482864439487457,positive
0.41228875517845154,positive
1.668015956878662,positive
0.38757726550102234,positive
0.35851672291755676,positive
0.3981538414955139,positive
0.4025781452655792,positive
0.39920172095298767,positive
0.3688589632511139,positive
0.39986979961395264,positive
0.37304988503456116,positive
0.4037613272666931,positive
0.3713019788265228,positive
0.3935421109199524,positive
0.43501850962638855,positive
0.3729269802570343,positive
0.407659649848938,positive
0.3362261950969696,positive
0.3913602828979492,positive
0.3465685248374939,positive
0.34141331911087036,positive
0.33331286907196045,positive
0.36309707164764404,positive
0.4193512499332428,positive
0.39263349771499634,positive
0.35444143414497375,positive
0.377095103263855,positive
0.4079039692878723,positive
0.414015531539917,positive
0.40532153844833374,positive
0.4696316719055176,positive
0.3775462806224823,positive
0.38622647523880005,positive
0.35537970066070557,positive
0.3830413818359375,positive
0.41186317801475525,positive
0.36381295323371887,positive
0.41100260615348816,positive
0.3949606120586395,positive
0.3562667965888977,positive
0.40654632449150085,positive
0.3260135054588318,positive
0.40189316868782043,positive
0.3878978490829468,positive
0.41209134459495544,positive
0.42937594652175903,positive
0.38374534249305725,positive
0.44355663657188416,positive
0.3686937391757965,positive
0.3763958513736725,positive
0.336376816034317,positive
0.39446496963500977,positive
0.412824422121048,positive
0.42316487431526184,positive
0.42619797587394714,positive
0.3640172481536865,positive
0.40073275566101074,positive
0.40205296874046326,positive
0.36980095505714417,positive
0.35610976815223694,positive
0.42968130111694336,positive
0.42202645540237427,positive
0.3719758093357086,positive
0.4156211018562317,positive
0.4068042039871216,positive
0.3899589478969574,positive
0.38050687313079834,positive
0.44643011689186096,positive
0.4060920178890228,positive
0.4134548604488373,positive
0.4218541979789734,positive
0.37559545040130615,positive
0.40374094247817993,positive
0.3854442536830902,positive
0.3968602120876312,positive
0.42405641078948975,positive
0.4382917881011963,positive
0.40192678570747375,positive
0.43494492769241333,positive
0.390842467546463,positive
0.41021329164505005,positive
0.4233225882053375,positive
0.3662228286266327,positive
0.31682175397872925,positive
0.3762305974960327,positive
0.41535231471061707,positive
0.44205978512763977,positive
0.32507166266441345,positive
0.4486803114414215,positive
0.4139350354671478,positive
0.4026610553264618,positive
0.4525167644023895,positive
0.38308480381965637,positive
0.4815830588340759,positive
0.35428744554519653,positive
0.3277273178100586,positive
0.39699041843414307,positive
0.4364982843399048,positive
0.4625905752182007,positive
0.3926692306995392,positive
0.3837302029132843,positive
0.34877264499664307,positive
0.40583673119544983,positive
0.3764303922653198,positive
1.885778546333313,positive
0.4084239602088928,positive
0.35308146476745605,positive
0.4143596291542053,positive
0.39246758818626404,positive
0.4077567458152771,positive
0.40913936495780945,positive
0.42130452394485474,positive
0.38418638706207275,positive
0.43172669410705566,positive
0.3734515309333801,positive
0.37860703468322754,positive
0.40830501914024353,positive
0.41733092069625854,positive
0.4141860902309418,positive
0.41496503353118896,positive
0.42226558923721313,positive
0.4118698537349701,positive
0.40827545523643494,positive
0.3881559669971466,positive
0.35862216353416443,positive
0.38717713952064514,positive
0.41896840929985046,positive
0.4296223223209381,positive
0.439503937959671,positive
0.3899366557598114,positive
0.41578584909439087,positive
0.3942418396472931,positive
0.3745083808898926,positive
0.4122239351272583,positive
0.37898683547973633,positive
0.3586897850036621,positive
0.3807392716407776,positive
0.3979355990886688,positive
0.4133003354072571,positive
0.3745192885398865,positive
0.40378525853157043,positive
0.3928065299987793,positive
0.3711288273334503,positive
0.3754218816757202,positive
0.3828682601451874,positive
0.3906743824481964,positive
0.3749249577522278,positive
0.3543131649494171,positive
0.40126651525497437,positive
0.4145755171775818,positive
0.3367210626602173,positive
0.41868841648101807,positive
0.3839353919029236,positive
0.4103131890296936,positive
0.4224807322025299,positive
0.3694731891155243,positive
0.37526580691337585,positive
0.3785550892353058,positive
0.29926973581314087,positive
0.4004077613353729,positive
0.4322710633277893,positive
0.35480451583862305,positive
0.3685747981071472,positive
0.4028431475162506,positive
0.3288963735103607,positive
0.36967766284942627,positive
0.4043223559856415,positive
0.39300236105918884,positive
0.39246371388435364,positive
0.4051511883735657,positive
0.39247652888298035,positive
0.41001492738723755,positive
0.38982295989990234,positive
0.347113698720932,positive
0.39356884360313416,positive
0.39188337326049805,positive
0.3920971751213074,positive
0.41166844964027405,positive
0.36623066663742065,positive
0.4157112240791321,positive
0.35670143365859985,positive
0.39998528361320496,positive
0.36074134707450867,positive
0.380473792552948,positive
0.39484620094299316,positive
0.3845471441745758,positive
0.3845985531806946,positive
0.3904598355293274,positive
0.41574299335479736,positive
0.3872448205947876,positive
0.3972872495651245,positive
2.2734837532043457,positive
0.3578290343284607,positive
0.4098893105983734,positive
0.3637232780456543,positive
0.39133310317993164,positive
0.4477730393409729,positive
0.42196744680404663,positive
0.3858819901943207,positive
0.43401122093200684,positive
0.37309181690216064,positive
0.4231426417827606,positive
0.3961762487888336,positive
0.45392870903015137,positive
0.39598751068115234,positive
0.3614567220211029,positive
0.42202872037887573,positive
0.3781873881816864,positive
0.34999656677246094,positive
0.3700151741504669,positive
0.39350026845932007,positive
0.37177789211273193,positive
0.3807920217514038,positive
0.3961140811443329,positive
0.3961731493473053,positive
0.3616902232170105,positive
0.3090638518333435,positive
0.3914865255355835,positive
0.43146079778671265,positive
0.40623345971107483,positive
0.37249255180358887,positive
0.4148831367492676,positive
0.36922723054885864,positive
0.40300482511520386,positive
0.4090251624584198,positive
0.3336525559425354,positive
0.39811262488365173,positive
0.41080808639526367,positive
0.39440181851387024,positive
0.40390071272850037,positive
0.3486631214618683,positive
0.4337657392024994,positive
0.36171653866767883,positive
0.3996703624725342,positive
0.4452129602432251,positive
0.3825479745864868,positive
0.3440909683704376,positive
0.3978842794895172,positive
0.38583528995513916,positive
0.3873848021030426,positive
0.4300931990146637,positive
0.39999866485595703,positive
0.3498305380344391,positive
0.4183785021305084,positive
0.3736680746078491,positive
0.37882357835769653,positive
0.40889474749565125,positive
0.384960412979126,positive
0.40963152050971985,positive
0.4161069989204407,positive
0.35550692677497864,positive
0.38017550110816956,positive
0.3874152898788452,positive
0.38828110694885254,positive
0.38727307319641113,positive
0.3693874776363373,positive
0.3895147144794464,positive
0.3882693946361542,positive
0.39090844988822937,positive
0.41809993982315063,positive
0.3944903016090393,positive
0.3960326910018921,positive
0.4337821304798126,positive
0.4035496413707733,positive
0.34996697306632996,positive
0.40773189067840576,positive
0.38288742303848267,positive
0.36377593874931335,positive
0.39020487666130066,positive
0.3771184980869293,positive
0.3907472491264343,positive
0.3937867283821106,positive
0.3651326298713684,positive
0.38106608390808105,positive
0.39661937952041626,positive
0.3964511454105377,positive
0.3868686556816101,positive
0.4014407694339752,positive
0.37062111496925354,positive
2.022300958633423,positive
0.3383748531341553,positive
0.4092846214771271,positive
0.40471816062927246,positive
0.35908111929893494,positive
0.31052684783935547,positive
0.3822765350341797,positive
0.39373868703842163,positive
0.3902573883533478,positive
0.4411768317222595,positive
0.33193454146385193,positive
0.38754191994667053,positive
0.4148738980293274,positive
0.4095653295516968,positive
0.41517961025238037,positive
0.404432475566864,positive
0.3976529836654663,positive
0.41636040806770325,positive
0.36060020327568054,positive
0.4158380627632141,positive
0.36843445897102356,positive
0.4186278283596039,positive
0.40907323360443115,positive
0.3278983235359192,positive
0.39650189876556396,positive
0.40549370646476746,positive
0.35598987340927124,positive
0.40026620030403137,positive
0.4143603444099426,positive
0.27525752782821655,positive
0.3972695767879486,positive
0.4076489806175232,positive
0.38543733954429626,positive
0.37419402599334717,positive
0.3870966136455536,positive
0.41718408465385437,positive
0.40363404154777527,positive
0.37179961800575256,positive
0.3830741345882416,positive
0.42211660742759705,positive
0.3912864327430725,positive
0.40788617730140686,positive
0.4327453076839447,positive
0.37224116921424866,positive
0.36962732672691345,positive
0.40012839436531067,positive
0.9946941137313843,positive
0.3569474220275879,positive
0.3691447079181671,positive
0.40740886330604553,positive
0.42660367488861084,positive
0.3885805904865265,positive
0.3053112030029297,positive
0.4354981482028961,positive
0.42541027069091797,positive
0.38846731185913086,positive
0.29883816838264465,positive
0.38265857100486755,positive
0.4066413640975952,positive
0.414747416973114,positive
0.41439419984817505,positive
0.37497249245643616,positive
0.42101219296455383,positive
0.3962189853191376,positive
0.3660144805908203,positive
0.40964773297309875,positive
0.38468796014785767,positive
0.36881160736083984,positive
0.3645751178264618,positive
0.4065946042537689,positive
0.4099375605583191,positive
0.3794006407260895,positive
0.4057460129261017,positive
0.4160880148410797,positive
0.39106428623199463,positive
0.36822211742401123,positive
0.3781728744506836,positive
0.3530738949775696,positive
0.4118271470069885,positive
0.39971044659614563,positive
0.42645004391670227,positive
0.393138587474823,positive
0.356889009475708,positive
0.37600746750831604,positive
0.4149324893951416,positive
0.3807442784309387,positive
0.4118141531944275,positive
0.4415799081325531,positive
0.3804483413696289,positive
0.4229878783226013,positive
0.34763315320014954,positive
0.38283735513687134,positive
0.3442598879337311,positive
0.39351287484169006,positive
0.37292400002479553,positive
0.41688764095306396,positive
0.3821914792060852,positive
0.3636339604854584,positive
0.3628782331943512,positive
0.3827090859413147,positive
0.3950165808200836,positive
0.4092606008052826,positive
0.3646620512008667,positive
0.41679054498672485,positive
0.4054536521434784,positive
0.4038356840610504,positive
0.3610365688800812,positive
0.37474551796913147,positive
0.3990677297115326,positive
0.40529629588127136,positive
0.3578619956970215,positive
0.4145406484603882,positive
0.37733790278434753,positive
0.3872918486595154,positive
0.38712069392204285,positive
0.4039064347743988,positive
0.4074711501598358,positive
0.4238298535346985,positive
0.36207839846611023,positive
0.4733995199203491,positive
0.35921740531921387,positive
0.39023539423942566,positive
0.3772727847099304,positive
0.41412535309791565,positive
0.367202490568161,positive
0.3384780287742615,positive
0.36341726779937744,positive
0.4364503026008606,positive
0.3388267755508423,positive
0.4131653308868408,positive
0.4039582312107086,positive
0.4074258506298065,positive
0.3936603367328644,positive
0.4317767918109894,positive
0.38993167877197266,positive
0.3332355320453644,positive
0.3568311631679535,positive
0.4539673328399658,positive
0.38527408242225647,positive
0.425802618265152,positive
0.40913763642311096,positive
0.3946394622325897,positive
0.45412132143974304,positive
0.41320812702178955,positive
0.40493351221084595,positive
0.4425622522830963,positive
0.38698387145996094,positive
0.41274672746658325,positive
0.3854275345802307,positive
0.35774385929107666,positive
0.42768001556396484,positive
0.3598904311656952,positive
0.42182010412216187,positive
0.33623024821281433,positive
0.39631104469299316,positive
0.4157239496707916,positive
0.3518636226654053,positive
0.4549134373664856,positive
0.3344726264476776,positive
0.4145112931728363,positive
0.4374537467956543,positive
0.3797128200531006,positive
0.40467503666877747,positive
0.43215665221214294,positive
0.41713282465934753,positive
0.3645930588245392,positive
0.38244175910949707,positive
0.3808618485927582,positive
0.37015026807785034,positive
0.4357896149158478,positive
0.4098791778087616,positive
0.45122912526130676,positive
0.35351571440696716,positive
0.40749064087867737,positive
0.4380037188529968,positive
0.4020378887653351,positive
0.40679970383644104,positive
0.4865554869174957,positive
0.42871010303497314,positive
0.41075778007507324,positive
0.41589638590812683,positive
0.4099055230617523,positive
0.40821573138237,positive
0.39260467886924744,positive
0.38647669553756714,positive
0.4012351334095001,positive
0.38102230429649353,positive
0.41771429777145386,positive
0.3921293020248413,positive
0.40145212411880493,positive
0.4082581400871277,positive
0.3813807964324951,positive
0.4474533498287201,positive
0.3292059004306793,positive
0.40746694803237915,positive
0.43299704790115356,positive
0.3830702006816864,positive
0.4223896861076355,positive
0.4015943109989166,positive
0.380763441324234,positive
0.3298948109149933,positive
0.38757288455963135,positive
0.36337199807167053,positive
0.566996693611145,positive
0.439171701669693,positive
0.38550347089767456,positive
0.42463186383247375,positive
0.2929006814956665,positive
0.4301978349685669,positive
0.35611122846603394,positive
0.4053834080696106,positive
0.4202650189399719,positive
0.4163326323032379,positive
0.4147643446922302,positive
0.3913312256336212,positive
0.3580416440963745,positive
0.40858665108680725,positive
0.37317436933517456,positive
0.4148893654346466,positive
0.39737287163734436,positive
0.392818808555603,positive
0.4168822467327118,positive
0.3892017900943756,positive
1.7226414680480957,positive
0.40808936953544617,positive
0.39848342537879944,positive
0.40219876170158386,positive
0.39720508456230164,positive
0.41449734568595886,positive
0.3342561423778534,positive
0.4101825952529907,positive
0.35378772020339966,positive
0.409512460231781,positive
0.32502567768096924,positive
0.37700119614601135,positive
0.3899008631706238,positive
0.38499146699905396,positive
0.42642834782600403,positive
0.41967758536338806,positive
0.3934072256088257,positive
0.4631097614765167,positive
0.39529940485954285,positive
0.38919541239738464,positive
0.36763790249824524,positive
0.391384482383728,positive
0.3867185711860657,positive
0.3928454518318176,positive
0.3930436968803406,positive
0.39835742115974426,positive
0.36599552631378174,positive
0.45128333568573,positive
0.3950503170490265,positive
0.41074052453041077,positive
0.3737100064754486,positive
0.40941348671913147,positive
0.4078969657421112,positive
0.44601672887802124,positive
0.4267241954803467,positive
0.40549564361572266,positive
0.3030417561531067,positive
0.3618588447570801,positive
0.9523525834083557,positive
0.36844882369041443,positive
0.39473527669906616,positive
0.36979198455810547,positive
0.39601245522499084,positive
0.3913957476615906,positive
2.011671543121338,positive
0.3630426824092865,positive
0.39001742005348206,positive
0.3963847756385803,positive
0.38148391246795654,positive
0.40972545742988586,positive
0.39303892850875854,positive
0.33177441358566284,positive
0.3832007348537445,positive
0.3754715025424957,positive
0.40319421887397766,positive
0.4302341938018799,positive
0.41255059838294983,positive
0.39413249492645264,positive
0.38992929458618164,positive
0.38692864775657654,positive
0.41258129477500916,positive
0.3369123637676239,positive
0.41029122471809387,positive
0.4094729721546173,positive
0.3756406605243683,positive
0.41284501552581787,positive
0.35895082354545593,positive
2.397103786468506,positive
0.38657280802726746,positive
0.4267495274543762,positive
0.28375712037086487,positive
0.40721020102500916,positive
0.4152527451515198,positive
0.4186229407787323,positive
0.4078068733215332,positive
0.40278369188308716,positive
0.3870767652988434,positive
0.3588447868824005,positive
0.3274189531803131,positive
0.3861023783683777,positive
0.43450215458869934,positive
0.4113481938838959,positive
0.37224432826042175,positive
0.41010087728500366,positive
0.3714514672756195,positive
0.41629552841186523,positive
0.40008050203323364,positive
0.4462668001651764,positive
0.4149435758590698,positive
0.3948906362056732,positive
0.3940376043319702,positive
0.39991798996925354,positive
0.4189644455909729,positive
0.4173283278942108,positive
0.37649503350257874,positive
0.4176333546638489,positive
0.4052713215351105,positive
0.39150500297546387,positive
0.3765553832054138,positive
0.4036332070827484,positive
0.4469512403011322,positive
0.37198302149772644,positive
0.41711750626564026,positive
0.39763912558555603,positive
0.29401010274887085,positive
0.41322362422943115,positive
0.30607467889785767,positive
0.3750993609428406,positive
0.3888860046863556,positive
0.4124932587146759,positive
0.36975061893463135,positive
0.3860933482646942,positive
0.3883977234363556,positive
0.35799065232276917,positive
0.4175356924533844,positive
0.3982357680797577,positive
0.4024198055267334,positive
0.39192232489585876,positive
0.40866249799728394,positive
0.3624695837497711,positive
0.4087648093700409,positive
1.8622416257858276,positive
0.3804605305194855,positive
0.3991239666938782,positive
0.39620572328567505,positive
0.41807323694229126,positive
0.305275022983551,positive
0.4408876895904541,positive
0.42634639143943787,positive
0.3326513171195984,positive
0.4323286712169647,positive
0.3892240822315216,positive
0.38233616948127747,positive
0.3405553102493286,positive
0.4053983986377716,positive
0.42772021889686584,positive
0.34911224246025085,positive
0.3896450400352478,positive
0.3826448619365692,positive
0.44213244318962097,positive
0.39544904232025146,positive
0.40512987971305847,positive
0.3129155933856964,positive
0.35197052359580994,positive
0.38626304268836975,positive
0.40450048446655273,positive
0.410297155380249,positive
0.3846557140350342,positive
0.4227040112018585,positive
1.450950264930725,positive
0.4198691248893738,positive
0.4083807170391083,positive
0.4069719612598419,positive
0.4265390932559967,positive
0.404072642326355,positive
0.44762924313545227,positive
0.3881247043609619,positive
0.3812299966812134,positive
0.3785863518714905,positive
0.38876795768737793,positive
0.41481813788414,positive
0.40148383378982544,positive
0.41772568225860596,positive
0.4447605013847351,positive
0.4073835611343384,positive
0.4041447639465332,positive
0.412590354681015,positive
0.4019233286380768,positive
0.4687712788581848,positive
0.3917146623134613,positive
0.3926873803138733,positive
0.3913009464740753,positive
0.35174649953842163,positive
0.38982173800468445,positive
0.3594135642051697,positive
0.4018937945365906,positive
0.39981985092163086,positive
0.37312692403793335,positive
0.3513329327106476,positive
0.3659314811229706,positive
0.46705761551856995,positive
0.4142788350582123,positive
0.3551830053329468,positive
0.4131101071834564,positive
0.4102107882499695,positive
0.37562990188598633,positive
0.38530996441841125,positive
0.3869472146034241,positive
0.41302546858787537,positive
0.38302695751190186,positive
0.4518752694129944,positive
0.37490713596343994,positive
0.3792423903942108,positive
0.3993610143661499,positive
1.833776593208313,positive
0.37723052501678467,positive
0.36059778928756714,positive
0.374399870634079,positive
0.3519778847694397,positive
0.39797887206077576,positive
0.4130285680294037,positive
0.4078560173511505,positive
0.3906608819961548,positive
0.383141428232193,positive
0.4236605167388916,positive
0.36545389890670776,positive
0.3569493591785431,positive
0.38972988724708557,positive
0.4052031636238098,positive
0.31805136799812317,positive
0.3994978368282318,positive
0.37908491492271423,positive
0.4034169912338257,positive
0.3954952359199524,positive
0.3057278096675873,positive
0.4243612289428711,positive
0.416620671749115,positive
0.40178772807121277,positive
0.42359599471092224,positive
0.38547518849372864,positive
0.4255520701408386,positive
0.3645070791244507,positive
0.3429001271724701,positive
0.35175448656082153,positive
0.36969056725502014,positive
0.3209778368473053,positive
0.40535926818847656,positive
0.40334707498550415,positive
0.4114629924297333,positive
0.3776679039001465,positive
0.3941046893596649,positive
0.4210638403892517,positive
0.4117083251476288,positive
0.34044769406318665,positive
0.3849882483482361,positive
0.4178680181503296,positive
0.3716815412044525,positive
0.3868313133716583,positive
0.33930516242980957,positive
0.364301472902298,positive
0.37074777483940125,positive
0.4115633964538574,positive
0.42106878757476807,positive
0.34620198607444763,positive
0.4043515920639038,positive
0.3615036904811859,positive
0.3921428322792053,positive
0.4264656901359558,positive
0.37526676058769226,positive
0.3678995370864868,positive
0.340246319770813,positive
0.422525554895401,positive
0.3870992958545685,positive
1.8626768589019775,positive
0.3838319778442383,positive
0.43966203927993774,positive
0.31750577688217163,positive
0.36746180057525635,positive
0.4149632453918457,positive
0.40167802572250366,positive
0.3507809042930603,positive
0.39656198024749756,positive
0.3881654739379883,positive
0.3257574737071991,positive
0.3351805508136749,positive
0.42079946398735046,positive
0.38068827986717224,positive
0.4025384187698364,positive
0.40064892172813416,positive
0.3932541608810425,positive
0.4006611406803131,positive
0.4083651304244995,positive
0.3937298655509949,positive
0.3798137307167053,positive
0.41902995109558105,positive
0.3751089870929718,positive
0.4303825795650482,positive
0.4067142605781555,positive
0.36667323112487793,positive
0.42774105072021484,positive
0.3986927270889282,positive
0.3598765432834625,positive
0.38879016041755676,positive
0.4229185879230499,positive
0.3541203737258911,positive
0.3781760632991791,positive
0.34977707266807556,positive
0.4163688123226166,positive
0.3916095793247223,positive
0.4030100703239441,positive
0.4032120406627655,positive
1.558348298072815,positive
0.3979821801185608,positive
0.40968039631843567,positive
0.37214529514312744,positive
0.3726291358470917,positive
0.40096521377563477,positive
0.36727529764175415,positive
0.4175853431224823,positive
0.3634709417819977,positive
0.3707227408885956,positive
0.34634530544281006,positive
0.38923782110214233,positive
0.404099702835083,positive
0.4002324342727661,positive
0.3857894837856293,positive
0.4016112983226776,positive
0.42551475763320923,positive
0.38443708419799805,positive
0.4238220453262329,positive
0.4023135304450989,positive
0.38730308413505554,positive
0.38824230432510376,positive
0.40922150015830994,positive
0.36727502942085266,positive
0.39772114157676697,positive
0.368865042924881,positive
0.4067798852920532,positive
0.39009398221969604,positive
0.3905298411846161,positive
0.3313817083835602,positive
0.3923167586326599,positive
0.3639335036277771,positive
0.40485861897468567,positive
0.3713960349559784,positive
0.4124630093574524,positive
0.37773212790489197,positive
0.3887374997138977,positive
0.39812105894088745,positive
0.38274940848350525,positive
0.37739378213882446,positive
0.39644336700439453,positive
0.38776713609695435,positive
0.40229174494743347,positive
0.4127207100391388,positive
0.36039215326309204,positive
0.38058772683143616,positive
0.39037051796913147,positive
0.392283171415329,positive
0.44297516345977783,positive
0.4252498745918274,positive
0.42251598834991455,positive
0.4139682948589325,positive
0.4334615170955658,positive
1.720973253250122,positive
0.4202077090740204,positive
0.43472564220428467,positive
0.3805032968521118,positive
0.3839530348777771,positive
0.42356276512145996,positive
0.37692761421203613,positive
0.360649049282074,positive
0.39870765805244446,positive
0.42789605259895325,positive
0.3869958817958832,positive
0.3527121841907501,positive
0.36670035123825073,positive
0.4130704402923584,positive
0.4218147397041321,positive
0.4388289153575897,positive
0.348091185092926,positive
0.41513434052467346,positive
0.4121236801147461,positive
0.3858359754085541,positive
0.4052581489086151,positive
0.4144410490989685,positive
0.40018174052238464,positive
0.4181678891181946,positive
0.3510414958000183,positive
1.0822471380233765,positive
0.36509543657302856,positive
0.39601951837539673,positive
0.37979528307914734,positive
0.3873192071914673,positive
0.391126811504364,positive
0.379060834646225,positive
0.3734660744667053,positive
0.39707261323928833,positive
0.4111310541629791,positive
0.2872871458530426,positive
0.39307576417922974,positive
0.42572006583213806,positive
0.38833707571029663,positive
0.40200117230415344,positive
0.40871790051460266,positive
0.3878307044506073,positive
0.39189761877059937,positive
0.3632432520389557,positive
0.3863801658153534,positive
0.42612695693969727,positive
0.3393068313598633,positive
0.4180346727371216,positive
0.3482949137687683,positive
0.4176845848560333,positive
0.4326595067977905,positive
0.35801270604133606,positive
0.41042208671569824,positive
0.4318031370639801,positive
0.39334961771965027,positive
0.3824705183506012,positive
0.3875470757484436,positive
0.3732816278934479,positive
0.3930651843547821,positive
0.4089358150959015,positive
0.315513014793396,positive
0.4101920425891876,positive
0.31985244154930115,positive
0.40293431282043457,positive
0.4269604980945587,positive
0.4312132000923157,positive
0.33734235167503357,positive
0.36922207474708557,positive
0.2965819239616394,positive
0.41103628277778625,positive
0.40339845418930054,positive
0.39747557044029236,positive
0.35555005073547363,positive
0.3655800521373749,positive
0.39210090041160583,positive
0.3517622649669647,positive
0.3750101625919342,positive
0.4181616008281708,positive
0.3985012173652649,positive
0.4031130075454712,positive
0.39033642411231995,positive
0.3765410780906677,positive
0.3084818720817566,positive
0.4122784435749054,positive
0.4440982937812805,positive
0.4146951735019684,positive
0.8206124901771545,positive
0.4035481810569763,positive
0.37469831109046936,positive
0.3864259421825409,positive
0.3918646275997162,positive
0.3837839663028717,positive
0.4001275300979614,positive
0.4031839966773987,positive
0.38153722882270813,positive
0.4181070625782013,positive
0.41404062509536743,positive
0.42935118079185486,positive
0.39343613386154175,positive
0.3452942371368408,positive
0.3142080008983612,positive
0.37527406215667725,positive
0.37833070755004883,positive
0.3970297574996948,positive
0.4214036166667938,positive
0.32250484824180603,positive
0.3909166753292084,positive
0.35446426272392273,positive
0.4041076898574829,positive
0.3787962794303894,positive
0.37393489480018616,positive
0.3872646987438202,positive
0.4011338949203491,positive
0.40767017006874084,positive
0.3952096402645111,positive
0.40965333580970764,positive
0.40797537565231323,positive
0.37520933151245117,positive
0.3542535901069641,positive
0.404768168926239,positive
0.41083455085754395,positive
0.40790465474128723,positive
0.3900800049304962,positive
0.40027013421058655,positive
0.3659866750240326,positive
1.5438216924667358,positive
0.38602399826049805,positive
0.3941309452056885,positive
0.3646261692047119,positive
0.42745301127433777,positive
0.3324230909347534,positive
0.42024198174476624,positive
0.415312260389328,positive
0.4048369526863098,positive
0.4148794114589691,positive
0.3765861392021179,positive
0.39266538619995117,positive
0.4237903356552124,positive
0.38896000385284424,positive
0.39444130659103394,positive
0.392029345035553,positive
0.4001534581184387,positive
0.3862746059894562,positive
0.4303875267505646,positive
0.3718232214450836,positive
0.41292667388916016,positive
0.4137023687362671,positive
1.6806542873382568,positive
0.3447114825248718,positive
0.419021338224411,positive
0.3663913607597351,positive
0.4261275827884674,positive
0.3988674581050873,positive
1.5358492136001587,positive
0.362313449382782,positive
0.4118756353855133,positive
0.36409273743629456,positive
0.3311764597892761,positive
0.3853122591972351,positive
0.3261478841304779,positive
0.4127407670021057,positive
0.37711188197135925,positive
0.4122907519340515,positive
0.37273553013801575,positive
0.41134950518608093,positive
0.41685032844543457,positive
0.4047567844390869,positive
0.36814630031585693,positive
0.4058118462562561,positive
0.40875324606895447,positive
0.39464518427848816,positive
0.4027212858200073,positive
0.3998812139034271,positive
0.38557589054107666,positive
0.41396427154541016,positive
0.38555580377578735,positive
0.40362948179244995,positive
0.4031493067741394,positive
0.43580108880996704,positive
0.43606001138687134,positive
0.37604764103889465,positive
0.3980315029621124,positive
0.310513436794281,positive
0.378955215215683,positive
0.3961680829524994,positive
0.3895644545555115,positive
0.38908955454826355,positive
0.42138874530792236,positive
0.3213975131511688,positive
1.5705599784851074,positive
0.4000323712825775,positive
0.42946144938468933,positive
0.3869829475879669,positive
0.3855701982975006,positive
0.38850137591362,positive
0.44541966915130615,positive
0.41594862937927246,positive
0.4097173511981964,positive
0.471242219209671,positive
0.4181959927082062,positive
0.3867490589618683,positive
0.3937435746192932,positive
0.44916194677352905,positive
0.40436437726020813,positive
0.42669522762298584,positive
0.33514437079429626,positive
0.41136378049850464,positive
0.4083057940006256,positive
0.3526269793510437,positive
0.3754112422466278,positive
0.40875861048698425,positive
0.37548112869262695,positive
0.42511457204818726,positive
0.3716757893562317,positive
0.4235076308250427,positive
0.407865434885025,positive
0.27707338333129883,positive
0.421972393989563,positive
0.4064481258392334,positive
0.40357547998428345,positive
0.392400324344635,positive
0.42391347885131836,positive
0.4026123285293579,positive
0.31516537070274353,positive
0.4171938896179199,positive
0.510802149772644,positive
0.38177400827407837,positive
0.394231915473938,positive
1.9232187271118164,positive
0.3885699212551117,positive
0.39717772603034973,positive
1.96536386013031,positive
0.3856379985809326,positive
0.38919898867607117,positive
0.3460346460342407,positive
0.3678724765777588,positive
0.4048804044723511,positive
0.43293246626853943,positive
0.46066707372665405,positive
0.3693891167640686,positive
0.41945740580558777,positive
0.4046044647693634,positive
0.4465857744216919,positive
0.4091699719429016,positive
0.4030265808105469,positive
0.4146764576435089,positive
0.39701998233795166,positive
0.36551567912101746,positive
0.32423415780067444,positive
0.36709463596343994,positive
0.35728052258491516,positive
0.39061862230300903,positive
0.41017183661460876,positive
0.4598355293273926,positive
0.4186948537826538,positive
0.41243723034858704,positive
0.3920629322528839,positive
0.38178300857543945,positive
0.42460694909095764,positive
0.3350413739681244,positive
0.3787437081336975,positive
0.4224107563495636,positive
0.411990761756897,positive
0.3820241391658783,positive
0.38840293884277344,positive
0.4076087474822998,positive
0.3912394344806671,positive
0.3721694052219391,positive
0.4117867648601532,positive
0.3531656861305237,positive
0.4097194969654083,positive
0.3211762607097626,positive
0.3857514262199402,positive
0.3451398015022278,positive
0.40941014885902405,positive
0.39791029691696167,positive
0.4158969819545746,positive
0.4129387438297272,positive
0.4210246503353119,positive
0.3274434506893158,positive
0.4079177677631378,positive
0.43522533774375916,positive
0.3825018107891083,positive
0.42114686965942383,positive
0.39445409178733826,positive
0.38656485080718994,positive
0.4020489752292633,positive
0.42247825860977173,positive
0.3766177296638489,positive
0.40251287817955017,positive
0.3615555465221405,positive
0.3832603991031647,positive
0.41429275274276733,positive
0.3817999064922333,positive
0.42046043276786804,positive
0.3983020484447479,positive
0.39599302411079407,positive
0.381237268447876,positive
0.3772701025009155,positive
0.3815823197364807,positive
0.38398247957229614,positive
0.3613268733024597,positive
0.3916251063346863,positive
0.4452292323112488,positive
0.3658874034881592,positive
0.3942439556121826,positive
0.42231640219688416,positive
0.3903827667236328,positive
0.42124518752098083,positive
0.4209699332714081,positive
0.3792765140533447,positive
0.41879788041114807,positive
0.41840657591819763,positive
0.41962122917175293,positive
0.3710458278656006,positive
0.41586026549339294,positive
0.38878658413887024,positive
0.33829617500305176,positive
0.39882850646972656,positive
0.41005656123161316,positive
0.42190325260162354,positive
0.3994055986404419,positive
0.9818962812423706,positive
0.36903831362724304,positive
0.4127804934978485,positive
0.40516841411590576,positive
0.34482505917549133,positive
2.007314443588257,positive
0.3812369704246521,positive
0.3794672191143036,positive
0.39828288555145264,positive
0.3818877637386322,positive
0.41535449028015137,positive
0.3545640707015991,positive
0.3641410768032074,positive
0.40641504526138306,positive
0.3543137311935425,positive
0.3992287218570709,positive
0.3535848557949066,positive
0.37345370650291443,positive
0.3729594349861145,positive
0.3847629427909851,positive
0.40329572558403015,positive
0.3647654354572296,positive
0.39320820569992065,positive
0.40045052766799927,positive
0.3663012981414795,positive
0.4018033444881439,positive
0.43615055084228516,positive
0.39676186442375183,positive
0.3379218280315399,positive
0.40421900153160095,positive
0.3735363781452179,positive
0.3726043701171875,positive
0.4121168851852417,positive
0.4390159249305725,positive
0.4177792966365814,positive
0.38489627838134766,positive
0.33369436860084534,positive
0.35864195227622986,positive
0.383059561252594,positive
0.35757729411125183,positive
0.4079299569129944,positive
0.392401784658432,positive
0.38134825229644775,positive
0.4120817184448242,positive
0.3983877897262573,positive
0.3672330379486084,positive
0.3525279462337494,positive
0.39535030722618103,positive
0.39049088954925537,positive
0.3821992576122284,positive
0.38350945711135864,positive
0.380064457654953,positive
0.3819478452205658,positive
0.3699572682380676,positive
0.427991658449173,positive
0.39473357796669006,positive
0.3699747920036316,positive
0.3774929642677307,positive
0.40716761350631714,positive
0.3840578496456146,positive
0.3827694058418274,positive
0.40534186363220215,positive
0.32990893721580505,positive
0.8725980520248413,positive
0.3946584165096283,positive
0.37601006031036377,positive
0.37714678049087524,positive
0.47339972853660583,positive
0.34606823325157166,positive
0.36777570843696594,positive
0.43035203218460083,positive
0.3922773003578186,positive
0.40717798471450806,positive
1.7391839027404785,positive
0.38955819606781006,positive
0.39047297835350037,positive
0.42773526906967163,positive
0.42858996987342834,positive
0.38258349895477295,positive
0.3912479877471924,positive
0.4424085021018982,positive
0.3834771513938904,positive
0.4207082688808441,positive
0.37699341773986816,positive
0.39417150616645813,positive
0.40137428045272827,positive
0.3849923014640808,positive
0.4207468628883362,positive
0.41260042786598206,positive
0.3792538344860077,positive
0.393848180770874,positive
0.40234386920928955,positive
1.5873446464538574,positive
0.3929612338542938,positive
0.38139039278030396,positive
0.39094069600105286,positive
0.3865807354450226,positive
0.4195050895214081,positive
0.37787914276123047,positive
0.33221161365509033,positive
0.3636900782585144,positive
0.3791627585887909,positive
0.9821228384971619,positive
0.3767082989215851,positive
0.36570823192596436,positive
0.40320780873298645,positive
0.41959917545318604,positive
0.38064417243003845,positive
0.39296913146972656,positive
0.3707107603549957,positive
0.3461024761199951,positive
0.4127228558063507,positive
0.399825781583786,positive
0.4181358218193054,positive
0.4196319580078125,positive
0.4098069369792938,positive
0.41249534487724304,positive
0.391475111246109,positive
0.4055904448032379,positive
0.4361562132835388,positive
0.38321536779403687,positive
0.4323129951953888,positive
0.4099261462688446,positive
0.4944273829460144,positive
0.44179484248161316,positive
0.4066295027732849,positive
0.38864773511886597,positive
0.4128466546535492,positive
0.3918117582798004,positive
0.42177554965019226,positive
0.4306475520133972,positive
0.39351511001586914,positive
0.3886181116104126,positive
0.42124804854393005,positive
0.3829978406429291,positive
0.4106963872909546,positive
0.42500990629196167,positive
0.38724687695503235,positive
0.41958773136138916,positive
0.372534841299057,positive
0.39149028062820435,positive
0.398773193359375,positive
0.4046546220779419,positive
0.4369352161884308,positive
0.4321625530719757,positive
0.40592873096466064,positive
0.3985007107257843,positive
0.4265057146549225,positive
0.36610227823257446,positive
0.396831214427948,positive
0.38605695962905884,positive
0.44963884353637695,positive
0.3485153913497925,positive
0.35729342699050903,positive
0.37568312883377075,positive
0.3719102740287781,positive
0.3976334035396576,positive
0.3586841821670532,positive
0.404884397983551,positive
0.4072568118572235,positive
0.353598028421402,positive
0.3619898855686188,positive
0.3722122609615326,positive
0.3890147805213928,positive
0.38130679726600647,positive
0.38047468662261963,positive
0.37897390127182007,positive
0.4352548122406006,positive
0.33298811316490173,positive
0.4050677418708801,positive
0.36927828192710876,positive
0.41699057817459106,positive
0.3906131982803345,positive
0.35424286127090454,positive
0.36457210779190063,positive
0.35693439841270447,positive
0.41073906421661377,positive
2.27575421333313,positive
0.4189874231815338,positive
0.42601466178894043,positive
0.3960258662700653,positive
0.4019879400730133,positive
0.3561044931411743,positive
0.4487367570400238,positive
0.4127984941005707,positive
0.3911491930484772,positive
0.3832271993160248,positive
0.40614834427833557,positive
0.3566027879714966,positive
0.45241767168045044,positive
0.4302216172218323,positive
0.3282189965248108,positive
0.4143648147583008,positive
0.4027766287326813,positive
0.43263834714889526,positive
1.7668819427490234,positive
0.4195687770843506,positive
0.4314670264720917,positive
0.37725067138671875,positive
0.412736177444458,positive
0.36892351508140564,positive
0.36709803342819214,positive
0.43299397826194763,positive
0.4056035280227661,positive
0.39797285199165344,positive
0.38550105690956116,positive
0.3234825134277344,positive
0.33589500188827515,positive
0.41313785314559937,positive
0.421297162771225,positive
2.1423258781433105,positive
0.41319841146469116,positive
0.3578754663467407,positive
0.3861846625804901,positive
0.4396199584007263,positive
0.37677139043807983,positive
0.3979242146015167,positive
0.3965589702129364,positive
0.4238132834434509,positive
0.47678911685943604,positive
0.3903045654296875,positive
0.39943164587020874,positive
0.4205814003944397,positive
0.411915123462677,positive
0.3868533670902252,positive
0.4052565097808838,positive
0.3977164328098297,positive
0.4010884463787079,positive
0.4259917140007019,positive
0.38912415504455566,positive
0.40845996141433716,positive
0.3986951410770416,positive
0.37907153367996216,positive
0.41175317764282227,positive
0.4053414762020111,positive
0.4105537235736847,positive
0.39592915773391724,positive
0.41474205255508423,positive
0.3963141143321991,positive
0.36837038397789,positive
0.41476479172706604,positive
0.35980233550071716,positive
0.3664364814758301,positive
0.3520655632019043,positive
0.40524616837501526,positive
0.3928699195384979,positive
0.44684088230133057,positive
0.4343913495540619,positive
0.4286535084247589,positive
0.3738688826560974,positive
0.43192899227142334,positive
0.384467750787735,positive
1.9486137628555298,positive
0.4001089036464691,positive
0.356410950422287,positive
0.3396267890930176,positive
0.3892751932144165,positive
0.4018977880477905,positive
0.4425225257873535,positive
0.36342087388038635,positive
0.4039786458015442,positive
0.34573668241500854,positive
0.42377644777297974,positive
0.39989978075027466,positive
0.3942021131515503,positive
0.3876773416996002,positive
0.363334059715271,positive
0.40625905990600586,positive
0.3925017714500427,positive
0.39642858505249023,positive
0.40527546405792236,positive
0.3687058389186859,positive
0.38109174370765686,positive
0.4085323214530945,positive
0.3462041914463043,positive
0.42044898867607117,positive
1.543067216873169,positive
0.40124639868736267,positive
0.3475474417209625,positive
0.4024074971675873,positive
0.31968891620635986,positive
0.4198383390903473,positive
0.4059169888496399,positive
0.3893703818321228,positive
0.4091564118862152,positive
0.41768550872802734,positive
0.4293127954006195,positive
0.4553917646408081,positive
0.34190431237220764,positive
0.3520249128341675,positive
0.39282238483428955,positive
0.37956690788269043,positive
0.4335571527481079,positive
0.37441036105155945,positive
0.356314092874527,positive
0.37689924240112305,positive
0.35057333111763,positive
0.43387892842292786,positive
0.41410452127456665,positive
0.40685245394706726,positive
0.35594823956489563,positive
0.3554172217845917,positive
0.3960142731666565,positive
0.3936948776245117,positive
0.3947279155254364,positive
0.3971649408340454,positive
0.33920925855636597,positive
0.4133756756782532,positive
0.43269598484039307,positive
0.4124881625175476,positive
0.39226385951042175,positive
0.39313000440597534,positive
0.3499053120613098,positive
0.3789081871509552,positive
0.381618857383728,positive
1.9736394882202148,positive
0.40955787897109985,positive
0.35222935676574707,positive
0.4149385392665863,positive
0.3095584213733673,positive
0.39774268865585327,positive
0.39362144470214844,positive
0.37764686346054077,positive
0.42246100306510925,positive
0.41235342621803284,positive
0.3957480490207672,positive
0.37360045313835144,positive
0.3554421365261078,positive
0.41419219970703125,positive
0.40224167704582214,positive
0.3843228220939636,positive
0.39278489351272583,positive
0.4011539816856384,positive
0.42444881796836853,positive
0.3973930776119232,positive
0.40407899022102356,positive
0.4366163909435272,positive
0.41021203994750977,positive
0.39809364080429077,positive
0.380950927734375,positive
0.38635993003845215,positive
0.38921165466308594,positive
1.8978266716003418,positive
0.38845565915107727,positive
0.3934274911880493,positive
0.41101640462875366,positive
0.36795908212661743,positive
0.3829679489135742,positive
0.4375000596046448,positive
0.41298139095306396,positive
0.40875065326690674,positive
0.42584648728370667,positive
0.416965126991272,positive
0.3397063910961151,positive
0.4207092225551605,positive
0.3734672963619232,positive
0.4054582417011261,positive
0.3544142246246338,positive
0.4319942593574524,positive
0.4015887677669525,positive
0.4180966019630432,positive
0.4222795069217682,positive
0.39342236518859863,positive
0.3549226224422455,positive
0.39960816502571106,positive
0.39328503608703613,positive
0.3376179337501526,positive
0.41183435916900635,positive
0.40733498334884644,positive
0.3994508385658264,positive
0.3972533047199249,positive
0.40688905119895935,positive
0.4352794885635376,positive
0.39160481095314026,positive
0.4064091145992279,positive
0.39867785573005676,positive
0.4171506464481354,positive
0.3991744816303253,positive
0.4156379997730255,positive
0.4071319103240967,positive
0.4394870400428772,positive
0.34499719738960266,positive
0.39230188727378845,positive
0.39126041531562805,positive
0.3824300169944763,positive
0.4050915837287903,positive
0.4409971833229065,positive
0.3926028311252594,positive
0.3657505512237549,positive
0.409445583820343,positive
0.4339037835597992,positive
0.4077838361263275,positive
0.35851460695266724,positive
0.3680480420589447,positive
0.4021190404891968,positive
0.42291459441185,positive
0.3604649007320404,positive
0.35731714963912964,positive
0.41206419467926025,positive
0.38479146361351013,positive
0.38083407282829285,positive
0.43205466866493225,positive
0.42205238342285156,positive
0.37439048290252686,positive
0.4352334141731262,positive
0.40158969163894653,positive
0.405611127614975,positive
0.4024657607078552,positive
0.43350350856781006,positive
0.3687170147895813,positive
0.36203157901763916,positive
0.39223378896713257,positive
0.39743778109550476,positive
0.3793424963951111,positive
0.36903923749923706,positive
0.3939267694950104,positive
0.3961995840072632,positive
0.4183765947818756,positive
0.3709428906440735,positive
0.38038164377212524,positive
0.36769023537635803,positive
0.434431791305542,positive
0.39729949831962585,positive
0.433952659368515,positive
0.3916544020175934,positive
0.3833220899105072,positive
0.40965956449508667,positive
0.3834424316883087,positive
0.38142091035842896,positive
0.35351988673210144,positive
0.4017914831638336,positive
0.3627936840057373,positive
0.3475613594055176,positive
0.3329511284828186,positive
0.33245426416397095,positive
0.3811979293823242,positive
0.4022901952266693,positive
0.4239186942577362,positive
1.9084205627441406,positive
0.3939492106437683,positive
0.38505640625953674,positive
0.3945828974246979,positive
0.4032398462295532,positive
0.44510576128959656,positive
0.388877272605896,positive
0.40943098068237305,positive
0.3244481384754181,positive
0.4210749864578247,positive
0.3760626018047333,positive
0.36883288621902466,positive
0.40077823400497437,positive
0.4337773621082306,positive
0.39297959208488464,positive
0.4078410565853119,positive
0.3372150659561157,positive
0.37393099069595337,positive
0.40719151496887207,positive
0.368801474571228,positive
0.4127138555049896,positive
0.3878045380115509,positive
0.38552454113960266,positive
0.4140324890613556,positive
0.3702387809753418,positive
0.4117678701877594,positive
0.41086262464523315,positive
0.38822054862976074,positive
0.3919771611690521,positive
0.4028748571872711,positive
0.41591572761535645,positive
0.32431915402412415,positive
0.3223786950111389,positive
0.40402457118034363,positive
0.39014938473701477,positive
0.38883161544799805,positive
0.42209500074386597,positive
0.3790149986743927,positive
0.3826945126056671,positive
0.3952212631702423,positive
0.36953338980674744,positive
0.2948531210422516,positive
0.3975910544395447,positive
0.4571292996406555,positive
0.31881046295166016,positive
0.3863006830215454,positive
0.37843334674835205,positive
0.3582709729671478,positive
0.30674198269844055,positive
0.3794501721858978,positive
0.37029215693473816,positive
0.342846155166626,positive
0.40049290657043457,positive
1.6358211040496826,positive
0.39896607398986816,positive
0.3760474622249603,positive
0.3861986994743347,positive
0.39566856622695923,positive
0.38790228962898254,positive
0.35868239402770996,positive
0.40839502215385437,positive
0.4006580114364624,positive
0.40992799401283264,positive
0.4391411244869232,positive
0.3721936345100403,positive
0.37098798155784607,positive
0.3714660704135895,positive
0.39688336849212646,positive
0.4155633747577667,positive
0.38761040568351746,positive
0.3949533700942993,positive
0.43200215697288513,positive
0.41817107796669006,positive
0.3822559714317322,positive
0.4035758376121521,positive
0.3820714056491852,positive
0.3882547914981842,positive
0.37960654497146606,positive
0.3910577595233917,positive
0.34727901220321655,positive
0.4553999900817871,positive
0.42166122794151306,positive
0.4151981472969055,positive
0.40739572048187256,positive
0.399678498506546,positive
0.4091206192970276,positive
0.41092449426651,positive
0.39117687940597534,positive
0.36986544728279114,positive
0.3921990692615509,positive
0.30666443705558777,positive
0.3899970054626465,positive
0.3927210569381714,positive
0.3774009346961975,positive
0.38987627625465393,positive
0.39218074083328247,positive
0.3755549192428589,positive
0.40537986159324646,positive
0.3920699954032898,positive
0.42361152172088623,positive
0.3202548325061798,positive
0.37835949659347534,positive
0.3902164697647095,positive
0.3736422657966614,positive
0.36361828446388245,positive
0.42711398005485535,positive
0.41671109199523926,positive
0.3992593288421631,positive
1.9752693176269531,positive
0.3237694203853607,positive
0.3881172239780426,positive
0.3633987009525299,positive
0.35433295369148254,positive
0.4108920395374298,positive
0.4361349642276764,positive
0.2931992709636688,positive
0.3824576735496521,positive
0.3511706292629242,positive
0.4178406596183777,positive
0.38157492876052856,positive
0.3909255862236023,positive
0.4747307598590851,positive
0.371582567691803,positive
0.3973177671432495,positive
0.37580549716949463,positive
0.40219444036483765,positive
0.43785497546195984,positive
0.4100950062274933,positive
0.41909095644950867,positive
0.4122370183467865,positive
0.3787398934364319,positive
0.4278634488582611,positive
0.3844451904296875,positive
0.40353450179100037,positive
0.3800238370895386,positive
0.4468860924243927,positive
0.37842682003974915,positive
0.35733017325401306,positive
0.41615593433380127,positive
0.29302704334259033,positive
0.388245552778244,positive
0.4248538911342621,positive
0.44021356105804443,positive
0.37131956219673157,positive
0.394729346036911,positive
0.37765488028526306,positive
0.3945960998535156,positive
0.4039628803730011,positive
0.4279833137989044,positive
0.41440173983573914,positive
0.35461947321891785,positive
0.4208361506462097,positive
0.353925883769989,positive
0.34581851959228516,positive
0.4237256944179535,positive
0.36163726449012756,positive
0.38306987285614014,positive
0.39748966693878174,positive
0.41582831740379333,positive
0.4329446852207184,positive
0.3764731287956238,positive
0.43772757053375244,positive
0.42779624462127686,positive
0.4466054141521454,positive
0.40722566843032837,positive
0.3931998014450073,positive
0.40750133991241455,positive
0.3229254484176636,positive
0.43092080950737,positive
0.37111547589302063,positive
0.412619411945343,positive
0.43287014961242676,positive
0.3937823176383972,positive
0.42640042304992676,positive
0.3345385491847992,positive
0.43175801634788513,positive
0.370643675327301,positive
0.36634740233421326,positive
0.4019455015659332,positive
0.3934658467769623,positive
0.3676047623157501,positive
0.3729671537876129,positive
0.42341336607933044,positive
0.39236563444137573,positive
0.3890741765499115,positive
0.40613603591918945,positive
0.384842187166214,positive
0.38181567192077637,positive
2.0834031105041504,positive
0.400077223777771,positive
0.4012221693992615,positive
0.37956875562667847,positive
0.3912530541419983,positive
0.4512298107147217,positive
0.4765467047691345,positive
0.4137345850467682,positive
0.3940020799636841,positive
0.4061001241207123,positive
0.4055013060569763,positive
0.4121626913547516,positive
0.38692203164100647,positive
0.40778788924217224,positive
0.451394259929657,positive
0.38552233576774597,positive
0.36855706572532654,positive
0.35917437076568604,positive
0.33864742517471313,positive
0.3688247799873352,positive
0.4488355815410614,positive
0.40705782175064087,positive
0.4167075753211975,positive
0.4194508492946625,positive
0.4214130938053131,positive
0.36866921186447144,positive
0.414874792098999,positive
0.4139974117279053,positive
0.38512539863586426,positive
0.32617807388305664,positive
0.40220028162002563,positive
0.41456204652786255,positive
0.4016885459423065,positive
0.3776857852935791,positive
0.4332945942878723,positive
0.375264436006546,positive
0.3478839099407196,positive
0.4196890592575073,positive
0.41303157806396484,positive
0.3788508474826813,positive
0.4304646849632263,positive
0.39609259366989136,positive
1.7196640968322754,positive
0.4016515016555786,positive
0.40409255027770996,positive
0.3770679533481598,positive
0.36069953441619873,positive
0.3444094955921173,positive
0.3963012993335724,positive
0.4349377453327179,positive
0.39252930879592896,positive
0.4674307405948639,positive
0.40310558676719666,positive
0.37041494250297546,positive
0.39068907499313354,positive
0.38989365100860596,positive
0.4370507001876831,positive
0.3755810260772705,positive
0.4037784934043884,positive
0.39058974385261536,positive
0.42199212312698364,positive
0.41289258003234863,positive
0.30333685874938965,positive
0.39364346861839294,positive
0.36228513717651367,positive
0.40965521335601807,positive
0.38238459825515747,positive
0.3339342772960663,positive
0.4037375748157501,positive
0.429432213306427,positive
0.36674872040748596,positive
0.4536035358905792,positive
0.4303739368915558,positive
0.36144930124282837,positive
0.40360939502716064,positive
0.4141947329044342,positive
0.4127921760082245,positive
0.37693262100219727,positive
0.3112490177154541,positive
0.34372031688690186,positive
0.4023776948451996,positive
0.38129574060440063,positive
0.39107757806777954,positive
0.4259820282459259,positive
0.39271101355552673,positive
0.34044504165649414,positive
0.39461174607276917,positive
0.3700656592845917,positive
0.40148723125457764,positive
0.3814598321914673,positive
0.41825583577156067,positive
0.4260832667350769,positive
0.421930730342865,positive
0.35708069801330566,positive
0.42941340804100037,positive
0.3908642828464508,positive
0.3736030161380768,positive
0.3878129720687866,positive
0.4347393214702606,positive
0.41419482231140137,positive
0.3318282961845398,positive
0.4196915030479431,positive
0.37027090787887573,positive
0.3697644770145416,positive
0.3670876920223236,positive
0.3986220359802246,positive
0.3877198398113251,positive
0.37670475244522095,positive
0.42790865898132324,positive
0.39314499497413635,positive
0.39085444808006287,positive
0.3829798400402069,positive
0.41024723649024963,positive
0.3985285758972168,positive
0.37117302417755127,positive
0.4204955995082855,positive
0.4304918348789215,positive
0.380986750125885,positive
0.41115403175354004,positive
0.3929254412651062,positive
0.3777344822883606,positive
1.5109094381332397,positive
0.43653494119644165,positive
0.41926124691963196,positive
0.38539057970046997,positive
0.3273152709007263,positive
0.3968031406402588,positive
0.39455097913742065,positive
0.370715469121933,positive
0.40068039298057556,positive
1.9380793571472168,positive
0.44363659620285034,positive
0.37305429577827454,positive
0.3733389973640442,positive
0.30481159687042236,positive
0.34374570846557617,positive
0.4126991331577301,positive
0.6750329732894897,positive
0.37741607427597046,positive
0.4910697937011719,positive
0.38151422142982483,positive
0.3317527174949646,positive
0.4183025360107422,positive
0.3735397160053253,positive
0.3296124339103699,positive
0.41415923833847046,positive
0.4038098454475403,positive
0.34146931767463684,positive
0.41272401809692383,positive
0.4069133400917053,positive
0.4108290672302246,positive
0.34494197368621826,positive
0.4170433580875397,positive
0.3391598165035248,positive
0.41576626896858215,positive
0.3805464506149292,positive
0.39163804054260254,positive
0.39812353253364563,positive
0.40874913334846497,positive
0.38936880230903625,positive
0.408542662858963,positive
0.41516003012657166,positive
0.41689541935920715,positive
1.8784557580947876,positive
0.40404632687568665,positive
0.3601725101470947,positive
0.38133668899536133,positive
0.3930865228176117,positive
0.37401825189590454,positive
0.4030539393424988,positive
0.3842703104019165,positive
0.4147969186306,positive
0.3497595489025116,positive
0.41078123450279236,positive
0.4129791557788849,positive
0.39357662200927734,positive
0.42242860794067383,positive
0.41449975967407227,positive
0.336341917514801,positive
0.3537200093269348,positive
2.345313787460327,positive
0.3969482481479645,positive
0.4383445978164673,positive
0.3591751456260681,positive
0.422940731048584,positive
0.38003385066986084,positive
1.5790421962738037,positive
0.4651201665401459,positive
0.35575249791145325,positive
0.41850295662879944,positive
0.39833882451057434,positive
0.376295268535614,positive
0.3998023271560669,positive
0.4134957492351532,positive
0.4287049174308777,positive
1.4786016941070557,positive
0.4189130365848541,positive
0.3752914369106293,positive
0.389392614364624,positive
0.41989216208457947,positive
0.3841465711593628,positive
0.3244379758834839,positive
0.4049016237258911,positive
0.44188982248306274,positive
0.4031020700931549,positive
0.4242739677429199,positive
0.39814361929893494,positive
0.4861654043197632,positive
0.35278961062431335,positive
0.35976481437683105,positive
0.3754431903362274,positive
0.3550556004047394,positive
0.34234046936035156,positive
0.39365458488464355,positive
0.3941211402416229,positive
0.3888208568096161,positive
0.3593233823776245,positive
0.4216994643211365,positive
0.40123313665390015,positive
0.3973879814147949,positive
0.423493891954422,positive
0.42788395285606384,positive
0.39574265480041504,positive
0.3634902238845825,positive
0.37134620547294617,positive
0.4112703800201416,positive
0.39203548431396484,positive
0.3827771246433258,positive
0.3726233243942261,positive
0.45706138014793396,positive
0.396117240190506,positive
0.41946732997894287,positive
0.4171721339225769,positive
0.3873923122882843,positive
0.42379796504974365,positive
0.41940951347351074,positive
0.42847952246665955,positive
0.41231629252433777,positive
0.42185837030410767,positive
0.39302247762680054,positive
0.44189584255218506,positive
0.3395529091358185,positive
0.40193700790405273,positive
0.4116288423538208,positive
0.4431615173816681,positive
0.42583730816841125,positive
0.39537695050239563,positive
0.4001689851284027,positive
0.4119337201118469,positive
0.3577716648578644,positive
0.4397521913051605,positive
0.38433048129081726,positive
0.4199325442314148,positive
0.377730131149292,positive
0.36719247698783875,positive
0.38284146785736084,positive
0.4219858646392822,positive
0.38576221466064453,positive
0.382485955953598,positive
0.40786492824554443,positive
0.3843696713447571,positive
0.4261573851108551,positive
0.2882869839668274,positive
0.3305836319923401,positive
0.3506236672401428,positive
0.39640772342681885,positive
0.3742227852344513,positive
0.2953347861766815,positive
0.3768959939479828,positive
0.40214964747428894,positive
0.40033480525016785,positive
0.39548003673553467,positive
0.39858993887901306,positive
0.41507306694984436,positive
0.3918735682964325,positive
0.407033234834671,positive
0.39179348945617676,positive
0.4015813171863556,positive
0.3759945034980774,positive
0.41792187094688416,positive
2.4133121967315674,positive
0.4165431559085846,positive
0.4005576968193054,positive
0.3666478097438812,positive
0.35344111919403076,positive
0.30020782351493835,positive
0.40948721766471863,positive
0.3884449303150177,positive
0.3504411280155182,positive
0.40339866280555725,positive
0.3803365230560303,positive
0.34758737683296204,positive
0.3972373604774475,positive
0.36805129051208496,positive
0.3598550260066986,positive
0.3951931595802307,positive
0.38098976016044617,positive
0.38951829075813293,positive
0.3865290880203247,positive
0.4126913547515869,positive
0.3862679600715637,positive
0.39573439955711365,positive
0.3990943133831024,positive
0.45609351992607117,positive
0.4221152365207672,positive
0.3668409585952759,positive
0.38338837027549744,positive
0.35700154304504395,positive
0.39510273933410645,positive
0.3670791685581207,positive
0.3904041051864624,positive
0.37973159551620483,positive
0.406364768743515,positive
0.40175163745880127,positive
0.43292155861854553,positive
0.39199671149253845,positive
0.45101743936538696,positive
0.4154394268989563,positive
0.3937355875968933,positive
0.38553211092948914,positive
0.366588294506073,positive
0.38985762000083923,positive
0.4824290871620178,positive
0.3537663221359253,positive
0.3771236538887024,positive
2.0885117053985596,positive
0.3655322194099426,positive
0.4096084237098694,positive
0.3178327679634094,positive
0.3927122950553894,positive
0.40810057520866394,positive
0.3794093132019043,positive
0.3691455125808716,positive
0.38639840483665466,positive
0.35209155082702637,positive
0.3834136724472046,positive
0.45524585247039795,positive
0.3968052864074707,positive
0.4123842716217041,positive
0.42783525586128235,positive
0.4116899073123932,positive
0.4442446827888489,positive
0.4184834361076355,positive
0.37541529536247253,positive
0.4182676076889038,positive
0.4123988151550293,positive
0.3930894434452057,positive
0.40878427028656006,positive
0.42023617029190063,positive
0.3778838813304901,positive
0.4043101370334625,positive
0.3864578604698181,positive
0.3594015836715698,positive
0.38915959000587463,positive
0.3970818519592285,positive
0.3755258023738861,positive
0.3261735439300537,positive
0.38892218470573425,positive
0.37324464321136475,positive
0.3985072374343872,positive
0.4124659299850464,positive
0.29176732897758484,positive
0.42322829365730286,positive
0.43003758788108826,positive
0.39269617199897766,positive
0.35350364446640015,positive
0.36898815631866455,positive
0.3610022962093353,positive
1.6751515865325928,positive
0.42200616002082825,positive
0.39359837770462036,positive
0.3625580370426178,positive
0.40399283170700073,positive
0.35152432322502136,positive
0.4010997414588928,positive
0.384168803691864,positive
0.41343122720718384,positive
0.4071648120880127,positive
0.3198263645172119,positive
0.3841530680656433,positive
0.30784130096435547,positive
0.3937327563762665,positive
0.35228607058525085,positive
0.40924227237701416,positive
0.3897603154182434,positive
0.37886103987693787,positive
0.39191463589668274,positive
0.3768945336341858,positive
0.37622568011283875,positive
0.3723720908164978,positive
0.36046379804611206,positive
0.40805694460868835,positive
0.3974398076534271,positive
0.4015742242336273,positive
0.40682902932167053,positive
0.39133888483047485,positive
0.3730980157852173,positive
0.4286852777004242,positive
0.38311490416526794,positive
0.38573014736175537,positive
0.37954267859458923,positive
0.4032519459724426,positive
0.33247464895248413,positive
0.37584173679351807,positive
0.45488646626472473,positive
0.424552857875824,positive
0.4275503158569336,positive
0.35872361063957214,positive
0.39356887340545654,positive
0.4431650936603546,positive
0.4145939350128174,positive
0.401939332485199,positive
0.38323283195495605,positive
0.37172719836235046,positive
0.39206987619400024,positive
0.40480688214302063,positive
0.36642542481422424,positive
0.3419530689716339,positive
0.42513418197631836,positive
0.42292898893356323,positive
0.4051487147808075,positive
0.42418989539146423,positive
0.3707919120788574,positive
0.3922134041786194,positive
0.40648749470710754,positive
0.40863466262817383,positive
0.4731331765651703,positive
0.46144312620162964,positive
0.4088847041130066,positive
0.39472901821136475,positive
0.4027448296546936,positive
0.40135878324508667,positive
0.4141269028186798,positive
0.4289650619029999,positive
0.41565367579460144,positive
0.3960779905319214,positive
0.3800382912158966,positive
0.3573635518550873,positive
0.41728201508522034,positive
0.39151421189308167,positive
0.3745049834251404,positive
0.4046972990036011,positive
0.40149226784706116,positive
0.3781314790248871,positive
0.31398239731788635,positive
0.3142347037792206,positive
0.38913673162460327,positive
0.3882744312286377,positive
0.3903810381889343,positive
0.39130687713623047,positive
0.38330787420272827,positive
0.42180630564689636,positive
0.3549911677837372,positive
0.3436102271080017,positive
0.357873797416687,positive
0.43917110562324524,positive
0.3978676199913025,positive
0.39707711338996887,positive
0.41444188356399536,positive
0.4197755753993988,positive
0.42233750224113464,positive
0.4057741165161133,positive
0.3343152701854706,positive
0.42695578932762146,positive
0.3539610803127289,positive
0.3646799325942993,positive
0.42423945665359497,positive
0.38327673077583313,positive
0.3969838321208954,positive
0.41936320066452026,positive
0.37270912528038025,positive
0.4678635895252228,positive
0.419575959444046,positive
0.3873636722564697,positive
0.3966662585735321,positive
0.42687684297561646,positive
0.3777841329574585,positive
0.39931195974349976,positive
0.3783166706562042,positive
0.4426686763763428,positive
0.43694326281547546,positive
0.3828020393848419,positive
0.4475248456001282,positive
0.41392573714256287,positive
0.41165146231651306,positive
0.3420794904232025,positive
0.38756421208381653,positive
0.41327032446861267,positive
0.3543856739997864,positive
0.37332090735435486,positive
0.38389497995376587,positive
0.3523523807525635,positive
0.4238121211528778,positive
0.4215850830078125,positive
0.40039291977882385,positive
0.40917882323265076,positive
0.3821026682853699,positive
0.3788405954837799,positive
0.3777191936969757,positive
0.3612858057022095,positive
0.3903294801712036,positive
0.3651306629180908,positive
0.43620622158050537,positive
0.41104066371917725,positive
0.4029219448566437,positive
0.4391363561153412,positive
0.40276047587394714,positive
0.3990914523601532,positive
0.46181520819664,positive
0.3854731619358063,positive
0.3875053822994232,positive
0.41486504673957825,positive
0.43256258964538574,positive
0.351854532957077,positive
0.41193562746047974,positive
0.3972446620464325,positive
0.3434528708457947,positive
0.4569370150566101,positive
0.42238831520080566,positive
0.3921559154987335,positive
0.3983817398548126,positive
0.39461037516593933,positive
0.31188201904296875,positive
0.43321579694747925,positive
0.36893901228904724,positive
0.4383331537246704,positive
0.4097497761249542,positive
0.43992558121681213,positive
0.37677001953125,positive
0.3855540156364441,positive
0.36062002182006836,positive
0.3910955786705017,positive
0.40341100096702576,positive
0.4004342555999756,positive
0.3674379587173462,positive
0.42419570684432983,positive
0.3765192925930023,positive
0.41887223720550537,positive
0.39297518134117126,positive
0.4049004912376404,positive
0.42087307572364807,positive
0.38938263058662415,positive
0.41216129064559937,positive
0.36586204171180725,positive
0.3961763381958008,positive
0.3812739849090576,positive
0.3612273931503296,positive
0.4135868549346924,positive
0.40825527906417847,positive
0.3287034034729004,positive
0.3878549337387085,positive
0.408690869808197,positive
0.42811888456344604,positive
0.3966425955295563,positive
0.40598008036613464,positive
0.43108752369880676,positive
0.41039812564849854,positive
0.388034462928772,positive
0.401908814907074,positive
0.4129834473133087,positive
0.4150828719139099,positive
0.4026886224746704,positive
0.4092426300048828,positive
0.39459511637687683,positive
0.4241633415222168,positive
0.4169253706932068,positive
0.41146957874298096,positive
0.36178454756736755,positive
0.4199048578739166,positive
0.40743428468704224,positive
0.406533807516098,positive
0.43971768021583557,positive
0.3762747049331665,positive
0.39165207743644714,positive
0.37811729311943054,positive
1.3730300664901733,positive
0.38659271597862244,positive
0.39495187997817993,positive
0.3659965991973877,positive
0.3957778215408325,positive
0.4007384777069092,positive
0.38241103291511536,positive
0.3912461996078491,positive
0.41256529092788696,positive
0.3905491828918457,positive
0.37296339869499207,positive
0.3976633846759796,positive
0.37802281975746155,positive
0.40831083059310913,positive
0.40049052238464355,positive
0.37066566944122314,positive
0.42321133613586426,positive
0.3162570893764496,positive
0.4212775230407715,positive
0.3519192337989807,positive
0.37558630108833313,positive
0.3743008077144623,positive
0.38915225863456726,positive
0.3987473249435425,positive
0.41204163432121277,positive
2.0511813163757324,positive
0.3892083466053009,positive
0.3786497414112091,positive
0.4252623915672302,positive
0.36317339539527893,positive
0.38318952918052673,positive
0.4108128249645233,positive
0.4147017300128937,positive
0.347404807806015,positive
0.36738666892051697,positive
0.4092165231704712,positive
0.3983464241027832,positive
0.39788538217544556,positive
0.39707842469215393,positive
0.36157822608947754,positive
0.4260067343711853,positive
0.3922695219516754,positive
0.37118345499038696,positive
0.33380529284477234,positive
0.4439693093299866,positive
0.4238205552101135,positive
0.38667893409729004,positive
0.2806473672389984,positive
0.3876837491989136,positive
0.3818659484386444,positive
0.3168700039386749,positive
0.4097718298435211,positive
0.41120779514312744,positive
0.36228400468826294,positive
0.3645872473716736,positive
0.32552990317344666,positive
0.3804383873939514,positive
0.37884941697120667,positive
0.3989981412887573,positive
0.42694541811943054,positive
0.3877422511577606,positive
0.38216379284858704,positive
0.44435954093933105,positive
0.42899268865585327,positive
0.37269020080566406,positive
0.36739015579223633,positive
0.37755438685417175,positive
0.3641108572483063,positive
0.40281349420547485,positive
0.4225657284259796,positive
0.4020228683948517,positive
0.354439377784729,positive
0.4362800121307373,positive
0.3793320655822754,positive
0.4168494641780853,positive
0.3892923593521118,positive
0.3834454119205475,positive
0.40440037846565247,positive
1.1760538816452026,positive
0.43040579557418823,positive
0.3930911123752594,positive
0.400103360414505,positive
0.37673962116241455,positive
0.3381121754646301,positive
0.38563743233680725,positive
0.3903738856315613,positive
0.4474946856498718,positive
0.36734747886657715,positive
0.36613786220550537,positive
1.411515474319458,positive
0.39317914843559265,positive
0.42651939392089844,positive
0.4254586696624756,positive
0.35496261715888977,positive
0.3885408341884613,positive
0.3949134647846222,positive
0.3877108097076416,positive
0.42218419909477234,positive
0.36490291357040405,positive
0.4103366732597351,positive
0.3125571012496948,positive
0.4161454439163208,positive
0.4040767550468445,positive
0.37425124645233154,positive
0.3694611191749573,positive
0.35740023851394653,positive
0.39429277181625366,positive
0.37417367100715637,positive
0.38474154472351074,positive
0.38943958282470703,positive
0.3604458272457123,positive
0.41641777753829956,positive
0.3458712100982666,positive
0.33699503540992737,positive
0.3602873980998993,positive
0.38640671968460083,positive
0.3690865635871887,positive
0.37963345646858215,positive
0.29684337973594666,positive
0.35482630133628845,positive
0.379766583442688,positive
0.41123369336128235,positive
0.36212098598480225,positive
0.3499045968055725,positive
0.44621941447257996,positive
0.35845789313316345,positive
0.40548402070999146,positive
0.36799365282058716,positive
0.37426435947418213,positive
0.39843621850013733,positive
0.38003167510032654,positive
0.5076904296875,positive
0.432176411151886,positive
0.3414149284362793,positive
0.37782809138298035,positive
0.3698394298553467,positive
0.3805013597011566,positive
0.3824809789657593,positive
0.3741222321987152,positive
0.4080400764942169,positive
0.41094711422920227,positive
0.4012109041213989,positive
0.37050414085388184,positive
0.39371585845947266,positive
0.3677586615085602,positive
0.42722761631011963,positive
0.35634011030197144,positive
0.4119506776332855,positive
0.43658286333084106,positive
0.4279326796531677,positive
0.4160658121109009,positive
0.40785765647888184,positive
0.381098210811615,positive
0.4444408118724823,positive
0.3980370759963989,positive
0.41011038422584534,positive
0.3965089023113251,positive
0.3897145688533783,positive
0.3883552551269531,positive
0.41877949237823486,positive
0.38352057337760925,positive
0.3812068700790405,positive
0.41489022970199585,positive
0.4233807325363159,positive
0.37118685245513916,positive
0.4083811640739441,positive
0.40695032477378845,positive
0.3372964560985565,positive
0.4244348704814911,positive
0.34280693531036377,positive
0.39617660641670227,positive
0.4015810489654541,positive
1.9347517490386963,positive
0.39029937982559204,positive
0.417565256357193,positive
0.3847712278366089,positive
0.36607053875923157,positive
0.39502865076065063,positive
0.3913711905479431,positive
0.40766003727912903,positive
0.40873655676841736,positive
0.38166919350624084,positive
0.409677118062973,positive
0.41660213470458984,positive
0.404073029756546,positive
0.3599315583705902,positive
0.4109500050544739,positive
0.4032447934150696,positive
0.386492520570755,positive
0.4143805205821991,positive
0.4025357961654663,positive
1.9315061569213867,positive
0.38699883222579956,positive
0.3512420654296875,positive
0.41350555419921875,positive
0.3643069267272949,positive
0.42018839716911316,positive
0.3420625627040863,positive
0.4050437808036804,positive
0.37837448716163635,positive
0.3776969909667969,positive
0.4119454026222229,positive
0.4281459450721741,positive
0.4204488694667816,positive
0.3850976228713989,positive
0.39530929923057556,positive
0.43202608823776245,positive
0.3796338438987732,positive
0.3918434977531433,positive
0.41295570135116577,positive
0.4063723385334015,positive
0.3776080012321472,positive
0.3743775188922882,positive
0.4007178843021393,positive
0.390168696641922,positive
0.38364824652671814,positive
0.38451895117759705,positive
0.432602196931839,positive
0.40603846311569214,positive
0.4177461564540863,positive
0.37025952339172363,positive
0.42925122380256653,positive
2.133702516555786,positive
0.39244088530540466,positive
0.4196969270706177,positive
0.3934485912322998,positive
0.38363203406333923,positive
0.40447428822517395,positive
0.38185054063796997,positive
0.3335838317871094,positive
0.3605952858924866,positive
0.3891569674015045,positive
0.3104842007160187,positive
0.4256209433078766,positive
0.39214470982551575,positive
0.3952215015888214,positive
1.8791931867599487,positive
0.38789984583854675,positive
0.39056551456451416,positive
0.36230453848838806,positive
0.38861310482025146,positive
2.0616023540496826,positive
0.36711153388023376,positive
0.40302804112434387,positive
0.4078190326690674,positive
0.3625987768173218,positive
0.3746147155761719,positive
0.4101998209953308,positive
0.34737643599510193,positive
0.41243308782577515,positive
0.4157121777534485,positive
0.3822644352912903,positive
0.38828331232070923,positive
0.42664089798927307,positive
0.3961517810821533,positive
0.4120402932167053,positive
0.41386085748672485,positive
0.38069948554039,positive
0.4503767192363739,positive
0.4106217324733734,positive
0.39434754848480225,positive
0.3588656187057495,positive
0.40079545974731445,positive
0.3784683346748352,positive
0.3827085494995117,positive
0.4160526990890503,positive
0.40767228603363037,positive
0.4221630394458771,positive
0.4188927114009857,positive
0.3929424583911896,positive
0.4009227156639099,positive
0.4482700228691101,positive
0.315583199262619,positive
0.41100600361824036,positive
0.38856714963912964,positive
0.3916485607624054,positive
0.38047316670417786,positive
0.332806259393692,positive
0.40216726064682007,positive
0.40481242537498474,positive
0.4149782657623291,positive
0.40040794014930725,positive
0.40018340945243835,positive
0.39236828684806824,positive
0.41711682081222534,positive
0.38534119725227356,positive
0.41141900420188904,positive
0.42121386528015137,positive
0.35017332434654236,positive
0.39274704456329346,positive
0.4154535233974457,positive
0.38048553466796875,positive
0.39218926429748535,positive
0.3427819609642029,positive
0.4168159067630768,positive
0.4431733787059784,positive
0.35744673013687134,positive
0.34485045075416565,positive
0.3923517167568207,positive
0.3874010443687439,positive
0.4148300290107727,positive
0.40323156118392944,positive
2.0345215797424316,positive
0.38964319229125977,positive
0.38818901777267456,positive
0.3586331903934479,positive
0.4233552813529968,positive
0.39735937118530273,positive
0.3173924684524536,positive
0.38566482067108154,positive
0.4151601195335388,positive
0.374717116355896,positive
0.4143848121166229,positive
0.4038660228252411,positive
1.7445759773254395,positive
0.428941935300827,positive
0.3978497385978699,positive
1.9444143772125244,positive
0.41319090127944946,positive
0.3994433581829071,positive
0.40251508355140686,positive
0.35016629099845886,positive
0.3881238102912903,positive
0.38475435972213745,positive
0.4051511883735657,positive
0.387586385011673,positive
0.4030629098415375,positive
0.36210352182388306,positive
0.3923420310020447,positive
0.39590004086494446,positive
0.40172091126441956,positive
0.3916154205799103,positive
0.35977113246917725,positive
0.41168078780174255,positive
0.40437278151512146,positive
0.3817955553531647,positive
0.30357804894447327,positive
0.41113874316215515,positive
0.42149367928504944,positive
0.4262675940990448,positive
0.34799230098724365,positive
0.3836708664894104,positive
0.31365346908569336,positive
0.3833533525466919,positive
0.37969616055488586,positive
0.42162826657295227,positive
0.3665151596069336,positive
0.3936383128166199,positive
0.34512025117874146,positive
0.43602073192596436,positive
0.37563127279281616,positive
0.414700984954834,positive
0.3660034239292145,positive
0.3592168986797333,positive
0.43110349774360657,positive
0.3459273874759674,positive
0.39760923385620117,positive
0.3693506419658661,positive
0.4069691002368927,positive
0.36496421694755554,positive
0.3941754698753357,positive
0.29750651121139526,positive
0.38157710433006287,positive
0.350143164396286,positive
0.43581560254096985,positive
0.45743563771247864,positive
0.3980466425418854,positive
0.3803986608982086,positive
0.3487662076950073,positive
0.3958129584789276,positive
0.36987563967704773,positive
0.41943231225013733,positive
0.42571723461151123,positive
0.39218464493751526,positive
0.499591588973999,positive
0.3580775856971741,positive
1.8530616760253906,positive
0.3779395818710327,positive
0.42389529943466187,positive
0.37399694323539734,positive
0.4340796172618866,positive
0.4031669497489929,positive
0.4581150412559509,positive
0.42715251445770264,positive
0.4240105152130127,positive
0.3858778774738312,positive
0.520423412322998,positive
0.4282771348953247,positive
0.3465036153793335,positive
0.39177659153938293,positive
0.387234091758728,positive
0.3981575071811676,positive
0.3221338391304016,positive
0.394366055727005,positive
0.42789146304130554,positive
0.3454570770263672,positive
0.40626952052116394,positive
0.3910379409790039,positive
0.3643794059753418,positive
0.41271504759788513,positive
0.3414952754974365,positive
0.3688840866088867,positive
0.4285888075828552,positive
0.36645957827568054,positive
1.754797339439392,positive
0.36344343423843384,positive
0.3903683125972748,positive
0.3798542618751526,positive
0.3698338568210602,positive
0.44928547739982605,positive
0.39603567123413086,positive
0.3359473943710327,positive
0.4340199828147888,positive
0.4442764222621918,positive
0.3667756915092468,positive
0.40584346652030945,positive
0.3813556432723999,positive
0.3901755213737488,positive
0.4352662265300751,positive
0.39893612265586853,positive
0.40796253085136414,positive
0.4120415151119232,positive
0.42614591121673584,positive
0.39273324608802795,positive
0.38238704204559326,positive
0.42088210582733154,positive
0.3964569866657257,positive
0.37148237228393555,positive
0.3888627588748932,positive
0.4001827836036682,positive
0.3928493559360504,positive
0.41603368520736694,positive
0.4614037573337555,positive
0.40853843092918396,positive
0.3749501705169678,positive
0.37019720673561096,positive
0.42925792932510376,positive
0.3469288647174835,positive
0.39132675528526306,positive
0.4014541804790497,positive
0.3984730839729309,positive
0.3796956539154053,positive
0.3952064514160156,positive
0.3806266188621521,positive
1.7275769710540771,positive
0.4091622531414032,positive
0.40606120228767395,positive
0.4250030517578125,positive
0.41825157403945923,positive
0.36951103806495667,positive
0.41393032670021057,positive
0.40013188123703003,positive
0.4060608744621277,positive
0.3752072751522064,positive
0.3879954218864441,positive
0.41802000999450684,positive
0.3770517110824585,positive
0.39628857374191284,positive
0.3945586681365967,positive
0.3119376599788666,positive
0.4056810736656189,positive
0.38016292452812195,positive
0.3352472484111786,positive
0.40174514055252075,positive
0.4511599838733673,positive
0.42690858244895935,positive
0.3092789351940155,positive
0.33173465728759766,positive
0.44013503193855286,positive
0.3920062184333801,positive
0.3670394718647003,positive
0.44143083691596985,positive
0.39890798926353455,positive
0.43907657265663147,positive
0.36862730979919434,positive
0.3935575485229492,positive
0.4042774438858032,positive
0.3898445963859558,positive
0.28789690136909485,positive
0.3768005967140198,positive
0.3932913839817047,positive
0.3795466423034668,positive
0.43090030550956726,positive
0.41738659143447876,positive
0.40308061242103577,positive
0.3944598138332367,positive
0.34623071551322937,positive
0.3362165689468384,positive
0.3777686357498169,positive
0.4035126566886902,positive
0.3581220209598541,positive
0.4161487817764282,positive
0.4145858585834503,positive
0.4481160044670105,positive
0.3844921290874481,positive
0.43820977210998535,positive
0.3633677065372467,positive
0.3583545386791229,positive
0.3562009036540985,positive
0.38369014859199524,positive
0.3800850510597229,positive
0.3854587972164154,positive
0.37999334931373596,positive
0.4029068052768707,positive
0.39881110191345215,positive
0.40976300835609436,positive
0.39757198095321655,positive
0.3649061918258667,positive
0.424053430557251,positive
0.4202576279640198,positive
0.40006670355796814,positive
0.41728436946868896,positive
0.4209293723106384,positive
0.37824544310569763,positive
0.3931969404220581,positive
0.40447667241096497,positive
0.4270550012588501,positive
0.40449878573417664,positive
0.4049994647502899,positive
0.34760263562202454,positive
0.3805124759674072,positive
0.3728052079677582,positive
0.3826812207698822,positive
0.40542611479759216,positive
0.3997722268104553,positive
0.37657588720321655,positive
0.34106022119522095,positive
0.3700234591960907,positive
0.42662301659584045,positive
0.38875120878219604,positive
2.0125343799591064,positive
0.3865177035331726,positive
0.38761618733406067,positive
0.3465500473976135,positive
0.36755621433258057,positive
0.32911166548728943,positive
0.40063291788101196,positive
0.3956694006919861,positive
0.42218178510665894,positive
0.4009084105491638,positive
0.360084593296051,positive
0.38060861825942993,positive
0.40748289227485657,positive
2.0261268615722656,positive
0.38331571221351624,positive
0.4294027090072632,positive
0.38290342688560486,positive
0.37937813997268677,positive
0.3985545337200165,positive
0.412762314081192,positive
0.3371419310569763,positive
0.39752262830734253,positive
0.40087276697158813,positive
0.379375696182251,positive
0.40389302372932434,positive
0.40394294261932373,positive
0.38327598571777344,positive
0.3584618866443634,positive
0.3919125497341156,positive
0.39768773317337036,positive
0.39364778995513916,positive
0.3960188627243042,positive
0.3613763749599457,positive
0.3822004199028015,positive
0.37305206060409546,positive
0.4206075072288513,positive
0.42391520738601685,positive
0.3535175919532776,positive
0.37378013134002686,positive
0.4059374928474426,positive
0.40627843141555786,positive
0.3834514021873474,positive
0.40274032950401306,positive
0.38995829224586487,positive
0.37922877073287964,positive
0.39530953764915466,positive
0.372015118598938,positive
0.43372485041618347,positive
0.38840144872665405,positive
0.3879767954349518,positive
0.3979834020137787,positive
0.39137911796569824,positive
0.35851195454597473,positive
0.4296088218688965,positive
0.4125501811504364,positive
0.33824342489242554,positive
0.356818288564682,positive
0.42497384548187256,positive
0.39162778854370117,positive
0.4040217101573944,positive
0.41004621982574463,positive
0.43679454922676086,positive
0.41048571467399597,positive
0.38523316383361816,positive
0.3691723346710205,positive
0.4113622009754181,positive
0.38913941383361816,positive
0.40923601388931274,positive
0.4047394394874573,positive
0.3854217231273651,positive
0.41442835330963135,positive
0.3875293731689453,positive
0.41548797488212585,positive
0.3658014237880707,positive
0.3797140419483185,positive
0.38046401739120483,positive
0.42520180344581604,positive
0.37309589982032776,positive
0.4221898317337036,positive
0.4003826677799225,positive
0.4136013984680176,positive
0.383853554725647,positive
0.3925626277923584,positive
0.38690656423568726,positive
0.4231715798377991,positive
0.3991882801055908,positive
0.3827558159828186,positive
0.4216642379760742,positive
0.38351860642433167,positive
0.4087604284286499,positive
0.3690515160560608,positive
0.38533300161361694,positive
0.3776939809322357,positive
0.33357489109039307,positive
0.3414222002029419,positive
0.40286287665367126,positive
0.4021669328212738,positive
0.3900993764400482,positive
0.34901925921440125,positive
0.3697222173213959,positive
0.4073554277420044,positive
0.3946775496006012,positive
0.42998772859573364,positive
0.38774538040161133,positive
0.3963574171066284,positive
0.4442533552646637,positive
1.7360949516296387,positive
0.37834033370018005,positive
0.335823118686676,positive
0.3630872666835785,positive
0.41183921694755554,positive
0.40504077076911926,positive
0.3730809688568115,positive
0.3749309480190277,positive
0.4061930179595947,positive
0.4236263334751129,positive
0.47086066007614136,positive
0.39425820112228394,positive
0.41810142993927,positive
0.4306226670742035,positive
0.38358110189437866,positive
0.40332266688346863,positive
0.40426644682884216,positive
0.41076889634132385,positive
0.415633887052536,positive
0.42163777351379395,positive
0.3607330024242401,positive
0.4317843019962311,positive
0.8269354104995728,positive
0.4378589689731598,positive
0.3514883518218994,positive
0.39242035150527954,positive
0.398421049118042,positive
0.41011762619018555,positive
0.4068814218044281,positive
0.4245324730873108,positive
0.36079010367393494,positive
0.35287028551101685,positive
0.3627799153327942,positive
0.45418834686279297,positive
0.36963266134262085,positive
0.33744874596595764,positive
0.37936294078826904,positive
0.38662007451057434,positive
0.37947922945022583,positive
0.36294305324554443,positive
0.3622172772884369,positive
0.3999459743499756,positive
0.38909125328063965,positive
0.4218105971813202,positive
0.41352006793022156,positive
0.4162931442260742,positive
0.41288691759109497,positive
0.4053165018558502,positive
0.3837948739528656,positive
0.4193381667137146,positive
0.39246541261672974,positive
0.33274713158607483,positive
0.40713775157928467,positive
0.39580121636390686,positive
0.40195682644844055,positive
0.3827621340751648,positive
0.4402036666870117,positive
0.37287765741348267,positive
0.3982926905155182,positive
0.39754295349121094,positive
0.4184191823005676,positive
0.41066059470176697,positive
0.39041855931282043,positive
0.3950744569301605,positive
0.40842846035957336,positive
0.3711546063423157,positive
0.3742792308330536,positive
0.40517592430114746,positive
0.40724122524261475,positive
0.412668377161026,positive
0.3830772638320923,positive
0.3484433591365814,positive
0.3964880406856537,positive
0.42284321784973145,positive
0.38891491293907166,positive
0.40561237931251526,positive
0.38511282205581665,positive
0.4243057072162628,positive
0.3919770419597626,positive
0.3495892882347107,positive
0.306212455034256,positive
0.4106992781162262,positive
0.392413854598999,positive
0.34584924578666687,positive
0.34219682216644287,positive
0.4113495349884033,positive
0.4165956377983093,positive
0.3930315375328064,positive
0.41680431365966797,positive
0.4096321761608124,positive
0.3692537844181061,positive
0.36497026681900024,positive
0.4569495916366577,positive
0.37808769941329956,positive
0.3765716254711151,positive
0.3777683675289154,positive
0.7682639360427856,positive
0.39927294850349426,positive
0.40490081906318665,positive
0.39551568031311035,positive
0.3839150071144104,positive
0.38738805055618286,positive
0.4277574121952057,positive
0.3713632822036743,positive
0.4284215271472931,positive
0.3749200701713562,positive
0.3711868226528168,positive
0.4189557731151581,positive
0.3687106668949127,positive
0.40850093960762024,positive
0.4008173942565918,positive
0.3989599645137787,positive
0.3784576654434204,positive
0.41188156604766846,positive
0.4391759932041168,positive
0.42100703716278076,positive
0.38659608364105225,positive
0.4339045584201813,positive
0.37224337458610535,positive
0.4170670211315155,positive
0.3692345917224884,positive
0.3891405761241913,positive
0.41699275374412537,positive
0.38238897919654846,positive
0.40100184082984924,positive
0.38301119208335876,positive
0.3907040059566498,positive
0.33006852865219116,positive
0.4390271008014679,positive
0.421475350856781,positive
0.3928188383579254,positive
0.4103113114833832,positive
0.40305399894714355,positive
0.38239291310310364,positive
0.3855947256088257,positive
0.38567864894866943,positive
0.4068220853805542,positive
0.3984891176223755,positive
0.4346311688423157,positive
0.41444694995880127,positive
0.37690800428390503,positive
0.4022921323776245,positive
0.39510297775268555,positive
0.36023077368736267,positive
0.3855137825012207,positive
0.380434513092041,positive
0.3499617874622345,positive
0.3829779624938965,positive
0.41039353609085083,positive
0.3859962821006775,positive
0.4003562331199646,positive
0.3868618607521057,positive
0.36418014764785767,positive
0.4032343029975891,positive
0.3774854838848114,positive
0.39846137166023254,positive
0.3381503224372864,positive
0.3770087659358978,positive
0.4404870569705963,positive
0.3870069086551666,positive
0.40903377532958984,positive
0.3876403570175171,positive
0.3846416473388672,positive
0.40529489517211914,positive
0.39995893836021423,positive
0.41916215419769287,positive
0.41344141960144043,positive
0.4003582298755646,positive
0.42075321078300476,positive
0.42623335123062134,positive
0.38965070247650146,positive
0.3502778708934784,positive
0.41533058881759644,positive
0.3894675672054291,positive
0.38348186016082764,positive
2.339503526687622,positive
0.43269744515419006,positive
0.3821026682853699,positive
0.4103197753429413,positive
0.4330862760543823,positive
0.4114466905593872,positive
0.39698973298072815,positive
0.3781845271587372,positive
0.3760351240634918,positive
0.4483644664287567,positive
0.39946821331977844,positive
0.3898995518684387,positive
0.3630289137363434,positive
0.3854842185974121,positive
0.3960897922515869,positive
0.3706965744495392,positive
0.34429681301116943,positive
0.3884013295173645,positive
0.43006858229637146,positive
0.3972702920436859,positive
0.41377389430999756,positive
0.3041020631790161,positive
0.3915767967700958,positive
0.4283045530319214,positive
0.357123464345932,positive
0.3753431439399719,positive
0.33600109815597534,positive
0.35735613107681274,positive
0.3887641429901123,positive
0.41127344965934753,positive
0.3779790699481964,positive
0.34947529435157776,positive
0.370723694562912,positive
0.3982173204421997,positive
0.38432541489601135,positive
0.41842690110206604,positive
0.36383575201034546,positive
0.4042336940765381,positive
0.38581985235214233,positive
0.37831202149391174,positive
0.40268251299858093,positive
0.4187052547931671,positive
0.4240100681781769,positive
0.3663315773010254,positive
0.37603795528411865,positive
0.41271454095840454,positive
0.44960644841194153,positive
0.3959176540374756,positive
0.3978569507598877,positive
0.3921850025653839,positive
0.3771549463272095,positive
0.3844113051891327,positive
0.37820565700531006,positive
0.3563545346260071,positive
0.3303954601287842,positive
0.3867577314376831,positive
0.4446474313735962,positive
0.3396371901035309,positive
0.419291615486145,positive
0.38149312138557434,positive
0.4020385444164276,positive
0.40063706040382385,positive
0.387942910194397,positive
0.3546690344810486,positive
0.3972874581813812,positive
0.3099746108055115,positive
0.383916437625885,positive
0.3807901442050934,positive
0.43386274576187134,positive
0.34101301431655884,positive
0.417157918214798,positive
0.3920898735523224,positive
0.3943589925765991,positive
0.44379547238349915,positive
0.3513938784599304,positive
0.3492850363254547,positive
0.3913438618183136,positive
0.37335193157196045,positive
0.37855902314186096,positive
0.3633156716823578,positive
0.44472381472587585,positive
0.3975660800933838,positive
0.3819374144077301,positive
0.39633744955062866,positive
0.40169742703437805,positive
0.3762584328651428,positive
0.373468279838562,positive
0.39473050832748413,positive
0.443978875875473,positive
0.2939465641975403,positive
0.41383516788482666,positive
0.3187057077884674,positive
0.4208894371986389,positive
0.38463738560676575,positive
0.34877580404281616,positive
0.33500850200653076,positive
0.421047180891037,positive
0.35866737365722656,positive
0.38562360405921936,positive
0.3882845342159271,positive
0.3882905840873718,positive
0.3660433888435364,positive
0.42385363578796387,positive
0.3911513090133667,positive
0.43010950088500977,positive
0.4193399250507355,positive
0.4089544117450714,positive
0.4439069628715515,positive
0.4579978585243225,positive
0.45264410972595215,positive
0.37404346466064453,positive
0.4158838391304016,positive
0.38168492913246155,positive
0.38511040806770325,positive
0.4229204058647156,positive
0.41621133685112,positive
0.43691837787628174,positive
0.38329780101776123,positive
0.38356512784957886,positive
0.4060511887073517,positive
0.3854580223560333,positive
0.4092737138271332,positive
0.39956849813461304,positive
0.40484246611595154,positive
0.44496092200279236,positive
0.4168533384799957,positive
0.4292697310447693,positive
0.40369799733161926,positive
0.35251644253730774,positive
0.41875460743904114,positive
0.38455721735954285,positive
0.28197869658470154,positive
0.3690367341041565,positive
0.36914587020874023,positive
0.37108114361763,positive
0.37960779666900635,positive
0.3589751124382019,positive
0.390922874212265,positive
0.41442030668258667,positive
0.407259076833725,positive
0.40007370710372925,positive
0.37916359305381775,positive
0.41517171263694763,positive
0.419918954372406,positive
0.39004626870155334,positive
0.4003525376319885,positive
0.3691665530204773,positive
0.3004949986934662,positive
0.3861331343650818,positive
0.33620527386665344,positive
0.38029393553733826,positive
0.4330334961414337,positive
0.4234781563282013,positive
0.3934203088283539,positive
1.6439882516860962,positive
0.37403884530067444,positive
0.3763968050479889,positive
0.4022463262081146,positive
0.413779616355896,positive
0.39175719022750854,positive
0.40702277421951294,positive
0.42390844225883484,positive
0.3061549961566925,positive
0.4156782329082489,positive
0.41140905022621155,positive
0.3955824673175812,positive
0.4181026220321655,positive
0.37887975573539734,positive
0.36925286054611206,positive
0.40680646896362305,positive
0.6763795018196106,positive
0.3992568254470825,positive
0.3826700747013092,positive
0.3605264723300934,positive
0.3486988842487335,positive
0.37576690316200256,positive
0.33476266264915466,positive
0.32418468594551086,positive
0.3832494914531708,positive
0.43115317821502686,positive
0.37325170636177063,positive
0.4105146527290344,positive
0.3882201611995697,positive
0.4011571407318115,positive
0.3748393654823303,positive
0.39948514103889465,positive
0.39173808693885803,positive
0.37441280484199524,positive
0.3609431982040405,positive
0.4037635922431946,positive
0.40431350469589233,positive
0.3868643343448639,positive
0.3333023190498352,positive
0.3860816955566406,positive
2.317669630050659,positive
0.4099072813987732,positive
0.4334279000759125,positive
0.39131343364715576,positive
0.40103310346603394,positive
0.3902319073677063,positive
0.41316816210746765,positive
0.4280696213245392,positive
1.1463749408721924,positive
0.3415733873844147,positive
0.3752106726169586,positive
0.31336355209350586,positive
0.45726218819618225,positive
0.39175230264663696,positive
0.3838629722595215,positive
0.410864919424057,positive
0.42499294877052307,positive
0.3013390004634857,positive
0.3900046646595001,positive
0.38395628333091736,positive
0.378451943397522,positive
0.376220703125,positive
2.253269910812378,positive
0.6478699445724487,positive
0.37595129013061523,positive
0.39484283328056335,positive
0.43366992473602295,positive
0.39963892102241516,positive
0.3651048243045807,positive
0.35400980710983276,positive
0.3825876712799072,positive
0.3933970332145691,positive
0.4189176559448242,positive
0.357795387506485,positive
0.3791545033454895,positive
0.39444658160209656,positive
0.30867162346839905,positive
0.450692743062973,positive
0.39979416131973267,positive
0.3874755799770355,positive
0.4078971743583679,positive
0.40367281436920166,positive
0.36052605509757996,positive
0.46419236063957214,positive
0.3709960877895355,positive
0.41608238220214844,positive
0.40251919627189636,positive
0.373698890209198,positive
0.41208210587501526,positive
0.3489876985549927,positive
0.41322609782218933,positive
0.39870500564575195,positive
0.38826990127563477,positive
0.4270709455013275,positive
0.4026566445827484,positive
0.34820738434791565,positive
0.399699330329895,positive
0.4277779757976532,positive
0.3865715563297272,positive
1.7159093618392944,positive
0.3915424346923828,positive
0.3853890597820282,positive
0.44486942887306213,positive
0.32394906878471375,positive
0.42245402932167053,positive
0.3798435628414154,positive
0.41458308696746826,positive
0.36988207697868347,positive
0.4134441614151001,positive
0.4271138608455658,positive
0.4115481972694397,positive
0.42667675018310547,positive
0.36846473813056946,positive
0.4007968306541443,positive
0.41582804918289185,positive
0.4069012701511383,positive
0.4022284746170044,positive
0.4085971713066101,positive
0.40420976281166077,positive
0.3861885666847229,positive
0.3920513689517975,positive
0.4089035987854004,positive
0.3627350628376007,positive
0.48787999153137207,positive
0.3721843659877777,positive
0.43621698021888733,positive
0.36389827728271484,positive
0.4349512457847595,positive
0.3735170364379883,positive
0.4123973548412323,positive
0.41807571053504944,positive
0.35731369256973267,positive
0.31075605750083923,positive
0.39480358362197876,positive
0.37812483310699463,positive
0.3683476746082306,positive
0.3897237777709961,positive
0.38875505328178406,positive
0.40886691212654114,positive
2.1041722297668457,positive
0.39115095138549805,positive
0.36484360694885254,positive
0.3938561975955963,positive
0.4050486981868744,positive
0.37057700753211975,positive
0.3884506821632385,positive
0.3503130376338959,positive
0.39090144634246826,positive
0.40002864599227905,positive
0.4092029631137848,positive
0.40494608879089355,positive
0.4162403643131256,positive
0.39664819836616516,positive
0.37208664417266846,positive
0.39282381534576416,positive
0.36108100414276123,positive
0.39885932207107544,positive
0.39498841762542725,positive
0.3939056694507599,positive
0.42469245195388794,positive
0.319151908159256,positive
0.3909332752227783,positive
0.42429283261299133,positive
0.39937978982925415,positive
0.4254504144191742,positive
0.44675490260124207,positive
0.4457972049713135,positive
2.115186929702759,positive
0.4051244258880615,positive
0.4015592336654663,positive
0.36158671975135803,positive
0.41628143191337585,positive
0.4324773848056793,positive
0.39776039123535156,positive
0.43285995721817017,positive
0.3782106935977936,positive
0.3858296275138855,positive
0.40939781069755554,positive
0.3923134505748749,positive
0.3972150385379791,positive
0.3966340124607086,positive
0.3741089999675751,positive
0.41214585304260254,positive
0.3914632499217987,positive
0.3923671841621399,positive
0.4024747908115387,positive
0.3756587505340576,positive
0.3304513096809387,positive
0.3942216634750366,positive
0.3861308693885803,positive
0.3948521316051483,positive
0.3936035931110382,positive
0.41690120100975037,positive
0.35816702246665955,positive
0.4013420045375824,positive
0.3549734652042389,positive
0.4653100073337555,positive
0.40082305669784546,positive
0.42251336574554443,positive
0.3977205157279968,positive
0.4746233820915222,positive
0.38362038135528564,positive
0.36738693714141846,positive
0.43042370676994324,positive
0.41113150119781494,positive
0.3967406749725342,positive
0.3515113890171051,positive
0.4439598023891449,positive
0.3817613422870636,positive
0.3859981298446655,positive
0.3983134329319,positive
0.393386572599411,positive
0.414287805557251,positive
0.4149724245071411,positive
0.37829703092575073,positive
0.46271243691444397,positive
0.4343196451663971,positive
0.38194477558135986,positive
0.39002740383148193,positive
0.40344101190567017,positive
0.3435817062854767,positive
0.4550085961818695,positive
0.39137017726898193,positive
0.3948861360549927,positive
0.4306837022304535,positive
0.4106452465057373,positive
0.367112398147583,positive
0.31624433398246765,positive
0.40271803736686707,positive
0.39662668108940125,positive
0.41477999091148376,positive
0.3393453359603882,positive
0.41412466764450073,positive
0.40369129180908203,positive
0.3457643389701843,positive
0.4030200242996216,positive
0.3746378719806671,positive
0.39998459815979004,positive
0.38464319705963135,positive
0.39594539999961853,positive
0.4014957845211029,positive
0.44859087467193604,positive
0.39108821749687195,positive
0.37994712591171265,positive
0.4063365161418915,positive
0.4089984893798828,positive
0.39414677023887634,positive
0.4150255024433136,positive
0.44435593485832214,positive
0.4188845157623291,positive
0.37307608127593994,positive
0.3907983601093292,positive
0.37547919154167175,positive
0.3940884470939636,positive
0.4415949285030365,positive
0.39360177516937256,positive
0.4529472589492798,positive
0.43827855587005615,positive
0.3536860942840576,positive
0.3978427052497864,positive
0.38765689730644226,positive
0.40342026948928833,positive
0.4070500135421753,positive
0.3671039640903473,positive
0.4131539762020111,positive
0.392088383436203,positive
0.3731982409954071,positive
0.36573371291160583,positive
0.2931705713272095,positive
0.41364508867263794,positive
0.41888195276260376,positive
0.37397676706314087,positive
0.3708403408527374,positive
0.3966856896877289,positive
0.3329114317893982,positive
0.3793872892856598,positive
0.3226448595523834,positive
0.3689098060131073,positive
0.334650456905365,positive
0.2142336368560791,positive
0.39812901616096497,positive
0.3677312433719635,positive
0.4022471010684967,positive
0.40629932284355164,positive
0.3596576750278473,positive
0.39624565839767456,positive
0.384076863527298,positive
0.3879084289073944,positive
0.3865417540073395,positive
0.3810676336288452,positive
0.37655529379844666,positive
0.3792194426059723,positive
0.41369813680648804,positive
1.6873719692230225,positive
0.4264262020587921,positive
0.40521734952926636,positive
0.38472065329551697,positive
0.3728984594345093,positive
0.38422730565071106,positive
0.3728291392326355,positive
0.40630555152893066,positive
0.3649485409259796,positive
1.637352705001831,positive
0.3740467429161072,positive
1.8434468507766724,positive
0.40859007835388184,positive
0.386819452047348,positive
0.3790891766548157,positive
0.42072638869285583,positive
0.3865736722946167,positive
1.4902936220169067,positive
0.3884170949459076,positive
0.4125261604785919,positive
0.36542239785194397,positive
0.3970271050930023,positive
0.42739230394363403,positive
0.40068161487579346,positive
0.40033912658691406,positive
0.3894455134868622,positive
0.4153866767883301,positive
0.394288569688797,positive
0.3985137939453125,positive
0.3721300959587097,positive
0.38019731640815735,positive
0.3646276295185089,positive
0.41576454043388367,positive
0.3671119511127472,positive
0.4222874343395233,positive
0.4223026931285858,positive
0.39568647742271423,positive
1.7209665775299072,positive
0.35969310998916626,positive
0.3503691852092743,positive
0.408427357673645,positive
1.0320440530776978,positive
0.4075213372707367,positive
0.3884500563144684,positive
0.4336683452129364,positive
0.38421401381492615,positive
0.39601054787635803,positive
0.36244890093803406,positive
0.41685381531715393,positive
0.36768031120300293,positive
0.39764919877052307,positive
0.3518596589565277,positive
0.3819684386253357,positive
0.395912230014801,positive
0.4074011743068695,positive
0.3939446806907654,positive
0.40239495038986206,positive
0.4060903489589691,positive
0.41238826513290405,positive
1.987517237663269,positive
0.39670291543006897,positive
0.35883212089538574,positive
0.36736753582954407,positive
0.38041162490844727,positive
0.34901076555252075,positive
0.3199872374534607,positive
0.4546048939228058,positive
0.39476001262664795,positive
0.3798908591270447,positive
0.42620134353637695,positive
0.4043677747249603,positive
0.5264049172401428,positive
0.37060630321502686,positive
0.435885488986969,positive
0.43232715129852295,positive
0.35889551043510437,positive
0.4103124737739563,positive
0.4092771112918854,positive
0.4009593725204468,positive
0.42501577734947205,positive
0.3436468541622162,positive
0.38798344135284424,positive
0.4590887129306793,positive
0.35534051060676575,positive
0.39159920811653137,positive
0.3929634392261505,positive
1.669795274734497,positive
0.36577901244163513,positive
0.3496958017349243,positive
0.38196367025375366,positive
0.36593806743621826,positive
0.3605048358440399,positive
0.3786810040473938,positive
0.3902513384819031,positive
0.37654733657836914,positive
0.36305657029151917,positive
0.4190199673175812,positive
0.37358254194259644,positive
0.37662503123283386,positive
0.3877970278263092,positive
0.4066046178340912,positive
0.4533795118331909,positive
0.40574413537979126,positive
0.4334801733493805,positive
0.3925534188747406,positive
0.4052406847476959,positive
0.36966684460639954,positive
0.40554919838905334,positive
0.4055439829826355,positive
0.402743399143219,positive
0.38734740018844604,positive
0.33258163928985596,positive
0.40773525834083557,positive
0.4044368267059326,positive
0.36925193667411804,positive
0.36432042717933655,positive
0.3968163728713989,positive
0.3912545144557953,positive
0.4295228123664856,positive
0.3788341283798218,positive
0.3906557857990265,positive
0.3809439241886139,positive
0.3507975935935974,positive
0.4005773961544037,positive
0.45996689796447754,positive
0.41603410243988037,positive
0.38440221548080444,positive
0.3219883143901825,positive
0.38372597098350525,positive
0.39357665181159973,positive
0.3879231810569763,positive
0.3920077383518219,positive
0.3789948523044586,positive
0.3956563174724579,positive
0.4072053134441376,positive
0.4084427058696747,positive
0.37930959463119507,positive
0.4348423182964325,positive
0.40244919061660767,positive
0.39626434445381165,positive
0.4050377607345581,positive
0.40649688243865967,positive
0.4036751389503479,positive
0.4115065038204193,positive
0.37062209844589233,positive
0.46673333644866943,positive
0.38401177525520325,positive
0.3883703351020813,positive
0.3960588276386261,positive
0.43523651361465454,positive
0.43483591079711914,positive
0.3889186680316925,positive
0.39004287123680115,positive
0.39920589327812195,positive
0.3145635426044464,positive
0.3736782371997833,positive
0.42162948846817017,positive
0.3981705605983734,positive
0.36574915051460266,positive
0.3757919371128082,positive
0.42768722772598267,positive
0.3869481086730957,positive
0.36977484822273254,positive
0.3835281431674957,positive
0.3923921585083008,positive
1.95413076877594,positive
0.3614077568054199,positive
0.4257502555847168,positive
0.3994031250476837,positive
0.4244808852672577,positive
0.439444899559021,positive
0.37523049116134644,positive
0.39337918162345886,positive
0.3999282419681549,positive
0.37806621193885803,positive
0.35790106654167175,positive
0.35385897755622864,positive
1.5448805093765259,positive
0.35613805055618286,positive
0.3335682153701782,positive
0.43649911880493164,positive
0.3849763572216034,positive
0.4036495089530945,positive
0.4374218285083771,positive
0.4043969213962555,positive
0.40397870540618896,positive
0.4142548441886902,positive
0.37072476744651794,positive
0.4239341616630554,positive
0.4155730605125427,positive
0.4081784188747406,positive
0.4968731701374054,positive
0.3955935835838318,positive
0.39379894733428955,positive
0.40339937806129456,positive
0.42856118083000183,positive
0.3365722894668579,positive
0.4262584149837494,positive
0.3601924479007721,positive
0.4289209842681885,positive
0.3959856331348419,positive
0.37160149216651917,positive
0.4071827530860901,positive
0.36457493901252747,positive
0.39824235439300537,positive
0.3913983404636383,positive
0.3968982398509979,positive
0.3725360929965973,positive
0.4372464418411255,positive
0.39050596952438354,positive
0.4223206043243408,positive
0.46639466285705566,positive
0.3959004580974579,positive
0.36978787183761597,positive
0.3532702922821045,positive
0.3821067214012146,positive
0.44843950867652893,positive
0.36319470405578613,positive
0.42988714575767517,positive
0.3973795771598816,positive
0.43219318985939026,positive
0.40313035249710083,positive
0.4001966416835785,positive
0.44024646282196045,positive
0.39602965116500854,positive
0.43570777773857117,positive
0.3958263695240021,positive
0.39250001311302185,positive
0.4068487286567688,positive
0.39231476187705994,positive
0.37009868025779724,positive
0.40215736627578735,positive
0.1845724880695343,positive
0.38562023639678955,positive
0.3627952039241791,positive
0.4234221875667572,positive
0.3647879958152771,positive
0.4271160066127777,positive
1.8138586282730103,positive
0.39166486263275146,positive
0.3640673756599426,positive
0.4126633405685425,positive
0.4212443232536316,positive
0.36550602316856384,positive
0.4203971028327942,positive
0.38928332924842834,positive
0.4410202205181122,positive
0.42343249917030334,positive
0.4133075177669525,positive
0.3861250579357147,positive
0.41150400042533875,positive
0.3745517134666443,positive
0.4359823167324066,positive
0.43257975578308105,positive
2.21449875831604,positive
0.42910075187683105,positive
0.3957512378692627,positive
0.41097646951675415,positive
0.3687542676925659,positive
0.4056522846221924,positive
0.4268362522125244,positive
0.43296563625335693,positive
0.4358949363231659,positive
0.34802380204200745,positive
0.3685702085494995,positive
0.3767065405845642,positive
0.3885921537876129,positive
0.3640013337135315,positive
0.3772784173488617,positive
0.42151883244514465,positive
0.4322035312652588,positive
0.3538523018360138,positive
0.3973958194255829,positive
0.2869899272918701,positive
0.39302289485931396,positive
0.3884052038192749,positive
0.38532939553260803,positive
1.9237970113754272,positive
0.3289734125137329,positive
0.3393680453300476,positive
0.39170214533805847,positive
0.4101778268814087,positive
0.405422180891037,positive
0.41951984167099,positive
0.3284476697444916,positive
0.3834798336029053,positive
0.33977872133255005,positive
0.3833741247653961,positive
0.4311511814594269,positive
0.32507407665252686,positive
0.3554416298866272,positive
0.3774186968803406,positive
0.38979384303092957,positive
0.4154932498931885,positive
0.422828733921051,positive
0.3873054087162018,positive
0.39273524284362793,positive
0.4506705403327942,positive
1.7761732339859009,positive
0.39088279008865356,positive
0.4114677906036377,positive
0.3858084976673126,positive
0.3773152530193329,positive
0.3801785111427307,positive
0.38752442598342896,positive
0.37250906229019165,positive
0.40864455699920654,positive
0.38378840684890747,positive
0.3837789297103882,positive
0.41048040986061096,positive
0.3874192237854004,positive
0.3733823299407959,positive
1.4668480157852173,positive
0.3851374387741089,positive
0.3806390166282654,positive
0.3631737232208252,positive
0.4011053740978241,positive
0.39710888266563416,positive
0.44981956481933594,positive
0.37192803621292114,positive
0.4017738699913025,positive
0.42966800928115845,positive
0.3926921486854553,positive
0.3989092707633972,positive
0.41314780712127686,positive
0.3937552571296692,positive
0.4026847183704376,positive
0.431053102016449,positive
0.3581688702106476,positive
0.40835824608802795,positive
0.42325082421302795,positive
0.41463884711265564,positive
0.3375508189201355,positive
0.29287511110305786,positive
0.3783879280090332,positive
0.41940173506736755,positive
0.389751672744751,positive
0.36481064558029175,positive
0.3996366560459137,positive
0.3960300385951996,positive
0.43993932008743286,positive
0.3771584928035736,positive
0.3983077108860016,positive
0.46366775035858154,positive
0.39406445622444153,positive
0.3745056390762329,positive
0.38481900095939636,positive
0.42097875475883484,positive
0.42916339635849,positive
0.4092085659503937,positive
0.3210664391517639,positive
0.3917219042778015,positive
0.38467246294021606,positive
0.39296746253967285,positive
0.4044598340988159,positive
0.3949737548828125,positive
0.45749953389167786,positive
0.41599154472351074,positive
0.3984244465827942,positive
0.39477667212486267,positive
0.34301862120628357,positive
0.3785123825073242,positive
0.38651055097579956,positive
0.4079628884792328,positive
0.4169274866580963,positive
0.41763246059417725,positive
0.4132004976272583,positive
0.43524348735809326,positive
0.41380399465560913,positive
0.4040553569793701,positive
0.4225103259086609,positive
0.3953070342540741,positive
0.3754159212112427,positive
0.41414734721183777,positive
0.4014231264591217,positive
0.32524189352989197,positive
0.4163936376571655,positive
0.3842889964580536,positive
0.39376309514045715,positive
0.43788379430770874,positive
0.4158620834350586,positive
0.4282476305961609,positive
0.4124613404273987,positive
0.38758325576782227,positive
0.39286917448043823,positive
0.42519912123680115,positive
0.3974195122718811,positive
0.37207889556884766,positive
0.39838796854019165,positive
0.416935533285141,positive
0.2730286419391632,positive
0.3593370020389557,positive
0.2769164741039276,positive
0.33266863226890564,positive
0.371393084526062,positive
0.37196630239486694,positive
0.3884229362010956,positive
0.40285739302635193,positive
0.4200323522090912,positive
0.3780711591243744,positive
0.38578805327415466,positive
0.4021265208721161,positive
0.4187445640563965,positive
0.3673551082611084,positive
0.38428249955177307,positive
0.3961501121520996,positive
0.36209920048713684,positive
0.381305992603302,positive
0.32626137137413025,positive
0.4069642424583435,positive
0.41385617852211,positive
0.3993535339832306,positive
0.37457236647605896,positive
0.39965105056762695,positive
0.35887959599494934,positive
0.4289810359477997,positive
0.38413697481155396,positive
0.39532384276390076,positive
0.3805314302444458,positive
0.37539762258529663,positive
0.41758015751838684,positive
0.4252181947231293,positive
0.35965320467948914,positive
0.3895396292209625,positive
0.44864973425865173,positive
0.4155864119529724,positive
0.4262515902519226,positive
0.4117642939090729,positive
0.3630543649196625,positive
0.33269914984703064,positive
0.38865482807159424,positive
0.41063201427459717,positive
0.4084618389606476,positive
0.41183987259864807,positive
0.39901813864707947,positive
0.3744599521160126,positive
0.4161255359649658,positive
0.37325698137283325,positive
0.38975682854652405,positive
0.3976060450077057,positive
0.37284982204437256,positive
0.4022684097290039,positive
0.4017026126384735,positive
0.3816617727279663,positive
0.3645388185977936,positive
0.43697309494018555,positive
0.31235894560813904,positive
0.41388067603111267,positive
0.3477100133895874,positive
0.3963882625102997,positive
0.4159785211086273,positive
0.4200218915939331,positive
0.4150538742542267,positive
0.4194508194923401,positive
0.3854067921638489,positive
0.4205992519855499,positive
0.3764931559562683,positive
0.41719281673431396,positive
0.394571989774704,positive
0.3853735327720642,positive
0.3867100477218628,positive
0.3006124496459961,positive
0.3955952227115631,positive
0.3993861973285675,positive
0.3935611844062805,positive
0.41288307309150696,positive
0.39211732149124146,positive
1.6664247512817383,positive
0.3903329372406006,positive
0.4870480000972748,positive
0.4251473546028137,positive
0.378863662481308,positive
0.396388441324234,positive
0.4082411527633667,positive
0.3991568386554718,positive
0.4175480604171753,positive
0.42274099588394165,positive
0.35627150535583496,positive
0.38396063446998596,positive
0.4370063543319702,positive
0.39267614483833313,positive
0.40690985321998596,positive
0.46588289737701416,positive
0.33090293407440186,positive
0.441687673330307,positive
0.4192362427711487,positive
0.4032211899757385,positive
0.41022789478302,positive
0.38141724467277527,positive
0.3728705048561096,positive
0.4208168685436249,positive
0.4233156442642212,positive
0.3887456953525543,positive
0.3905632495880127,positive
0.37358906865119934,positive
0.40710949897766113,positive
0.4148966372013092,positive
0.42759981751441956,positive
0.42181795835494995,positive
0.39739423990249634,positive
0.35224056243896484,positive
0.4010075628757477,positive
0.3701011836528778,positive
0.37223708629608154,positive
0.4179864525794983,positive
0.3988845944404602,positive
0.41444799304008484,positive
0.4496183693408966,positive
0.4370615780353546,positive
0.40591272711753845,positive
0.37320494651794434,positive
0.32085120677948,positive
0.3481704890727997,positive
0.29341983795166016,positive
0.40839898586273193,positive
0.40078210830688477,positive
0.4036523103713989,positive
0.33862069249153137,positive
0.4182111918926239,positive
0.3879404067993164,positive
0.3840884566307068,positive
0.39927271008491516,positive
0.3704797029495239,positive
0.4059467017650604,positive
0.3212268054485321,positive
0.3298281133174896,positive
0.4362093210220337,positive
0.40480661392211914,positive
0.3175837993621826,positive
0.36850377917289734,positive
0.4004170894622803,positive
0.3911115527153015,positive
0.38183122873306274,positive
0.32325461506843567,positive
0.41803649067878723,positive
0.42122316360473633,positive
0.40488797426223755,positive
0.4277379512786865,positive
0.4078578054904938,positive
0.43901175260543823,positive
0.36654192209243774,positive
0.393985390663147,positive
0.3797643780708313,positive
0.40241169929504395,positive
0.4098351001739502,positive
0.4023946225643158,positive
0.38980841636657715,positive
0.39157018065452576,positive
0.40237146615982056,positive
0.3869476020336151,positive
0.40936514735221863,positive
0.3514208495616913,positive
0.3573196232318878,positive
0.403769850730896,positive
0.4390157163143158,positive
0.3216519355773926,positive
0.3570968806743622,positive
0.3292543888092041,positive
0.42685824632644653,positive
0.3365684747695923,positive
0.4268135130405426,positive
0.39883387088775635,positive
0.44024521112442017,positive
0.4228236675262451,positive
0.40763717889785767,positive
0.4106261432170868,positive
0.3539881110191345,positive
0.296651691198349,positive
0.3760699927806854,positive
0.42055046558380127,positive
0.4199617803096771,positive
0.3939720094203949,positive
0.40558427572250366,positive
0.46596959233283997,positive
0.3726244568824768,positive
0.37535399198532104,positive
0.40568771958351135,positive
0.42574337124824524,positive
0.3792024552822113,positive
0.4573296904563904,positive
0.33959269523620605,positive
0.40375298261642456,positive
0.41037631034851074,positive
0.4010968804359436,positive
0.3323476314544678,positive
0.36160987615585327,positive
0.3703968822956085,positive
0.42372554540634155,positive
0.4110911786556244,positive
0.3978698253631592,positive
0.4352293610572815,positive
0.3767429292201996,positive
0.3771360218524933,positive
0.4074540138244629,positive
0.39837661385536194,positive
0.4002895653247833,positive
0.40892767906188965,positive
0.4047909080982208,positive
0.3638206720352173,positive
0.4055880010128021,positive
0.4063463509082794,positive
0.3530053198337555,positive
0.4318646788597107,positive
0.3668615520000458,positive
0.3951670825481415,positive
0.3956140875816345,positive
0.3981562852859497,positive
0.4267076849937439,positive
1.8232053518295288,positive
0.41238659620285034,positive
0.37960097193717957,positive
0.4252345860004425,positive
0.4025168716907501,positive
0.334881991147995,positive
0.33638516068458557,positive
0.4106546938419342,positive
0.4198537766933441,positive
0.4041055738925934,positive
0.43515583872795105,positive
0.3910537362098694,positive
0.4024612307548523,positive
0.4243480861186981,positive
0.31778666377067566,positive
0.393049418926239,positive
0.43090885877609253,positive
0.39251255989074707,positive
0.3852371275424957,positive
0.39910176396369934,positive
0.42385441064834595,positive
0.36540937423706055,positive
0.4390394985675812,positive
0.4411504864692688,positive
0.4054650366306305,positive
0.3775089979171753,positive
0.4157542586326599,positive
0.36670219898223877,positive
0.396819531917572,positive
0.4183911085128784,positive
0.45813027024269104,positive
0.4434756934642792,positive
0.3839435875415802,positive
0.377064049243927,positive
0.413186252117157,positive
0.3805506229400635,positive
0.38253819942474365,positive
0.39210212230682373,positive
0.44757214188575745,positive
0.378370076417923,positive
0.46147599816322327,positive
0.3592849373817444,positive
0.39468908309936523,positive
0.38194990158081055,positive
2.0038671493530273,positive
0.39303597807884216,positive
0.3657696545124054,positive
0.4096679389476776,positive
0.37201306223869324,positive
0.3589994013309479,positive
0.34581804275512695,positive
0.3698166012763977,positive
0.4222749173641205,positive
0.41433900594711304,positive
0.3987738788127899,positive
0.4099717140197754,positive
0.3855111598968506,positive
0.4377172887325287,positive
0.4121902287006378,positive
0.36316704750061035,positive
0.27770477533340454,positive
0.4294206202030182,positive
0.37967193126678467,positive
0.3948059678077698,positive
0.48071786761283875,positive
0.40510308742523193,positive
0.35586172342300415,positive
0.34677693247795105,positive
0.39315614104270935,positive
0.3768956959247589,positive
0.45104292035102844,positive
0.390112042427063,positive
0.3851175010204315,positive
0.5070357918739319,positive
0.4103834927082062,positive
0.39996764063835144,positive
0.4004562795162201,positive
0.37040016055107117,positive
0.41714999079704285,positive
0.4061964452266693,positive
0.3634144961833954,positive
0.4086835980415344,positive
0.39223235845565796,positive
0.4096762239933014,positive
0.4078105092048645,positive
0.3975687325000763,positive
1.7817902565002441,positive
0.4191839098930359,positive
0.37031152844429016,positive
0.44446009397506714,positive
1.679955005645752,positive
0.4061517119407654,positive
0.40471118688583374,positive
0.3794077932834625,positive
0.4140597879886627,positive
0.3981303870677948,positive
0.3750552833080292,positive
0.3777710795402527,positive
0.44012710452079773,positive
0.4128725528717041,positive
0.3775675594806671,positive
0.3960550129413605,positive
0.3881588876247406,positive
0.4305174648761749,positive
0.42017751932144165,positive
0.4250796139240265,positive
0.43439239263534546,positive
0.34434711933135986,positive
0.41337665915489197,positive
0.3555861711502075,positive
0.3333136737346649,positive
0.4080315828323364,positive
0.3927716314792633,positive
0.4457022249698639,positive
0.37563464045524597,positive
0.3856804668903351,positive
0.3675469756126404,positive
0.4082586169242859,positive
0.40083351731300354,positive
0.3480747938156128,positive
0.3582961857318878,positive
0.3764471411705017,positive
0.3905840516090393,positive
0.4054749011993408,positive
0.3473406434059143,positive
0.3800782859325409,positive
0.39960989356040955,positive
0.36016449332237244,positive
0.4727250337600708,positive
0.37666234374046326,positive
0.362987756729126,positive
0.4124588370323181,positive
0.3968203663825989,positive
0.42365413904190063,positive
0.41087090969085693,positive
1.8935827016830444,positive
0.4420604705810547,positive
0.4365217387676239,positive
0.31114286184310913,positive
0.39481207728385925,positive
0.4003818929195404,positive
0.38013821840286255,positive
0.41701120138168335,positive
0.40656593441963196,positive
0.4177440404891968,positive
0.4164137840270996,positive
0.383998304605484,positive
0.4001244902610779,positive
0.3305782675743103,positive
0.3695683181285858,positive
0.41041284799575806,positive
0.3935082256793976,positive
0.44237393140792847,positive
0.38319265842437744,positive
0.3635012209415436,positive
0.37229102849960327,positive
0.4040435254573822,positive
0.33491259813308716,positive
0.38933268189430237,positive
0.38826683163642883,positive
0.41883575916290283,positive
0.349216103553772,positive
0.36629486083984375,positive
0.3831008970737457,positive
0.4460226595401764,positive
0.40163737535476685,positive
0.32014185190200806,positive
0.39397481083869934,positive
0.36274024844169617,positive
0.3718305826187134,positive
0.2835334837436676,positive
0.38800179958343506,positive
0.42951759696006775,positive
0.4134329557418823,positive
0.36413976550102234,positive
0.3894389569759369,positive
0.4238031804561615,positive
0.36631712317466736,positive
0.43266648054122925,positive
0.8246940970420837,positive
0.41208508610725403,positive
0.44550395011901855,positive
0.3151376247406006,positive
0.41467469930648804,positive
0.34289130568504333,positive
0.40448886156082153,positive
0.37239277362823486,positive
2.160590171813965,positive
0.3477397859096527,positive
0.4418909549713135,positive
0.4015504717826843,positive
0.4028675854206085,positive
0.3392373025417328,positive
0.3643876910209656,positive
0.40893304347991943,positive
0.3746597170829773,positive
0.3963369131088257,positive
0.3850463628768921,positive
0.3741646111011505,positive
0.40314942598342896,positive
0.39697176218032837,positive
0.3670051395893097,positive
0.41446080803871155,positive
0.4105498790740967,positive
0.37230977416038513,positive
0.44781607389450073,positive
0.4047524929046631,positive
0.40922650694847107,positive
0.4061398208141327,positive
0.35416150093078613,positive
0.3923608660697937,positive
0.38042551279067993,positive
0.38953396677970886,positive
0.49289461970329285,positive
0.3794369101524353,positive
0.40047821402549744,positive
0.4217098355293274,positive
0.3852683901786804,positive
0.4504123032093048,positive
0.4048846960067749,positive
0.4107007086277008,positive
0.37790706753730774,positive
0.4133290946483612,positive
0.4042113721370697,positive
0.41141021251678467,positive
0.3792526125907898,positive
0.3686603605747223,positive
0.4068544805049896,positive
0.4139033854007721,positive
0.4066273868083954,positive
0.41319549083709717,positive
0.4381609559059143,positive
0.5067219138145447,positive
0.37264111638069153,positive
0.40060174465179443,positive
0.35356342792510986,positive
1.953888177871704,positive
0.42671531438827515,positive
0.4030483663082123,positive
0.3601415753364563,positive
0.40044495463371277,positive
0.3890269994735718,positive
0.40678495168685913,positive
0.38557058572769165,positive
0.36177173256874084,positive
0.37705522775650024,positive
0.3896175026893616,positive
0.38509809970855713,positive
0.3992038369178772,positive
0.3634205758571625,positive
0.3950829803943634,positive
0.3820270597934723,positive
0.3436617851257324,positive
0.39353400468826294,positive
0.3738797605037689,positive
0.40634387731552124,positive
0.3960701823234558,positive
0.39809852838516235,positive
0.37964531779289246,positive
0.43262308835983276,positive
0.4115733206272125,positive
0.41574540734291077,positive
0.4071071147918701,positive
0.39091747999191284,positive
0.4175781011581421,positive
0.459229052066803,positive
0.39746707677841187,positive
0.39579159021377563,positive
0.4012879431247711,positive
0.39200934767723083,positive
0.42843303084373474,positive
0.3516750633716583,positive
0.36709070205688477,positive
0.3065986931324005,positive
0.40449410676956177,positive
0.3932316303253174,positive
0.4593328535556793,positive
0.4153696894645691,positive
0.4115792512893677,positive
0.36184248328208923,positive
0.4082280695438385,positive
0.36748990416526794,positive
0.35737475752830505,positive
0.4256656765937805,positive
0.41383853554725647,positive
0.394650936126709,positive
0.3853926956653595,positive
0.43261611461639404,positive
0.35182738304138184,positive
0.41356736421585083,positive
0.35555407404899597,positive
0.3919271230697632,positive
0.40399667620658875,positive
0.35408976674079895,positive
0.3836435377597809,positive
0.4183187782764435,positive
0.40531715750694275,positive
0.38158756494522095,positive
0.37973445653915405,positive
0.3769574463367462,positive
0.3995528519153595,positive
0.3902740776538849,positive
0.38027772307395935,positive
0.40550553798675537,positive
0.3580605089664459,positive
0.4123263955116272,positive
0.41173627972602844,positive
0.35879650712013245,positive
0.32791614532470703,positive
0.41082504391670227,positive
0.4247702658176422,positive
0.4029715657234192,positive
0.3828466236591339,positive
0.3948978781700134,positive
0.34834763407707214,positive
0.38827767968177795,positive
0.40423452854156494,positive
0.41617193818092346,positive
0.40225091576576233,positive
0.413737028837204,positive
0.37630343437194824,positive
0.34626948833465576,positive
0.40036705136299133,positive
0.3744535744190216,positive
0.36374399065971375,positive
0.3570467233657837,positive
0.3988346755504608,positive
0.3847823739051819,positive
0.356790691614151,positive
0.38460811972618103,positive
0.3744436204433441,positive
0.40273094177246094,positive
0.3954744040966034,positive
0.36543503403663635,positive
0.4102088510990143,positive
0.3617352247238159,positive
0.4192448556423187,positive
0.375996470451355,positive
0.4260301887989044,positive
0.4052334427833557,positive
0.3019850254058838,positive
0.402957022190094,positive
0.39026087522506714,positive
0.3969579041004181,positive
0.35589420795440674,positive
0.415272980928421,positive
0.371048241853714,positive
0.4094383716583252,positive
0.36544889211654663,positive
0.41748103499412537,positive
0.3938853144645691,positive
0.406019926071167,positive
0.3871704041957855,positive
0.4336855113506317,positive
0.3847496807575226,positive
0.36118659377098083,positive
0.3687823414802551,positive
0.3830290138721466,positive
0.3439807891845703,positive
0.33122503757476807,positive
0.4009835720062256,positive
0.3980116844177246,positive
0.3949766457080841,positive
0.4164387881755829,positive
0.4195009171962738,positive
0.41714781522750854,positive
0.3696082532405853,positive
0.4164380431175232,positive
0.3903912305831909,positive
0.34272319078445435,positive
0.4021475911140442,positive
0.3928081691265106,positive
0.43292826414108276,positive
0.4027365744113922,positive
0.4206351637840271,positive
0.3952747881412506,positive
0.4291239380836487,positive
0.3809369206428528,positive
0.3756164312362671,positive
0.4004683494567871,positive
0.3999383747577667,positive
0.45064350962638855,positive
0.3688878118991852,positive
0.3217967450618744,positive
0.4046773314476013,positive
0.40010595321655273,positive
0.4271731376647949,positive
0.3117101788520813,positive
0.3544897735118866,positive
0.40021759271621704,positive
1.9289084672927856,positive
0.38986799120903015,positive
0.42163804173469543,positive
0.35321351885795593,positive
0.38332682847976685,positive
0.40199610590934753,positive
0.3950002193450928,positive
0.3858552873134613,positive
0.4322488009929657,positive
0.32061967253685,positive
0.2790820896625519,positive
0.4194883406162262,positive
0.3891735076904297,positive
0.39256951212882996,positive
0.37787681818008423,positive
0.4093726873397827,positive
0.3948095440864563,positive
0.41845831274986267,positive
0.4040093421936035,positive
0.39300745725631714,positive
0.34622177481651306,positive
0.4165230095386505,positive
0.3651496171951294,positive
0.40202781558036804,positive
0.39292341470718384,positive
0.3906629681587219,positive
0.4350188672542572,positive
0.38336631655693054,positive
0.43626850843429565,positive
0.46924489736557007,positive
0.37517049908638,positive
0.17983846366405487,positive
0.30818599462509155,positive
0.40897414088249207,positive
0.38528430461883545,positive
0.3976415693759918,positive
0.3989037573337555,positive
0.3808038532733917,positive
0.4000171720981598,positive
0.37868303060531616,positive
0.39947789907455444,positive
0.4264185130596161,positive
0.37663885951042175,positive
0.4119555354118347,positive
0.30463722348213196,positive
0.4098411202430725,positive
0.4064481556415558,positive
0.4121999740600586,positive
0.3898370563983917,positive
0.37790894508361816,positive
0.4428755044937134,positive
0.3259221911430359,positive
0.32934659719467163,positive
0.41658827662467957,positive
0.3681218922138214,positive
0.44058552384376526,positive
0.4022875130176544,positive
0.44421830773353577,positive
0.38026636838912964,positive
0.3629789352416992,positive
0.40642863512039185,positive
0.3068407475948334,positive
0.43499112129211426,positive
0.41101959347724915,positive
0.40199705958366394,positive
0.4015045464038849,positive
0.3698493540287018,positive
0.4158884584903717,positive
0.37379226088523865,positive
0.44365471601486206,positive
0.4098431468009949,positive
0.3684616684913635,positive
0.39323335886001587,positive
0.3730092942714691,positive
0.4358533024787903,positive
0.39603695273399353,positive
0.3789878189563751,positive
0.3726212978363037,positive
0.4097451865673065,positive
0.40856483578681946,positive
0.32481300830841064,positive
0.3801918923854828,positive
0.3238661289215088,positive
0.3544371724128723,positive
0.3870187997817993,positive
0.4059426486492157,positive
0.3988798260688782,positive
0.3798612058162689,positive
0.4040956497192383,positive
0.4193452298641205,positive
0.407922625541687,positive
0.44014880061149597,positive
0.38300982117652893,positive
0.38109076023101807,positive
0.39975661039352417,positive
0.44159185886383057,positive
0.38928553462028503,positive
0.4093506932258606,positive
2.281888246536255,positive
0.4101252555847168,positive
0.38124457001686096,positive
0.39179131388664246,positive
0.4436948001384735,positive
0.41338402032852173,positive
0.4035646319389343,positive
0.41127216815948486,positive
0.39410167932510376,positive
0.39277946949005127,positive
0.3595408499240875,positive
0.3967263102531433,positive
0.41722503304481506,positive
0.39664384722709656,positive
0.38215163350105286,positive
0.3915765881538391,positive
0.43643057346343994,positive
0.41226211190223694,positive
0.3987085223197937,positive
0.3373620808124542,positive
0.36647146940231323,positive
0.40323692560195923,positive
0.37760066986083984,positive
0.4082046151161194,positive
0.42156699299812317,positive
0.4019615054130554,positive
0.405635267496109,positive
0.3909124433994293,positive
0.42639100551605225,positive
0.3872775733470917,positive
0.3746463656425476,positive
0.44562357664108276,positive
0.3629104793071747,positive
0.37286311388015747,positive
0.36533793807029724,positive
0.39008182287216187,positive
0.4008491039276123,positive
0.4049417972564697,positive
0.42916443943977356,positive
0.3934682607650757,positive
0.39348557591438293,positive
0.4396313428878784,positive
0.422534704208374,positive
0.3909771740436554,positive
0.33439040184020996,positive
0.4131171703338623,positive
0.3992871642112732,positive
0.4034278690814972,positive
0.422628253698349,positive
0.35588598251342773,positive
0.43418657779693604,positive
0.3908642828464508,positive
0.40979477763175964,positive
0.40454813838005066,positive
0.4026118516921997,positive
0.3990424573421478,positive
0.3916020393371582,positive
0.4251456558704376,positive
0.3857337236404419,positive
0.30934110283851624,positive
0.36409828066825867,positive
0.4241749942302704,positive
0.41884371638298035,positive
0.3897096514701843,positive
0.3826877176761627,positive
0.6206024885177612,positive
0.40519335865974426,positive
0.3986299932003021,positive
0.31015679240226746,positive
0.41892969608306885,positive
0.45336708426475525,positive
0.4442555010318756,positive
0.4318177103996277,positive
0.43184033036231995,positive
0.43712934851646423,positive
0.3951979875564575,positive
0.35206297039985657,positive
0.481355756521225,positive
0.39866530895233154,positive
0.37777671217918396,positive
0.3851061761379242,positive
0.4228448271751404,positive
0.4118901193141937,positive
0.42477795481681824,positive
0.36952295899391174,positive
0.4298277795314789,positive
0.3932207226753235,positive
0.40242189168930054,positive
0.4146133065223694,positive
0.4245407283306122,positive
0.45704445242881775,positive
0.3765215277671814,positive
0.3969125747680664,positive
0.45383840799331665,positive
0.39030730724334717,positive
0.3906072676181793,positive
0.40099793672561646,positive
0.4361152946949005,positive
0.41555672883987427,positive
0.3969588875770569,positive
0.38998645544052124,positive
0.39666134119033813,positive
0.40029099583625793,positive
0.3926461338996887,positive
0.40063005685806274,positive
0.7409781813621521,positive
0.41899728775024414,positive
0.4342349171638489,positive
0.3658883571624756,positive
0.42024222016334534,positive
0.4194410741329193,positive
0.3564406931400299,positive
0.4126441478729248,positive
0.4023086130619049,positive
0.35069844126701355,positive
0.3756241202354431,positive
0.3913584053516388,positive
0.34114640951156616,positive
0.4260594844818115,positive
0.37003451585769653,positive
0.3831723630428314,positive
0.4051632285118103,positive
0.4005037546157837,positive
0.44370120763778687,positive
0.43362054228782654,positive
1.6772366762161255,positive
0.3884250819683075,positive
0.3741242289543152,positive
0.42125609517097473,positive
0.4158163070678711,positive
2.1636927127838135,positive
0.3906041383743286,positive
0.3305107653141022,positive
0.4273848533630371,positive
0.4445393979549408,positive
0.393380343914032,positive
0.38491833209991455,positive
0.39030200242996216,positive
0.3919222354888916,positive
0.4037395119667053,positive
0.41390296816825867,positive
0.37938040494918823,positive
0.38815319538116455,positive
0.4395155906677246,positive
0.31759747862815857,positive
0.3672780990600586,positive
0.3854678273200989,positive
0.41183722019195557,positive
0.35788699984550476,positive
0.4138299524784088,positive
0.37884944677352905,positive
0.4162728190422058,positive
0.40654295682907104,positive
0.4269508123397827,positive
0.38363155722618103,positive
0.40757128596305847,positive
0.42979130148887634,positive
0.36650171875953674,positive
0.3781379163265228,positive
0.3671528697013855,positive
0.4140929579734802,positive
0.3707524240016937,positive
0.37635520100593567,positive
0.3672361373901367,positive
0.379406213760376,positive
0.4125903248786926,positive
0.3163442313671112,positive
0.43205690383911133,positive
0.4288550317287445,positive
0.3505711555480957,positive
0.3960648477077484,positive
0.35801565647125244,positive
0.4120081067085266,positive
0.3934599757194519,positive
1.635740041732788,positive
0.41184213757514954,positive
0.4218911826610565,positive
0.36268481612205505,positive
0.35359930992126465,positive
0.43277424573898315,positive
0.39242640137672424,positive
0.4345834255218506,positive
0.4112471640110016,positive
0.38336580991744995,positive
0.39920127391815186,positive
1.999692678451538,positive
0.35694462060928345,positive
0.4068635106086731,positive
0.39957743883132935,positive
0.4073553681373596,positive
0.41434770822525024,positive
0.41215601563453674,positive
0.3989115059375763,positive
0.4216825067996979,positive
0.4015936255455017,positive
0.43345361948013306,positive
0.3977123200893402,positive
0.44007763266563416,positive
0.3682071566581726,positive
0.4074229300022125,positive
0.3791007995605469,positive
0.4028332531452179,positive
0.38105517625808716,positive
0.35059863328933716,positive
0.3796491324901581,positive
0.3696763515472412,positive
0.39403074979782104,positive
1.9776328802108765,positive
0.40396973490715027,positive
0.3338792026042938,positive
0.407613605260849,positive
0.39364197850227356,positive
0.4027612805366516,positive
0.401629775762558,positive
0.38059091567993164,positive
0.40354394912719727,positive
0.33198508620262146,positive
0.3805837631225586,positive
0.30605632066726685,positive
0.4547240734100342,positive
0.3849814832210541,positive
0.3645879030227661,positive
0.3885488212108612,positive
0.3870351016521454,positive
0.3998057544231415,positive
0.3933388590812683,positive
0.36726638674736023,positive
0.416354238986969,positive
0.3924783170223236,positive
0.39568641781806946,positive
0.38089582324028015,positive
0.4184707701206207,positive
0.4100969433784485,positive
0.38850289583206177,positive
0.40555572509765625,positive
0.3445592522621155,positive
0.415200412273407,positive
0.4408773183822632,positive
0.368146687746048,positive
0.3788703680038452,positive
0.4141477942466736,positive
0.4109068512916565,positive
0.4128076732158661,positive
1.5989048480987549,positive
0.4048970639705658,positive
0.4181232750415802,positive
0.4004984200000763,positive
0.3853432834148407,positive
0.41869598627090454,positive
0.4180985689163208,positive
0.37659958004951477,positive
0.38911867141723633,positive
0.39903512597084045,positive
0.3998115658760071,positive
0.3499159812927246,positive
0.38522869348526,positive
0.4133015275001526,positive
0.36547690629959106,positive
0.422605037689209,positive
0.4035112261772156,positive
0.35608744621276855,positive
0.4135807156562805,positive
0.3863411545753479,positive
0.4340488612651825,positive
0.41080546379089355,positive
0.38836976885795593,positive
0.3508986830711365,positive
0.39947769045829773,positive
0.3722159266471863,positive
0.41116049885749817,positive
0.41810691356658936,positive
0.4094998836517334,positive
0.3871401846408844,positive
0.3801315724849701,positive
0.3774248957633972,positive
0.4282228946685791,positive
0.3702174425125122,positive
0.40372705459594727,positive
0.4151858687400818,positive
0.4268127977848053,positive
0.43498632311820984,positive
0.40430402755737305,positive
0.4182913303375244,positive
0.3446114659309387,positive
0.3308168947696686,positive
0.3742032051086426,positive
0.3618561327457428,positive
0.402721107006073,positive
0.3818426728248596,positive
0.32567211985588074,positive
0.3373647928237915,positive
0.40833592414855957,positive
0.4160068929195404,positive
0.37674057483673096,positive
0.42949867248535156,positive
0.4378105401992798,positive
0.41678744554519653,positive
0.3385925590991974,positive
0.3759975731372833,positive
0.38550418615341187,positive
0.41968393325805664,positive
0.4007185995578766,positive
0.35488083958625793,positive
0.38403305411338806,positive
0.40407466888427734,positive
0.4022458493709564,positive
0.40770238637924194,positive
0.40214401483535767,positive
0.41030508279800415,positive
0.4122617244720459,positive
0.42940783500671387,positive
0.3776257038116455,positive
0.4265446662902832,positive
1.8193718194961548,positive
0.3906530439853668,positive
0.3906515836715698,positive
0.38023948669433594,positive
0.4038010537624359,positive
0.4183877408504486,positive
0.395965039730072,positive
0.37670281529426575,positive
0.4211598038673401,positive
0.3876815438270569,positive
0.4303920567035675,positive
0.37017351388931274,positive
0.3971130847930908,positive
0.3811100423336029,positive
0.3691323399543762,positive
0.3931647837162018,positive
0.3905625343322754,positive
0.3869325518608093,positive
0.4547905921936035,positive
0.40104955434799194,positive
0.3687204122543335,positive
0.37881365418434143,positive
0.3623221218585968,positive
0.3681451380252838,positive
0.38494399189949036,positive
0.41924193501472473,positive
0.39025381207466125,positive
0.3743559420108795,positive
0.3755989968776703,positive
0.41306716203689575,positive
0.3922455906867981,positive
0.38238441944122314,positive
0.4361654222011566,positive
0.40645039081573486,positive
0.41653406620025635,positive
0.41787299513816833,positive
0.3479471504688263,positive
0.3797435462474823,positive
0.44395291805267334,positive
0.36908480525016785,positive
0.43053093552589417,positive
0.41844919323921204,positive
0.4255399703979492,positive
0.43733376264572144,positive
0.4009977877140045,positive
0.386137992143631,positive
0.38970747590065,positive
0.42415544390678406,positive
0.41595759987831116,positive
0.4004581570625305,positive
0.3984003961086273,positive
0.41305142641067505,positive
0.3837595582008362,positive
0.4038759768009186,positive
0.4180852472782135,positive
0.3545134365558624,positive
0.40860825777053833,positive
0.3883647322654724,positive
0.38643819093704224,positive
0.4156675636768341,positive
0.379185289144516,positive
0.36884790658950806,positive
0.34067466855049133,positive
0.37543076276779175,positive
0.39761456847190857,positive
0.39234405755996704,positive
0.4406015872955322,positive
0.4003369212150574,positive
0.38453781604766846,positive
0.40226906538009644,positive
0.3896336853504181,positive
0.42190802097320557,positive
0.4016360640525818,positive
0.40370476245880127,positive
0.4044235050678253,positive
0.4118254780769348,positive
0.35124197602272034,positive
0.3885696232318878,positive
0.29954707622528076,positive
1.428184986114502,positive
0.40988999605178833,positive
0.3157122731208801,positive
1.149232029914856,positive
0.3793070614337921,positive
0.3936280906200409,positive
0.40339961647987366,positive
0.42528989911079407,positive
0.38292255997657776,positive
0.34061703085899353,positive
0.41176193952560425,positive
0.39136064052581787,positive
0.3755945861339569,positive
0.4178626239299774,positive
0.41310304403305054,positive
0.44360166788101196,positive
0.38966310024261475,positive
0.34969839453697205,positive
0.4108656346797943,positive
0.4259621202945709,positive
0.36656641960144043,positive
0.38519158959388733,positive
0.38973864912986755,positive
0.4354628622531891,positive
0.37841999530792236,positive
0.3906198740005493,positive
0.39980244636535645,positive
0.34768733382225037,positive
0.4151189923286438,positive
0.3505762815475464,positive
0.3928232192993164,positive
0.4369041919708252,positive
0.38142016530036926,positive
0.36632585525512695,positive
0.3389003574848175,positive
0.3999306857585907,positive
0.42712897062301636,positive
0.38526451587677,positive
0.37921836972236633,positive
0.39884141087532043,positive
0.3800894618034363,positive
0.3855758607387543,positive
0.3434630334377289,positive
0.41010719537734985,positive
0.374518483877182,positive
2.012664556503296,positive
0.3942068815231323,positive
0.3776569366455078,positive
0.3913019299507141,positive
0.3815913498401642,positive
0.3647521734237671,positive
0.4654131829738617,positive
0.43198248744010925,positive
0.40400829911231995,positive
0.3707774579524994,positive
0.36551451683044434,positive
0.30831512808799744,positive
0.3805497884750366,positive
0.35742294788360596,positive
0.3924010396003723,positive
0.38953521847724915,positive
0.39483287930488586,positive
0.4191247224807739,positive
0.46434205770492554,positive
0.344162255525589,positive
0.43584761023521423,positive
0.38129231333732605,positive
0.38119789958000183,positive
0.4140991270542145,positive
0.3835189938545227,positive
0.4080784320831299,positive
0.38416314125061035,positive
0.3754907548427582,positive
1.521437406539917,positive
0.40902718901634216,positive
0.38987457752227783,positive
0.3990762531757355,positive
0.3646041452884674,positive
0.4107941687107086,positive
0.3831377327442169,positive
0.3779028356075287,positive
0.3926716148853302,positive
0.3903566896915436,positive
0.3873075842857361,positive
1.708211064338684,positive
0.37958237528800964,positive
0.42042049765586853,positive
1.544598937034607,positive
0.37947365641593933,positive
0.4163331389427185,positive
0.4085583984851837,positive
0.39458605647087097,positive
0.4068908095359802,positive
0.39644595980644226,positive
0.4098684787750244,positive
0.4018925130367279,positive
0.3929648697376251,positive
0.34549713134765625,positive
0.38483095169067383,positive
0.4061015546321869,positive
0.43960893154144287,positive
0.4013582766056061,positive
1.9479628801345825,positive
0.38973361253738403,positive
0.41435328125953674,positive
0.3909160792827606,positive
0.3545345664024353,positive
0.3935971260070801,positive
1.9846409559249878,positive
0.38867565989494324,positive
0.3972862958908081,positive
0.39728397130966187,positive
0.4254705607891083,positive
0.3680437207221985,positive
0.4144979417324066,positive
0.4018503427505493,positive
0.38619324564933777,positive
0.380247563123703,positive
0.4343368411064148,positive
0.3624848425388336,positive
0.35919806361198425,positive
0.3962630331516266,positive
0.44751879572868347,positive
0.3662519156932831,positive
0.39878013730049133,positive
0.3803805708885193,positive
0.39231517910957336,positive
0.3714202344417572,positive
0.4123865067958832,positive
0.40338683128356934,positive
0.38794800639152527,positive
0.4092884957790375,positive
0.41814276576042175,positive
0.3906150758266449,positive
0.41202059388160706,positive
0.4062660038471222,positive
0.3904084265232086,positive
0.3780897855758667,positive
0.4235014319419861,positive
0.42831048369407654,positive
0.3479069471359253,positive
0.4103664457798004,positive
0.3993561565876007,positive
0.3692037761211395,positive
0.4015766382217407,positive
0.4290182590484619,positive
0.3907633423805237,positive
0.37830686569213867,positive
0.4047795236110687,positive
0.39465901255607605,positive
0.39039021730422974,positive
0.37691766023635864,positive
1.8316287994384766,positive
0.4023032486438751,positive
0.3949505388736725,positive
0.44590213894844055,positive
0.2976742684841156,positive
0.35728922486305237,positive
0.39131319522857666,positive
0.3633258640766144,positive
0.35427990555763245,positive
0.3949202001094818,positive
0.42124682664871216,positive
0.44341856241226196,positive
0.41207343339920044,positive
0.41667020320892334,positive
0.34689396619796753,positive
0.39063408970832825,positive
0.39676743745803833,positive
0.39253273606300354,positive
0.410861074924469,positive
0.43544045090675354,positive
0.39838114380836487,positive
0.3668525815010071,positive
0.3221670389175415,positive
0.37610042095184326,positive
0.3881245255470276,positive
0.4149497449398041,positive
0.33071598410606384,positive
0.37625062465667725,positive
0.4127442538738251,positive
0.3906196057796478,positive
0.4264133870601654,positive
0.4082382321357727,positive
0.3559115529060364,positive
2.2649292945861816,positive
0.39572519063949585,positive
0.35368046164512634,positive
0.4057390093803406,positive
0.31580665707588196,positive
0.3185681104660034,positive
0.40868279337882996,positive
0.4281345307826996,positive
0.34479328989982605,positive
0.5157761573791504,positive
0.40610387921333313,positive
0.42846113443374634,positive
1.5582621097564697,positive
0.36732015013694763,positive
0.3727979063987732,positive
0.4187155067920685,positive
0.4529864192008972,positive
0.3979421555995941,positive
0.3921402096748352,positive
0.403338760137558,positive
0.3880493640899658,positive
0.38889291882514954,positive
0.3871532678604126,positive
0.3585151433944702,positive
0.3865559995174408,positive
0.39296773076057434,positive
0.42552274465560913,positive
0.4153003990650177,positive
0.395399808883667,positive
0.3589341938495636,positive
0.4097934067249298,positive
0.32757800817489624,positive
0.33019110560417175,positive
0.4007897973060608,positive
0.4212307333946228,positive
0.3955797255039215,positive
0.36893442273139954,positive
0.398097962141037,positive
0.3392655551433563,positive
0.4095352292060852,positive
0.3893505036830902,positive
0.4059753119945526,positive
0.41467952728271484,positive
0.40213271975517273,positive
0.34658700227737427,positive
0.44987860321998596,positive
0.39534541964530945,positive
0.38354426622390747,positive
0.4165983498096466,positive
0.41548681259155273,positive
0.39611825346946716,positive
0.4186668395996094,positive
1.5229216814041138,positive
0.38783445954322815,positive
0.4074211120605469,positive
0.43077552318573,positive
0.45297321677207947,positive
0.39923328161239624,positive
0.40005040168762207,positive
0.38006147742271423,positive
0.38751694560050964,positive
0.394639790058136,positive
0.4395947754383087,positive
1.6710809469223022,positive
0.4050467312335968,positive
0.3977964520454407,positive
0.41591358184814453,positive
0.4204137921333313,positive
0.36272183060646057,positive
0.40173500776290894,positive
0.4031361937522888,positive
0.37402647733688354,positive
0.4239502251148224,positive
0.37939587235450745,positive
0.4078195095062256,positive
0.391343891620636,positive
0.41449159383773804,positive
0.37864047288894653,positive
0.36138245463371277,positive
0.35658106207847595,positive
0.39647039771080017,positive
0.41296786069869995,positive
0.33196890354156494,positive
0.34443768858909607,positive
0.3891739249229431,positive
0.38745594024658203,positive
0.3440820276737213,positive
0.40503987669944763,positive
0.4021415114402771,positive
0.4032765328884125,positive
0.40755826234817505,positive
0.4080376923084259,positive
0.3773283064365387,positive
0.3276849091053009,positive
0.42129015922546387,positive
0.3945734202861786,positive
0.384364515542984,positive
0.40914323925971985,positive
0.4142301082611084,positive
0.3994125723838806,positive
0.36468520760536194,positive
0.3344842791557312,positive
0.41530585289001465,positive
0.3964349627494812,positive
0.42265626788139343,positive
0.36974257230758667,positive
0.3846799433231354,positive
0.39202794432640076,positive
0.41406193375587463,positive
0.3612714111804962,positive
0.36364835500717163,positive
0.4137892723083496,positive
0.39244702458381653,positive
0.38550347089767456,positive
0.4122543931007385,positive
0.39059218764305115,positive
0.402325302362442,positive
0.38794252276420593,positive
0.3924542963504791,positive
0.35791677236557007,positive
0.3436505198478699,positive
0.41436588764190674,positive
0.4252375662326813,positive
2.078618288040161,positive
0.407579630613327,positive
0.3763963282108307,positive
0.436113566160202,positive
0.3024614155292511,positive
0.3763524293899536,positive
0.3767048418521881,positive
0.4170513153076172,positive
0.3998103439807892,positive
0.3931686282157898,positive
0.38608455657958984,positive
0.3776398301124573,positive
0.3564267158508301,positive
0.3864216208457947,positive
0.3724316358566284,positive
0.3998766541481018,positive
0.3705320358276367,positive
0.40153542160987854,positive
0.3614560067653656,positive
0.4161677062511444,positive
0.4343312680721283,positive
0.35662612318992615,positive
0.3816085159778595,positive
0.37759077548980713,positive
0.3846157491207123,positive
0.38597652316093445,positive
0.33862248063087463,positive
0.38455942273139954,positive
0.39515963196754456,positive
0.3733551800251007,positive
0.44516852498054504,positive
0.36689335107803345,positive
0.42168647050857544,positive
0.36491015553474426,positive
0.38496336340904236,positive
0.3713814914226532,positive
0.4354153573513031,positive
0.3722233772277832,positive
0.366669625043869,positive
0.4408034086227417,positive
1.74959135055542,positive
0.3886871039867401,positive
0.38044971227645874,positive
0.42305952310562134,positive
0.39513012766838074,positive
0.38788607716560364,positive
0.3899349570274353,positive
0.42678067088127136,positive
0.39302122592926025,positive
0.38389846682548523,positive
0.3919920027256012,positive
0.3726575970649719,positive
0.35844725370407104,positive
0.35365691781044006,positive
0.3965671956539154,positive
0.4087876081466675,positive
0.4305677115917206,positive
0.37894773483276367,positive
0.3772584795951843,positive
0.4451768696308136,positive
0.3761363923549652,positive
0.40583834052085876,positive
0.42929530143737793,positive
0.42219629883766174,positive
0.40123608708381653,positive
0.42514124512672424,positive
0.4088146984577179,positive
0.3534002900123596,positive
0.4089289605617523,positive
0.3689965605735779,positive
0.3673630356788635,positive
0.33670759201049805,positive
0.4455823004245758,positive
0.4040307104587555,positive
0.4123245179653168,positive
0.41096022725105286,positive
0.4857180416584015,positive
0.3840796649456024,positive
0.41848450899124146,positive
0.4215056896209717,positive
0.4106036424636841,positive
0.42755627632141113,positive
0.3825073838233948,positive
0.41578301787376404,positive
0.40342918038368225,positive
0.372293084859848,positive
0.3922770023345947,positive
0.44642820954322815,positive
0.38896986842155457,positive
0.4012828469276428,positive
0.4155553877353668,positive
0.38807353377342224,positive
0.4106881022453308,positive
0.4022805392742157,positive
0.420629620552063,positive
0.3427906334400177,positive
0.4158152639865875,positive
0.4086771607398987,positive
0.3851940929889679,positive
0.3588555157184601,positive
0.3761007785797119,positive
0.4131908714771271,positive
0.416695237159729,positive
0.39871883392333984,positive
0.40634679794311523,positive
0.35215121507644653,positive
0.32176995277404785,positive
0.40917277336120605,positive
0.39337506890296936,positive
0.38943392038345337,positive
0.3899003863334656,positive
0.42838752269744873,positive
0.3897533714771271,positive
0.3976251482963562,positive
0.4044967293739319,positive
0.39830777049064636,positive
0.4155753552913666,positive
0.41994160413742065,positive
0.3796323239803314,positive
0.3759269714355469,positive
0.4095100164413452,positive
0.3524808883666992,positive
0.38331103324890137,positive
0.38090601563453674,positive
0.9941006302833557,positive
0.3695000410079956,positive
0.40046072006225586,positive
0.39931076765060425,positive
0.4309329390525818,positive
0.4594290256500244,positive
0.3994678854942322,positive
0.41495412588119507,positive
0.378995805978775,positive
0.41913437843322754,positive
0.37298163771629333,positive
0.3694203197956085,positive
0.4199222922325134,positive
0.3887503743171692,positive
0.36660635471343994,positive
0.36337757110595703,positive
0.33663326501846313,positive
2.187544822692871,positive
0.4177889823913574,positive
0.3863098919391632,positive
0.3888315260410309,positive
0.36790093779563904,positive
0.38520118594169617,positive
0.42482343316078186,positive
2.1210362911224365,positive
0.3382583260536194,positive
0.3825838267803192,positive
0.38384705781936646,positive
0.39008304476737976,positive
0.40345099568367004,positive
0.3989483118057251,positive
0.410739928483963,positive
0.41817042231559753,positive
0.40125012397766113,positive
0.4145829975605011,positive
0.3893758952617645,positive
0.42467179894447327,positive
0.3867313861846924,positive
0.36307477951049805,positive
0.4267219305038452,positive
0.39715319871902466,positive
0.4106747806072235,positive
0.39335423707962036,positive
0.4001583158969879,positive
0.4129847586154938,positive
0.40348002314567566,positive
0.3985346257686615,positive
0.36092451214790344,positive
0.4096725583076477,positive
0.37107110023498535,positive
0.4030768871307373,positive
0.40808284282684326,positive
0.33666858077049255,positive
0.397123783826828,positive
0.4496791660785675,positive
0.388004332780838,positive
0.43192848563194275,positive
0.37750527262687683,positive
0.5327915549278259,positive
0.39620205760002136,positive
0.40257343649864197,positive
0.13309915363788605,positive
0.41456082463264465,positive
0.41322061419487,positive
0.3521115183830261,positive
0.37429967522621155,positive
0.4141579568386078,positive
0.4063584804534912,positive
0.37471672892570496,positive
0.4265955686569214,positive
0.42971789836883545,positive
0.41592681407928467,positive
0.3957403600215912,positive
0.34876471757888794,positive
0.3571467697620392,positive
0.3919680118560791,positive
0.39907175302505493,positive
0.3890513777732849,positive
0.40381473302841187,positive
0.4534323215484619,positive
0.42308810353279114,positive
2.0188088417053223,positive
0.38717493414878845,positive
0.3308328092098236,positive
0.3810465931892395,positive
0.38989999890327454,positive
0.4058944284915924,positive
0.41167131066322327,positive
0.4100959599018097,positive
0.3832453489303589,positive
0.3835592269897461,positive
0.4097074270248413,positive
0.41162365674972534,positive
0.378753125667572,positive
0.4071733057498932,positive
0.3896459639072418,positive
0.4237215220928192,positive
0.39409542083740234,positive
0.40959393978118896,positive
0.3642778992652893,positive
0.38542604446411133,positive
0.4109238088130951,positive
0.4559536874294281,positive
0.3139202296733856,positive
0.3872985541820526,positive
0.3796178996562958,positive
0.4327945113182068,positive
0.40826237201690674,positive
0.3630313277244568,positive
0.36189430952072144,positive
0.3942062258720398,positive
0.35505691170692444,positive
0.38220298290252686,positive
0.3865381181240082,positive
0.4553135633468628,positive
0.4163230061531067,positive
0.3389568328857422,positive
0.41976678371429443,positive
0.393766313791275,positive
0.3608700633049011,positive
0.40199556946754456,positive
0.37610071897506714,positive
0.4603676497936249,positive
0.36445507407188416,positive
0.4135891795158386,positive
0.3970995545387268,positive
0.3986206650733948,positive
0.30620765686035156,positive
0.3555249273777008,positive
0.4124700725078583,positive
0.3856040835380554,positive
0.4165126383304596,positive
0.3642200827598572,positive
0.4532053768634796,positive
0.3941055238246918,positive
0.38975316286087036,positive
0.3799291253089905,positive
0.3736449182033539,positive
0.4343305230140686,positive
0.4158473312854767,positive
0.41301098465919495,positive
0.4203472137451172,positive
0.45389267802238464,positive
0.3930976688861847,positive
0.3662707209587097,positive
0.3938800096511841,positive
0.3964691758155823,positive
0.3826928734779358,positive
0.3823632001876831,positive
0.43664395809173584,positive
0.36930933594703674,positive
0.3835749626159668,positive
0.4022480249404907,positive
0.4138697683811188,positive
0.3705759048461914,positive
0.4315251111984253,positive
0.361136794090271,positive
1.571399211883545,positive
0.38167011737823486,positive
0.33671024441719055,positive
0.41490527987480164,positive
0.3898797333240509,positive
0.4051945209503174,positive
0.39811235666275024,positive
0.4109036922454834,positive
0.4266739785671234,positive
0.39367467164993286,positive
0.4242229759693146,positive
0.3600935637950897,positive
0.3895845115184784,positive
0.359367698431015,positive
0.3993622362613678,positive
0.39019298553466797,positive
0.37609753012657166,positive
0.3676338791847229,positive
0.407473087310791,positive
0.30180731415748596,positive
0.3792143762111664,positive
0.3750503659248352,positive
0.3128889501094818,positive
0.3972943425178528,positive
0.37050890922546387,positive
0.4082314372062683,positive
0.3944392800331116,positive
0.3802972733974457,positive
0.3828229010105133,positive
0.3606198728084564,positive
0.37548843026161194,positive
0.4041684567928314,positive
0.39376363158226013,positive
0.3789215087890625,positive
0.43645673990249634,positive
0.399729460477829,positive
0.41051140427589417,positive
0.40714097023010254,positive
0.4300190210342407,positive
0.3988068103790283,positive
0.4533412456512451,positive
0.3317203223705292,positive
0.4129255712032318,positive
0.3897020220756531,positive
0.38449740409851074,positive
0.3700427711009979,positive
0.40490877628326416,positive
0.4049977660179138,positive
0.4035014808177948,positive
0.3590163290500641,positive
0.3809730112552643,positive
0.3903883993625641,positive
0.4277929365634918,positive
0.3907685875892639,positive
0.3905750513076782,positive
0.357401579618454,positive
0.36361366510391235,positive
0.4223750829696655,positive
0.3853512704372406,positive
0.35388410091400146,positive
0.4062327742576599,positive
0.39551210403442383,positive
0.4081110954284668,positive
0.37403175234794617,positive
0.4171586036682129,positive
0.3906373679637909,positive
0.3417254388332367,positive
0.3866296410560608,positive
0.4044877588748932,positive
0.40448081493377686,positive
0.36471453309059143,positive
0.42705580592155457,positive
0.3947306275367737,positive
0.8063957691192627,positive
0.4006699025630951,positive
0.37349000573158264,positive
0.39638593792915344,positive
0.3690877854824066,positive
0.40605443716049194,positive
0.38656002283096313,positive
0.39692750573158264,positive
0.374036580324173,positive
0.3814360201358795,positive
0.41185882687568665,positive
0.3864692747592926,positive
0.3786250650882721,positive
0.4328725039958954,positive
0.427438348531723,positive
0.4296526312828064,positive
0.4283390939235687,positive
0.36056751012802124,positive
0.3856774866580963,positive
0.40877002477645874,positive
0.4111705422401428,positive
0.38287296891212463,positive
0.3883449137210846,positive
0.4294121563434601,positive
0.41207414865493774,positive
0.34170040488243103,positive
0.396793395280838,positive
0.40938133001327515,positive
0.40202492475509644,positive
0.3500591814517975,positive
0.39156362414360046,positive
0.4377024173736572,positive
0.3710702657699585,positive
0.3730131685733795,positive
0.38226693868637085,positive
0.4146776497364044,positive
0.36328643560409546,positive
0.4085442125797272,positive
0.4070037603378296,positive
0.3740181624889374,positive
0.3990245759487152,positive
0.40028509497642517,positive
0.3554579019546509,positive
0.38376256823539734,positive
0.3799053430557251,positive
0.4167540967464447,positive
0.47182565927505493,positive
0.43161389231681824,positive
0.3930986523628235,positive
0.383249431848526,positive
0.36526650190353394,positive
0.3818195164203644,positive
0.3978821039199829,positive
0.41441890597343445,positive
0.4191642701625824,positive
0.37071895599365234,positive
0.40973716974258423,positive
0.3025193214416504,positive
0.37261176109313965,positive
0.3872562348842621,positive
0.43221116065979004,positive
0.4014914333820343,positive
0.3777538239955902,positive
0.3840000331401825,positive
1.715040922164917,positive
0.40468958020210266,positive
0.35685452818870544,positive
0.3986029326915741,positive
0.4161764979362488,positive
0.4272031784057617,positive
0.3935580849647522,positive
0.42091408371925354,positive
0.4195116460323334,positive
0.37430891394615173,positive
0.3635152578353882,positive
0.3646974265575409,positive
0.39348357915878296,positive
0.378336101770401,positive
0.4007304310798645,positive
0.395926833152771,positive
0.4183092713356018,positive
0.40769052505493164,positive
0.40156853199005127,positive
0.43526455760002136,positive
0.3738834857940674,positive
1.6430970430374146,positive
0.41211405396461487,positive
0.41487377882003784,positive
0.35680311918258667,positive
0.36971068382263184,positive
0.38787052035331726,positive
0.3962973952293396,positive
0.4220479130744934,positive
0.45990392565727234,positive
0.40061622858047485,positive
0.4237654507160187,positive
0.3686789274215698,positive
0.3718942105770111,positive
0.371637225151062,positive
0.4162527024745941,positive
0.4138309359550476,positive
0.3917592763900757,positive
0.3737099766731262,positive
0.39058616757392883,positive
0.4080972671508789,positive
0.40256422758102417,positive
0.40623584389686584,positive
0.458477646112442,positive
0.4289920926094055,positive
0.43725886940956116,positive
0.3598684072494507,positive
0.3868330419063568,positive
0.3296167254447937,positive
0.3808216452598572,positive
0.4087616503238678,positive
0.4270056486129761,positive
0.401734858751297,positive
0.39018750190734863,positive
0.40342390537261963,positive
0.38700029253959656,positive
0.3314879238605499,positive
0.4364575743675232,positive
0.41556084156036377,positive
0.42170384526252747,positive
0.3857272267341614,positive
0.39412370324134827,positive
0.39280587434768677,positive
0.42388808727264404,positive
0.4104878902435303,positive
0.3867577314376831,positive
0.3682214915752411,positive
0.3801767826080322,positive
0.408128947019577,positive
0.3220556974411011,positive
0.3098006546497345,positive
0.3986327350139618,positive
0.42434006929397583,positive
0.4097461700439453,positive
0.37462830543518066,positive
0.3289051055908203,positive
0.4131956994533539,positive
0.39635658264160156,positive
0.4231974184513092,positive
0.3918672204017639,positive
0.3563337028026581,positive
0.4043147563934326,positive
0.44904810190200806,positive
0.42902252078056335,positive
0.39759737253189087,positive
0.35720065236091614,positive
0.4126953184604645,positive
0.40479615330696106,positive
0.3965773582458496,positive
0.38922083377838135,positive
0.37408310174942017,positive
0.39462047815322876,positive
0.4383678734302521,positive
0.4121970236301422,positive
0.34765633940696716,positive
0.41851916909217834,positive
0.39503470063209534,positive
0.4015786945819855,positive
0.40946274995803833,positive
0.4076118767261505,positive
0.4174756407737732,positive
0.393047958612442,positive
0.37851932644844055,positive
0.4007272720336914,positive
0.41718530654907227,positive
0.4065299928188324,positive
0.41912269592285156,positive
0.3673977255821228,positive
0.39038771390914917,positive
0.35085102915763855,positive
0.40443602204322815,positive
0.3894090950489044,positive
0.4064100682735443,positive
0.42279019951820374,positive
0.3973989486694336,positive
0.4205617308616638,positive
0.33982226252555847,positive
0.39193713665008545,positive
0.40149226784706116,positive
0.3936087191104889,positive
0.38947543501853943,positive
2.0193071365356445,positive
0.4189397990703583,positive
0.3922501504421234,positive
0.43410277366638184,positive
0.4008997082710266,positive
0.3942714035511017,positive
0.4338878393173218,positive
0.37547287344932556,positive
0.3912128806114197,positive
0.42643630504608154,positive
0.4294371008872986,positive
0.3914693593978882,positive
0.43253928422927856,positive
0.41210708022117615,positive
0.3875167667865753,positive
0.3898979723453522,positive
1.7919604778289795,positive
0.4098660945892334,positive
0.44478484988212585,positive
0.3871276378631592,positive
0.42059049010276794,positive
2.2488348484039307,positive
0.42788490653038025,positive
0.40416863560676575,positive
0.37175631523132324,positive
0.40474018454551697,positive
0.28918182849884033,positive
0.3545762598514557,positive
0.3252888023853302,positive
0.37560585141181946,positive
0.3947223424911499,positive
0.4116666615009308,positive
0.3927200138568878,positive
0.3929533362388611,positive
0.4271429777145386,positive
0.3854126036167145,positive
0.43208739161491394,positive
0.3445371091365814,positive
0.4357241094112396,positive
0.42998895049095154,positive
0.42295485734939575,positive
0.3480657935142517,positive
0.41190850734710693,positive
0.4124680459499359,positive
0.4075002670288086,positive
0.39016616344451904,positive
0.4206832945346832,positive
0.4016566574573517,positive
0.4074065089225769,positive
0.4261886775493622,positive
0.4186769723892212,positive
0.3965502977371216,positive
0.45619654655456543,positive
0.39309531450271606,positive
0.38616839051246643,positive
0.38314035534858704,positive
0.400230348110199,positive
0.3905600607395172,positive
0.39912277460098267,positive
0.3865257203578949,positive
0.41712647676467896,positive
0.4118361473083496,positive
0.40245047211647034,positive
0.3859051465988159,positive
0.39806005358695984,positive
0.4118853807449341,positive
0.4041917026042938,positive
0.33730223774909973,positive
0.3542918264865875,positive
0.3903062343597412,positive
0.39037856459617615,positive
0.39629849791526794,positive
0.34635624289512634,positive
0.39389753341674805,positive
0.3857274055480957,positive
0.4116666913032532,positive
0.4388376772403717,positive
0.43876710534095764,positive
0.38781440258026123,positive
0.4116077721118927,positive
0.383489727973938,positive
0.3977327048778534,positive
0.4005655348300934,positive
0.38973087072372437,positive
0.3800789415836334,positive
0.41612502932548523,positive
0.41333040595054626,positive
0.3889974057674408,positive
0.3933101296424866,positive
0.3724656403064728,positive
0.3603403866291046,positive
0.4042951464653015,positive
0.381258100271225,positive
0.34197965264320374,positive
0.3804093897342682,positive
0.3435775637626648,positive
0.4053729772567749,positive
0.385505735874176,positive
0.39488571882247925,positive
0.39292019605636597,positive
0.3780291974544525,positive
0.3861425518989563,positive
0.40474405884742737,positive
0.4084995687007904,positive
0.38388484716415405,positive
0.38707950711250305,positive
0.38808032870292664,positive
0.38136693835258484,positive
0.4210825264453888,positive
0.3991747796535492,positive
0.43217945098876953,positive
0.3812928795814514,positive
0.3869376480579376,positive
0.40411314368247986,positive
0.39242303371429443,positive
0.4221835434436798,positive
0.4211105406284332,positive
0.41293463110923767,positive
0.4305507242679596,positive
0.3595243990421295,positive
0.3947751224040985,positive
0.3656960427761078,positive
0.387045294046402,positive
0.4068520963191986,positive
0.4225267767906189,positive
0.3639419376850128,positive
0.3906826078891754,positive
0.3896750807762146,positive
0.3685641288757324,positive
0.34066516160964966,positive
0.3723243772983551,positive
0.4090161919593811,positive
0.38008442521095276,positive
0.377544641494751,positive
0.3011094331741333,positive
0.39644142985343933,positive
0.3387710452079773,positive
0.4199919104576111,positive
0.39686471223831177,positive
0.40792447328567505,positive
0.40052416920661926,positive
0.3900168538093567,positive
2.0316872596740723,positive
0.38667893409729004,positive
0.40489742159843445,positive
0.4054057002067566,positive
0.3989098072052002,positive
0.4057997167110443,positive
0.40886396169662476,positive
0.4200941324234009,positive
0.40189677476882935,positive
0.4286097586154938,positive
0.37522122263908386,positive
0.40310466289520264,positive
0.34804195165634155,positive
0.40418699383735657,positive
0.363121896982193,positive
0.4029403626918793,positive
0.39223697781562805,positive
0.3917911946773529,positive
0.39416733384132385,positive
0.32415658235549927,positive
2.6244614124298096,positive
1.384246587753296,positive
0.3945944309234619,positive
0.37844136357307434,positive
0.4998454749584198,positive
0.40666720271110535,positive
0.39400941133499146,positive
0.38305526971817017,positive
0.35638272762298584,positive
1.789446473121643,positive
0.3939475417137146,positive
0.3856019973754883,positive
0.410770058631897,positive
0.39421117305755615,positive
0.4245690703392029,positive
0.4143122434616089,positive
0.40311259031295776,positive
0.3448239266872406,positive
0.3824760913848877,positive
0.40485629439353943,positive
0.3909992277622223,positive
0.4561263620853424,positive
0.3732343018054962,positive
0.44953861832618713,positive
0.42964625358581543,positive
0.4116792678833008,positive
0.3969874382019043,positive
0.387155145406723,positive
0.39188462495803833,positive
0.4238949120044708,positive
0.38494235277175903,positive
0.3991723954677582,positive
0.40645116567611694,positive
0.3217940330505371,positive
0.3900664448738098,positive
0.40728434920310974,positive
0.3697710335254669,positive
0.3051910996437073,positive
0.3832054138183594,positive
0.4021214246749878,positive
0.39975059032440186,positive
0.4025407135486603,positive
0.40460440516471863,positive
0.39101898670196533,positive
0.4034290909767151,positive
1.7844005823135376,positive
0.3711118996143341,positive
0.38999661803245544,positive
0.4153149425983429,positive
0.37744051218032837,positive
0.3933960199356079,positive
0.37694576382637024,positive
0.41975638270378113,positive
0.4153551459312439,positive
0.3806956708431244,positive
0.3984720706939697,positive
0.3683963716030121,positive
0.373101145029068,positive
0.4991212487220764,positive
0.3908337950706482,positive
0.32665005326271057,positive
0.4419626295566559,positive
0.39625293016433716,positive
0.37993109226226807,positive
0.377187043428421,positive
0.3561827540397644,positive
0.39012905955314636,positive
0.41162583231925964,positive
0.4013962149620056,positive
0.42613810300827026,positive
0.41952821612358093,positive
0.4392361640930176,positive
0.3066668212413788,positive
0.39612844586372375,positive
0.41389068961143494,positive
0.36862611770629883,positive
0.3867972195148468,positive
0.36090540885925293,positive
0.3709631860256195,positive
0.3851411044597626,positive
0.42080363631248474,positive
0.3537485897541046,positive
0.42021074891090393,positive
0.40649348497390747,positive
0.3601284623146057,positive
0.3652631640434265,positive
0.35341107845306396,positive
0.3960822522640228,positive
0.4073328971862793,positive
0.33810266852378845,positive
0.46569937467575073,positive
0.3748241364955902,positive
0.3877154588699341,positive
0.4069155752658844,positive
0.36382442712783813,positive
0.3750777244567871,positive
0.34671321511268616,positive
0.38571497797966003,positive
0.3807027041912079,positive
0.3790011405944824,positive
0.43853360414505005,positive
0.36610016226768494,positive
0.37388232350349426,positive
0.4008336365222931,positive
0.4194865822792053,positive
0.4154854416847229,positive
0.3792811334133148,positive
0.33756497502326965,positive
0.4034058153629303,positive
0.4398936927318573,positive
1.3814960718154907,positive
0.39371535181999207,positive
0.39700987935066223,positive
0.37600088119506836,positive
0.36152178049087524,positive
0.37497952580451965,positive
0.4252820611000061,positive
0.37963926792144775,positive
2.1383543014526367,positive
0.41887369751930237,positive
0.40937039256095886,positive
1.7304538488388062,positive
0.44610780477523804,positive
0.3916947841644287,positive
0.4186887741088867,positive
0.41306447982788086,positive
0.4017121493816376,positive
0.39977383613586426,positive
0.39179784059524536,positive
0.42418068647384644,positive
0.41821110248565674,positive
0.36846014857292175,positive
0.42174869775772095,positive
0.4094502031803131,positive
0.3818769156932831,positive
0.38225218653678894,positive
0.3236314356327057,positive
0.33982035517692566,positive
0.399249792098999,positive
0.37995314598083496,positive
2.1755905151367188,positive
0.3476530611515045,positive
0.4317913055419922,positive
0.4091843068599701,positive
0.35124534368515015,positive
0.4117053747177124,positive
0.40459537506103516,positive
0.4205261468887329,positive
0.4431026875972748,positive
0.3471214175224304,positive
0.38767313957214355,positive
0.40458929538726807,positive
0.40368208289146423,positive
0.3733372390270233,positive
0.4291814863681793,positive
0.40639424324035645,positive
0.3810730278491974,positive
0.392558753490448,positive
0.42942145466804504,positive
0.38520193099975586,positive
0.41396284103393555,positive
0.352298766374588,positive
0.38408762216567993,positive
0.3675489127635956,positive
0.39427468180656433,positive
0.40137818455696106,positive
0.36832237243652344,positive
0.3794659674167633,positive
0.3809438645839691,positive
0.3561632037162781,positive
0.40150290727615356,positive
0.3139559328556061,positive
0.39171460270881653,positive
0.37667137384414673,positive
0.382802814245224,positive
0.431781142950058,positive
0.4409352242946625,positive
0.4012365937232971,positive
0.41574791073799133,positive
0.4013361930847168,positive
0.413449764251709,positive
0.4442492127418518,positive
0.3586041331291199,positive
0.3494187295436859,positive
0.41499894857406616,positive
0.39339637756347656,positive
0.39085128903388977,positive
0.4122897684574127,positive
0.38524022698402405,positive
0.34530460834503174,positive
0.4075968563556671,positive
0.42159682512283325,positive
0.3560699224472046,positive
0.39241474866867065,positive
0.40522292256355286,positive
0.4143262803554535,positive
0.3873284161090851,positive
0.34764233231544495,positive
0.39391306042671204,positive
0.4153994023799896,positive
0.38589707016944885,positive
0.41645896434783936,positive
0.35538771748542786,positive
0.38551780581474304,positive
0.38673102855682373,positive
0.3989388048648834,positive
0.42660823464393616,positive
0.38115668296813965,positive
0.39830777049064636,positive
0.41440483927726746,positive
0.38583889603614807,positive
1.9360699653625488,positive
0.40381595492362976,positive
0.37849321961402893,positive
0.4030993580818176,positive
0.42026522755622864,positive
0.36224719882011414,positive
0.39663568139076233,positive
0.39713138341903687,positive
0.4125191569328308,positive
0.4144873321056366,positive
0.399387001991272,positive
0.40184056758880615,positive
0.3960270881652832,positive
0.31975236535072327,positive
0.3920568823814392,positive
0.39453908801078796,positive
0.39742225408554077,positive
0.37892040610313416,positive
0.38530921936035156,positive
0.38843029737472534,positive
0.4343951940536499,positive
0.3955862522125244,positive
0.4204196631908417,positive
0.46059998869895935,positive
0.3872179090976715,positive
0.39311304688453674,positive
0.39963969588279724,positive
0.3711336851119995,positive
0.3724115490913391,positive
0.4214036762714386,positive
0.42022937536239624,positive
0.40532171726226807,positive
0.39365819096565247,positive
0.36422237753868103,positive
0.40780875086784363,positive
1.4950700998306274,positive
0.3159038722515106,positive
0.40621238946914673,positive
0.3670586943626404,positive
0.34655749797821045,positive
0.5025004744529724,positive
0.43289291858673096,positive
0.4057346284389496,positive
0.4247732162475586,positive
0.3795164227485657,positive
0.3712434768676758,positive
0.35501086711883545,positive
0.3821317255496979,positive
0.37576842308044434,positive
0.3876754641532898,positive
0.40452635288238525,positive
0.34916383028030396,positive
0.5083368420600891,positive
0.35784661769866943,positive
0.4032740294933319,positive
0.4296751320362091,positive
0.3863670527935028,positive
0.42009028792381287,positive
0.3905983865261078,positive
0.34979650378227234,positive
0.3765932321548462,positive
0.4503493010997772,positive
0.3932415544986725,positive
0.3703380823135376,positive
0.40134382247924805,positive
0.4079000949859619,positive
0.4014899432659149,positive
0.39198386669158936,positive
0.37126171588897705,positive
0.39052334427833557,positive
0.3909919261932373,positive
0.39912769198417664,positive
0.3967113196849823,positive
0.40865740180015564,positive
0.44235149025917053,positive
0.32942649722099304,positive
0.39439311623573303,positive
0.396884948015213,positive
0.4542956054210663,positive
0.34728866815567017,positive
0.38783445954322815,positive
0.3766281306743622,positive
0.41865184903144836,positive
0.3713662922382355,positive
0.42290428280830383,positive
0.4068312644958496,positive
0.41950953006744385,positive
0.41660699248313904,positive
0.4660392999649048,positive
0.39078065752983093,positive
0.42340072989463806,positive
0.41492849588394165,positive
0.419138640165329,positive
0.41548365354537964,positive
0.38533809781074524,positive
0.4253707528114319,positive
0.3874397575855255,positive
0.4049961566925049,positive
0.3786398470401764,positive
0.3774169385433197,positive
2.0144875049591064,positive
0.44058549404144287,positive
0.43035948276519775,positive
0.4081691801548004,positive
0.38542118668556213,positive
0.4304458796977997,positive
0.4027690589427948,positive
0.43342360854148865,positive
0.7392991185188293,positive
0.3817152976989746,positive
0.4066650867462158,positive
0.39785000681877136,positive
0.4086344242095947,positive
0.39187702536582947,positive
0.4132421612739563,positive
0.40135782957077026,positive
0.4170685410499573,positive
0.4148389399051666,positive
0.4167209267616272,positive
0.37454304099082947,positive
0.3959086239337921,positive
0.38598406314849854,positive
0.38704660534858704,positive
0.42451977729797363,positive
0.4263707995414734,positive
0.42006632685661316,positive
0.391316682100296,positive
0.39435243606567383,positive
0.41898012161254883,positive
0.4078008830547333,positive
0.3048052191734314,positive
0.4791238605976105,positive
0.3953033685684204,positive
0.36872002482414246,positive
0.3954460322856903,positive
0.3959217965602875,positive
0.405813604593277,positive
0.4701005518436432,positive
0.38676977157592773,positive
0.37269046902656555,positive
0.3477343022823334,positive
0.40168964862823486,positive
0.36815306544303894,positive
0.4105120301246643,positive
0.38717108964920044,positive
0.42207834124565125,positive
0.3913513720035553,positive
0.36322635412216187,positive
0.39985039830207825,positive
0.3395203649997711,positive
0.35573774576187134,positive
0.40983226895332336,positive
0.3870638906955719,positive
0.39266732335090637,positive
0.38868072628974915,positive
0.35894373059272766,positive
0.40404212474823,positive
0.40249207615852356,positive
0.41701337695121765,positive
0.41547754406929016,positive
1.8577077388763428,positive
0.3905838429927826,positive
0.4082537591457367,positive
0.394809365272522,positive
0.38669154047966003,positive
0.3558689057826996,positive
0.37633875012397766,positive
0.4271838366985321,positive
0.32664573192596436,positive
0.3794180154800415,positive
0.36377447843551636,positive
0.38751858472824097,positive
0.4092685580253601,positive
0.34883973002433777,positive
0.37912073731422424,positive
0.3892046809196472,positive
0.36907610297203064,positive
0.431586354970932,positive
0.39064276218414307,positive
0.45520055294036865,positive
0.42061033844947815,positive
1.7723430395126343,positive
0.385348379611969,positive
0.3779633045196533,positive
0.3692414164543152,positive
0.419230192899704,positive
0.42459338903427124,positive
0.3865303099155426,positive
0.3921661972999573,positive
0.40750426054000854,positive
0.4108010530471802,positive
0.3644959032535553,positive
0.4255027174949646,positive
0.3817686140537262,positive
0.39447516202926636,positive
0.40987783670425415,positive
0.3688353896141052,positive
1.7547208070755005,positive
0.44501104950904846,positive
1.9751487970352173,positive
0.33298686146736145,positive
0.4081273674964905,positive
0.40345966815948486,positive
0.4167628586292267,positive
0.38063278794288635,positive
0.36408138275146484,positive
0.36585646867752075,positive
0.37612223625183105,positive
0.3362070918083191,positive
0.3843759298324585,positive
0.36636561155319214,positive
0.4381597936153412,positive
0.3726468086242676,positive
0.39902451634407043,positive
0.3925448954105377,positive
0.3759397864341736,positive
0.36222395300865173,positive
0.3675174117088318,positive
0.4013981521129608,positive
1.9221785068511963,positive
0.39862191677093506,positive
0.3440142571926117,positive
0.37056365609169006,positive
0.3931525945663452,positive
0.3622928857803345,positive
0.38215330243110657,positive
0.4187679886817932,positive
0.4243420660495758,positive
0.37334486842155457,positive
0.44455617666244507,positive
0.41490936279296875,positive
0.30125245451927185,positive
0.37326422333717346,positive
0.35867488384246826,positive
0.39410096406936646,positive
0.42026251554489136,positive
0.34999459981918335,positive
0.35315045714378357,positive
0.3815653324127197,positive
0.40510833263397217,positive
0.42181071639060974,positive
0.39988282322883606,positive
0.4102853536605835,positive
0.3887712061405182,positive
0.39509472250938416,positive
0.36966437101364136,positive
0.3769075870513916,positive
0.46588268876075745,positive
0.4452577531337738,positive
0.404983252286911,positive
0.3743526041507721,positive
0.4161898195743561,positive
0.4103773832321167,positive
0.36210981011390686,positive
0.36882704496383667,positive
0.34429749846458435,positive
0.3961679935455322,positive
0.3450429141521454,positive
0.40787091851234436,positive
0.37682732939720154,positive
0.39742693305015564,positive
0.5010925531387329,positive
0.380798876285553,positive
0.4500519633293152,positive
0.39145463705062866,positive
0.4037346839904785,positive
0.3615477681159973,positive
0.38076040148735046,positive
0.35412701964378357,positive
0.42679888010025024,positive
0.38576117157936096,positive
1.5528643131256104,positive
0.35545599460601807,positive
0.311466246843338,positive
0.3940012454986572,positive
0.3767441511154175,positive
0.41416916251182556,positive
0.394376665353775,positive
0.42520201206207275,positive
0.4330473840236664,positive
0.41053977608680725,positive
0.40968427062034607,positive
0.3414885699748993,positive
0.4156642258167267,positive
0.4314328730106354,positive
0.3587585389614105,positive
0.340045303106308,positive
0.3858683705329895,positive
0.423275887966156,positive
0.3942578434944153,positive
0.3405355215072632,positive
2.002614974975586,positive
0.3762762248516083,positive
0.35081931948661804,positive
0.39691194891929626,positive
0.339742511510849,positive
0.36577561497688293,positive
0.414354532957077,positive
0.39640334248542786,positive
0.38932719826698303,positive
0.41235196590423584,positive
0.3959791362285614,positive
0.41851547360420227,positive
0.35682201385498047,positive
0.38021788001060486,positive
0.3905828595161438,positive
0.36635127663612366,positive
0.3964103162288666,positive
0.40847909450531006,positive
0.3758271038532257,positive
0.4140750467777252,positive
0.2962913513183594,positive
0.35222283005714417,positive
0.42060819268226624,positive
0.42143723368644714,positive
0.4158332049846649,positive
0.3926773965358734,positive
0.3535558581352234,positive
0.4185434877872467,positive
0.4378863275051117,positive
0.38579151034355164,positive
0.3691886365413666,positive
0.42236363887786865,positive
1.9892563819885254,positive
0.398272305727005,positive
0.36043357849121094,positive
0.39843985438346863,positive
0.36081957817077637,positive
0.4253303110599518,positive
0.39539915323257446,positive
0.3849748969078064,positive
0.4331988990306854,positive
0.40961626172065735,positive
0.40297722816467285,positive
0.44615331292152405,positive
0.3952484130859375,positive
0.3489641547203064,positive
0.39647915959358215,positive
0.3950687050819397,positive
0.34929075837135315,positive
0.4039872884750366,positive
1.8771182298660278,positive
0.3821546733379364,positive
0.4159838557243347,positive
0.3698307275772095,positive
1.4938318729400635,positive
2.148707151412964,positive
0.3836815357208252,positive
0.40631985664367676,positive
0.35312968492507935,positive
0.384211927652359,positive
0.38909703493118286,positive
0.42267486453056335,positive
0.37532228231430054,positive
0.36399754881858826,positive
0.3951384425163269,positive
0.42314743995666504,positive
0.38602107763290405,positive
0.4093605577945709,positive
0.4027736485004425,positive
0.3902839422225952,positive
0.4310178756713867,positive
0.3920193016529083,positive
0.34095436334609985,positive
0.33759814500808716,positive
0.4281216263771057,positive
0.3965371549129486,positive
0.38038328289985657,positive
0.3618568181991577,positive
0.4150475859642029,positive
0.3619748055934906,positive
0.3561704754829407,positive
0.37828901410102844,positive
0.39202603697776794,positive
0.4228670299053192,positive
0.4167814552783966,positive
0.4326585829257965,positive
0.3944777846336365,positive
0.39266106486320496,positive
0.3619244694709778,positive
0.3446693420410156,positive
0.4188440144062042,positive
0.3207992613315582,positive
0.38534870743751526,positive
0.382470041513443,positive
0.40017980337142944,positive
0.38696131110191345,positive
0.35324499011039734,positive
0.38793453574180603,positive
0.40087631344795227,positive
0.4373149275779724,positive
0.3886988162994385,positive
0.35657018423080444,positive
0.36789530515670776,positive
0.410590261220932,positive
0.42134279012680054,positive
0.42392483353614807,positive
0.41875386238098145,positive
0.44988495111465454,positive
0.4160153269767761,positive
0.3782932162284851,positive
0.40784186124801636,positive
0.4599449038505554,positive
0.4008905291557312,positive
0.4131459891796112,positive
0.2513095736503601,positive
0.3938028812408447,positive
0.36417216062545776,positive
0.4246111810207367,positive
0.36771029233932495,positive
0.3754507005214691,positive
0.3933165669441223,positive
0.3964686393737793,positive
0.374362587928772,positive
0.39227211475372314,positive
0.3919426500797272,positive
0.41650983691215515,positive
0.4512135684490204,positive
0.4402567446231842,positive
0.41855552792549133,positive
0.40644967555999756,positive
0.42064419388771057,positive
2.142634868621826,positive
0.33609601855278015,positive
0.3796130120754242,positive
0.43223774433135986,positive
0.38861143589019775,positive
0.3843677341938019,positive
1.7056422233581543,positive
0.3961629867553711,positive
0.4221644103527069,positive
0.3916573226451874,positive
0.383949339389801,positive
0.4610402584075928,positive
0.3905717730522156,positive
0.40842705965042114,positive
0.373134970664978,positive
0.3779531717300415,positive
0.4025859534740448,positive
0.4122603237628937,positive
0.38667914271354675,positive
0.4369800090789795,positive
0.4184128940105438,positive
0.15756964683532715,positive
0.40124189853668213,positive
0.42882680892944336,positive
0.4153466522693634,positive
0.4180019795894623,positive
0.3612975776195526,positive
0.35171905159950256,positive
0.37442025542259216,positive
0.352480411529541,positive
0.4049009382724762,positive
0.39530783891677856,positive
0.37810391187667847,positive
0.421804815530777,positive
0.4014229476451874,positive
0.3524967432022095,positive
0.4305866062641144,positive
0.37139034271240234,positive
0.3827420473098755,positive
0.40073254704475403,positive
0.41116681694984436,positive
0.3977389335632324,positive
0.43196043372154236,positive
0.4023365378379822,positive
0.3896505832672119,positive
0.4082781672477722,positive
0.35860195755958557,positive
0.35394036769866943,positive
0.40474244952201843,positive
0.36944106221199036,positive
0.40591666102409363,positive
0.39117541909217834,positive
0.3675837218761444,positive
0.39647582173347473,positive
0.4092843532562256,positive
0.40863412618637085,positive
0.42644962668418884,positive
0.383863627910614,positive
0.397271990776062,positive
0.4025858938694,positive
0.376460999250412,positive
0.41359737515449524,positive
0.40764880180358887,positive
0.3770723044872284,positive
0.37759801745414734,positive
0.4442899525165558,positive
0.39424097537994385,positive
0.41753822565078735,positive
0.38828060030937195,positive
0.4160637855529785,positive
0.35454583168029785,positive
0.41029345989227295,positive
0.40875160694122314,positive
0.34343013167381287,positive
0.40303224325180054,positive
0.37749895453453064,positive
0.3938831686973572,positive
0.3515903949737549,positive
0.4128164052963257,positive
0.4261513650417328,positive
0.4418560266494751,positive
0.3895883560180664,positive
0.4048008322715759,positive
0.42814695835113525,positive
0.35051557421684265,positive
0.42890360951423645,positive
0.4444505274295807,positive
0.4185907542705536,positive
0.3661779463291168,positive
0.3570573925971985,positive
0.3948293924331665,positive
0.3903234899044037,positive
0.4311178922653198,positive
0.3963080048561096,positive
0.3836573660373688,positive
0.40739768743515015,positive
0.43202751874923706,positive
0.3695046007633209,positive
0.3532293438911438,positive
0.41361379623413086,positive
0.39546671509742737,positive
0.39616116881370544,positive
0.3981059193611145,positive
0.40453821420669556,positive
0.3879520893096924,positive
0.3994235098361969,positive
0.4101755917072296,positive
0.38804131746292114,positive
0.3677199184894562,positive
0.4751085042953491,positive
0.3842998147010803,positive
0.42407938838005066,positive
0.3145543038845062,positive
0.4089932143688202,positive
0.3735548257827759,positive
0.436711847782135,positive
0.4058867394924164,positive
0.42337819933891296,positive
0.4207105338573456,positive
0.354290246963501,positive
0.4120199382305145,positive
0.38759368658065796,positive
0.38809454441070557,positive
0.41736820340156555,positive
0.396481454372406,positive
0.38240641355514526,positive
0.4219103157520294,positive
0.41037219762802124,positive
0.4091002643108368,positive
0.40389662981033325,positive
2.314970016479492,positive
0.4002860188484192,positive
0.37439092993736267,positive
0.3498317301273346,positive
0.4044007956981659,positive
0.4153487980365753,positive
0.4053119122982025,positive
0.3382366895675659,positive
0.37155023217201233,positive
0.39994683861732483,positive
0.38338014483451843,positive
0.3971979320049286,positive
0.38050973415374756,positive
0.39351677894592285,positive
0.3803957998752594,positive
0.32926997542381287,positive
0.3974806070327759,positive
0.34552258253097534,positive
0.36353960633277893,positive
0.39570191502571106,positive
1.8735212087631226,positive
0.4382898807525635,positive
0.3252715766429901,positive
0.4440554678440094,positive
0.4065553843975067,positive
2.088188886642456,positive
0.3906198740005493,positive
0.39419275522232056,positive
0.3661877512931824,positive
0.3546575903892517,positive
0.4160788059234619,positive
0.3909674286842346,positive
0.38071054220199585,positive
0.4253673255443573,positive
0.4277985692024231,positive
0.3946183919906616,positive
0.3707139194011688,positive
0.42171528935432434,positive
0.365458607673645,positive
0.3552858829498291,positive
0.4407981336116791,positive
0.425116628408432,positive
0.39695680141448975,positive
0.41092535853385925,positive
0.42165103554725647,positive
0.4235510230064392,positive
0.4121573865413666,positive
0.362436980009079,positive
0.38785120844841003,positive
0.40926310420036316,positive
0.3749726116657257,positive
1.9583834409713745,positive
0.4324187934398651,positive
0.39295557141304016,positive
0.4159294068813324,positive
0.406991571187973,positive
0.3641727864742279,positive
0.4015001654624939,positive
0.4184914231300354,positive
0.4001029431819916,positive
0.38070863485336304,positive
0.4474671185016632,positive
0.33083710074424744,positive
0.38940340280532837,positive
0.37716180086135864,positive
0.3917393386363983,positive
0.4109714925289154,positive
0.4395194351673126,positive
0.4264428913593292,positive
0.3642764091491699,positive
0.4161148965358734,positive
0.4004729092121124,positive
0.3698433041572571,positive
0.3641090393066406,positive
0.39225828647613525,positive
0.41062721610069275,positive
0.3672260046005249,positive
0.369271844625473,positive
0.41810113191604614,positive
0.3281627297401428,positive
0.4040321409702301,positive
0.4064292907714844,positive
0.40538638830184937,positive
0.41456475853919983,positive
0.30683931708335876,positive
0.3996571898460388,positive
0.4044695794582367,positive
0.4066355526447296,positive
0.4100074768066406,positive
0.3982345163822174,positive
0.3666583001613617,positive
0.38637712597846985,positive
0.363893061876297,positive
0.3638484477996826,positive
0.4063788652420044,positive
0.3872623145580292,positive
0.3651100695133209,positive
0.41338199377059937,positive
0.4208614230155945,positive
0.41536206007003784,positive
0.35352176427841187,positive
0.385683536529541,positive
0.38057994842529297,positive
0.45359840989112854,positive
0.42508962750434875,positive
0.434299498796463,positive
0.4256657361984253,positive
0.43850231170654297,positive
0.3783409297466278,positive
0.36333924531936646,positive
2.012529134750366,positive
0.4262138307094574,positive
0.4071313738822937,positive
0.39541199803352356,positive
0.38901135325431824,positive
0.4024682939052582,positive
0.337869793176651,positive
0.4246499240398407,positive
0.38349679112434387,positive
0.36716365814208984,positive
0.3887350857257843,positive
0.37267041206359863,positive
0.43403947353363037,positive
0.36067262291908264,positive
0.37753430008888245,positive
0.38968122005462646,positive
0.3761120140552521,positive
0.4135283827781677,positive
0.39861583709716797,positive
0.41367870569229126,positive
0.38091063499450684,positive
0.3300724923610687,positive
0.36839917302131653,positive
0.3009973168373108,positive
0.39124953746795654,positive
0.41265177726745605,positive
0.37843945622444153,positive
0.37718263268470764,positive
0.3928108215332031,positive
0.39109161496162415,positive
0.35570719838142395,positive
0.38022810220718384,positive
0.3750183582305908,positive
0.35682815313339233,positive
0.3792729079723358,positive
0.38420236110687256,positive
0.3857797384262085,positive
0.3945898711681366,positive
0.3940125107765198,positive
0.5137773752212524,positive
0.4116446077823639,positive
0.40351051092147827,positive
0.3723004460334778,positive
0.38497188687324524,positive
1.1837013959884644,positive
0.4009318947792053,positive
0.4465354382991791,positive
1.8775444030761719,positive
0.4199267029762268,positive
0.39481833577156067,positive
0.3957514464855194,positive
0.40674975514411926,positive
0.3459940254688263,positive
0.35922691226005554,positive
0.39011386036872864,positive
2.1257405281066895,positive
0.40555861592292786,positive
0.4049832820892334,positive
0.3860364258289337,positive
0.42320677638053894,positive
0.3570791482925415,positive
0.3906179666519165,positive
0.36452651023864746,positive
0.4143376350402832,positive
0.40088343620300293,positive
0.43111807107925415,positive
0.3889424800872803,positive
0.4097581207752228,positive
0.41271427273750305,positive
0.3494822382926941,positive
0.3814767003059387,positive
0.3957732319831848,positive
0.3820018470287323,positive
0.3752630949020386,positive
0.3880975544452667,positive
0.4164981544017792,positive
0.3886217176914215,positive
0.39497271180152893,positive
0.4337870478630066,positive
0.4049634635448456,positive
0.39657849073410034,positive
0.3520139455795288,positive
0.4144464135169983,positive
2.127054452896118,positive
0.37414464354515076,positive
0.417635977268219,positive
0.3896515667438507,positive
0.41723933815956116,positive
0.427086740732193,positive
0.37460920214653015,positive
0.4327579140663147,positive
0.35477039217948914,positive
0.41932573914527893,positive
0.3914189636707306,positive
0.40683457255363464,positive
0.3778757154941559,positive
0.3758189380168915,positive
0.36230817437171936,positive
0.4494319558143616,positive
0.4083894193172455,positive
0.3818473219871521,positive
0.3490547239780426,positive
0.4316914975643158,positive
0.721964418888092,positive
0.4076169729232788,positive
0.39036810398101807,positive
0.4153497815132141,positive
0.4102906584739685,positive
0.3729029893875122,positive
0.388517290353775,positive
0.46564167737960815,positive
0.3567339777946472,positive
0.3302904963493347,positive
0.4220702350139618,positive
0.3641345202922821,positive
0.3736324608325958,positive
0.30193647742271423,positive
0.49262094497680664,positive
0.41500067710876465,positive
0.3619784116744995,positive
0.3846464455127716,positive
0.4017454981803894,positive
0.4152168929576874,positive
0.3596402406692505,positive
0.3703448176383972,positive
0.6603794097900391,positive
0.43756556510925293,positive
0.3814491331577301,positive
0.4001011848449707,positive
0.4042154848575592,positive
0.3728179931640625,positive
1.2891448736190796,positive
0.38366061449050903,positive
0.4008807837963104,positive
0.3656887412071228,positive
0.40343791246414185,positive
0.3876936733722687,positive
0.3899224102497101,positive
0.38064098358154297,positive
0.4005083441734314,positive
0.40590783953666687,positive
0.29553085565567017,positive
0.3858456313610077,positive
0.39324331283569336,positive
0.38679641485214233,positive
0.4373694658279419,positive
0.33974647521972656,positive
0.3866983950138092,positive
0.4321274757385254,positive
0.4213544428348541,positive
0.38414618372917175,positive
0.4148983359336853,positive
0.3077895939350128,positive
0.38998347520828247,positive
0.4031050503253937,positive
0.36469751596450806,positive
0.4329780638217926,positive
0.41856780648231506,positive
0.4314732253551483,positive
0.4147925078868866,positive
0.4249195158481598,positive
0.4084147810935974,positive
0.38782474398612976,positive
0.40465304255485535,positive
0.4378010034561157,positive
0.3557024896144867,positive
0.4008634388446808,positive
0.3953985273838043,positive
0.4117133319377899,positive
0.3534215986728668,positive
0.379970908164978,positive
2.108551025390625,positive
0.37009450793266296,positive
0.4226866364479065,positive
0.39131855964660645,positive
0.39219966530799866,positive
0.35975903272628784,positive
0.4095538854598999,positive
0.37916865944862366,positive
0.3597826063632965,positive
0.3993077874183655,positive
0.34978291392326355,positive
0.3635396659374237,positive
0.3985542058944702,positive
0.387844055891037,positive
0.3948220908641815,positive
0.4055356979370117,positive
0.40245798230171204,positive
0.4112277030944824,positive
0.39900636672973633,positive
0.3756973147392273,positive
0.3688417077064514,positive
0.44354960322380066,positive
0.3638073205947876,positive
0.3899391293525696,positive
0.3798186480998993,positive
0.40685442090034485,positive
0.3769518733024597,positive
0.3956851363182068,positive
0.4128870666027069,positive
0.3973442316055298,positive
0.39587461948394775,positive
0.36868470907211304,positive
0.3965480327606201,positive
0.3639983832836151,positive
0.3992425501346588,positive
0.4189319610595703,positive
0.3914448916912079,positive
0.3769000470638275,positive
0.35139572620391846,positive
0.489417165517807,positive
0.39341315627098083,positive
0.3848423957824707,positive
0.397491991519928,positive
0.39682474732398987,positive
0.3436324894428253,positive
0.4213526248931885,positive
0.4261038899421692,positive
0.3842690587043762,positive
0.37971043586730957,positive
0.4118405878543854,positive
0.389967679977417,positive
0.3946296274662018,positive
0.3640318810939789,positive
0.3925279676914215,positive
0.41839513182640076,positive
0.4116267263889313,positive
0.34900975227355957,positive
0.42361098527908325,positive
0.4102821350097656,positive
0.3554702699184418,positive
0.3748883605003357,positive
0.3940282166004181,positive
0.418611615896225,positive
0.3510704040527344,positive
0.3825210630893707,positive
0.3939402401447296,positive
0.39094629883766174,positive
0.40572482347488403,positive
0.39206352829933167,positive
0.4187164008617401,positive
0.34911248087882996,positive
0.3864498734474182,positive
0.3781300187110901,positive
0.4215814769268036,positive
0.35230115056037903,positive
0.41595906019210815,positive
0.43044009804725647,positive
0.38610297441482544,positive
0.3538440763950348,positive
0.3895244598388672,positive
0.4197763204574585,positive
0.4173341691493988,positive
0.33746761083602905,positive
0.389065146446228,positive
0.3891999125480652,positive
0.4437028467655182,positive
0.39029660820961,positive
0.39856982231140137,positive
0.42122891545295715,positive
1.8906855583190918,positive
0.40690597891807556,positive
0.39118000864982605,positive
0.4020638167858124,positive
0.4214359521865845,positive
2.087721109390259,positive
0.38483887910842896,positive
0.33965760469436646,positive
0.36066490411758423,positive
0.4483911693096161,positive
0.35340750217437744,positive
0.35089653730392456,positive
0.4000687599182129,positive
0.4011598825454712,positive
0.4471729099750519,positive
0.4259728491306305,positive
0.4218692183494568,positive
0.3715035021305084,positive
0.405247300863266,positive
0.41429537534713745,positive
0.33511000871658325,positive
0.3943191468715668,positive
0.4016437232494354,positive
0.4190596044063568,positive
0.39079007506370544,positive
0.3960002362728119,positive
1.8226169347763062,positive
0.4086318016052246,positive
0.41588613390922546,positive
0.3626261055469513,positive
1.543879508972168,positive
0.4277556538581848,positive
0.4093835949897766,positive
0.40993914008140564,positive
0.422320157289505,positive
0.3780573010444641,positive
0.38601255416870117,positive
1.855643630027771,positive
0.39614948630332947,positive
0.3564920127391815,positive
0.2988171875476837,positive
0.39287570118904114,positive
0.36588266491889954,positive
0.45363762974739075,positive
0.43080034852027893,positive
0.44209614396095276,positive
0.33220237493515015,positive
0.3793659806251526,positive
0.4040641784667969,positive
0.39066237211227417,positive
0.37041613459587097,positive
0.42777127027511597,positive
0.392987459897995,positive
0.4170089066028595,positive
0.3584122061729431,positive
0.3591790795326233,positive
0.35953107476234436,positive
0.4398351013660431,positive
0.4128465950489044,positive
0.39688271284103394,positive
0.42031431198120117,positive
0.3557402789592743,positive
0.3875902593135834,positive
0.4044482409954071,positive
0.4131797254085541,positive
0.33721885085105896,positive
0.41057512164115906,positive
0.40255939960479736,positive
0.3787575364112854,positive
0.44816362857818604,positive
0.4203985333442688,positive
0.36246639490127563,positive
0.37518519163131714,positive
0.3900319039821625,positive
0.4710805416107178,positive
0.4157979190349579,positive
0.4068079888820648,positive
0.37156838178634644,positive
0.41197818517684937,positive
0.40198206901550293,positive
0.3743020296096802,positive
0.3950808644294739,positive
0.3708609938621521,positive
0.43521225452423096,positive
0.42190346121788025,positive
0.3867988884449005,positive
0.4125857651233673,positive
0.44836992025375366,positive
0.41587033867836,positive
0.3334820568561554,positive
0.3812497854232788,positive
0.39738404750823975,positive
0.44317397475242615,positive
0.3874751925468445,positive
1.4441704750061035,positive
0.3573578894138336,positive
0.3781512379646301,positive
0.4088094234466553,positive
0.3740449845790863,positive
0.39050793647766113,positive
0.40429434180259705,positive
0.383892685174942,positive
0.4316718578338623,positive
2.1792514324188232,positive
0.3857186436653137,positive
0.3956450819969177,positive
1.6598492860794067,positive
0.41720470786094666,positive
0.38509801030158997,positive
0.4077053666114807,positive
0.37461599707603455,positive
0.3956841826438904,positive
0.3446516692638397,positive
0.3973325490951538,positive
0.4063899517059326,positive
0.38772255182266235,positive
0.3659664988517761,positive
0.34974679350852966,positive
0.3678005337715149,positive
0.37433701753616333,positive
0.4065651297569275,positive
0.36804500222206116,positive
0.4192730784416199,positive
0.34845784306526184,positive
0.3828077018260956,positive
0.4300340712070465,positive
0.37598755955696106,positive
0.3868594765663147,positive
0.3900192975997925,positive
0.3958553969860077,positive
0.4153527617454529,positive
0.3907071053981781,positive
0.397229939699173,positive
0.3991036117076874,positive
0.41525429487228394,positive
0.36340728402137756,positive
0.4175300896167755,positive
0.36981967091560364,positive
0.4245997369289398,positive
0.4147716462612152,positive
0.39569011330604553,positive
0.37531226873397827,positive
0.3897901475429535,positive
0.4019922614097595,positive
0.3937763273715973,positive
0.406860888004303,positive
0.3933330774307251,positive
0.40888527035713196,positive
0.40203770995140076,positive
0.38487330079078674,positive
0.34805768728256226,positive
0.40825706720352173,positive
0.4203987717628479,positive
0.3914627432823181,positive
0.3822864592075348,positive
0.5407336354255676,positive
0.3776451051235199,positive
0.38421428203582764,positive
0.38398852944374084,positive
0.4037694036960602,positive
0.41046008467674255,positive
0.39826059341430664,positive
0.3766213059425354,positive
0.3592062294483185,positive
0.38850679993629456,positive
1.777458906173706,positive
0.40087631344795227,positive
0.35542967915534973,positive
0.42588311433792114,positive
0.4191438853740692,positive
0.3941541612148285,positive
1.1894457340240479,positive
0.39849478006362915,positive
0.4101843535900116,positive
0.3967365026473999,positive
0.40352511405944824,positive
0.4142847955226898,positive
0.3733980357646942,positive
0.40839889645576477,positive
0.34863460063934326,positive
0.3897189795970917,positive
0.3982833921909332,positive
0.38178950548171997,positive
0.4162764549255371,positive
0.359972208738327,positive
0.9183710217475891,positive
0.39070361852645874,positive
0.43986275792121887,positive
0.372071772813797,positive
0.391234427690506,positive
0.44220003485679626,positive
0.3885650336742401,positive
0.4017012417316437,positive
0.30837807059288025,positive
0.38460129499435425,positive
0.40075838565826416,positive
0.4075613021850586,positive
0.39279454946517944,positive
0.3873787820339203,positive
0.3567407429218292,positive
0.40968573093414307,positive
0.4066409766674042,positive
0.38855016231536865,positive
0.4203360080718994,positive
0.43931540846824646,positive
0.40142759680747986,positive
0.4104328453540802,positive
0.42699134349823,positive
0.3361893892288208,positive
0.3889586627483368,positive
0.43939268589019775,positive
0.402786523103714,positive
0.35942694544792175,positive
0.3762994408607483,positive
0.34570157527923584,positive
0.4174201190471649,positive
0.3965706527233124,positive
0.3887389600276947,positive
0.35644733905792236,positive
0.38629889488220215,positive
0.3641834855079651,positive
0.3841553032398224,positive
0.4171532988548279,positive
0.3850216269493103,positive
0.3899989128112793,positive
1.890505313873291,positive
2.080962657928467,positive
0.41518813371658325,positive
0.3665274977684021,positive
0.38240429759025574,positive
0.3690350651741028,positive
0.39395737648010254,positive
0.37890979647636414,positive
0.3799302875995636,positive
0.3576989471912384,positive
0.3955313563346863,positive
0.42365291714668274,positive
0.36223503947257996,positive
0.3278348445892334,positive
0.38659659028053284,positive
0.38202688097953796,positive
0.3972425162792206,positive
0.3798389136791229,positive
0.38184764981269836,positive
0.3194810152053833,positive
0.39824506640434265,positive
0.3926877975463867,positive
0.3797040283679962,positive
0.37144359946250916,positive
0.4044986367225647,positive
0.42592713236808777,positive
0.38630107045173645,positive
0.40032607316970825,positive
0.40284523367881775,positive
0.4161817133426666,positive
0.3783421814441681,positive
0.37898194789886475,positive
1.9423787593841553,positive
0.41529029607772827,positive
0.40367546677589417,positive
0.398965984582901,positive
0.4199005961418152,positive
0.40122172236442566,positive
0.39856523275375366,positive
0.406676709651947,positive
0.34180715680122375,positive
0.4219985902309418,positive
0.4302499294281006,positive
0.400544136762619,positive
0.390962690114975,positive
0.4290224015712738,positive
0.3864194452762604,positive
0.3962060213088989,positive
0.4265231788158417,positive
0.3823160231113434,positive
0.4049879312515259,positive
0.4474882185459137,positive
0.4276812672615051,positive
0.4059944450855255,positive
0.4128042757511139,positive
0.4255179464817047,positive
0.3609907925128937,positive
0.3490404784679413,positive
0.397073894739151,positive
0.38607755303382874,positive
0.4483199119567871,positive
0.35006803274154663,positive
0.4393099844455719,positive
0.38709166646003723,positive
0.39343664050102234,positive
0.37972599267959595,positive
0.3934827148914337,positive
0.39618033170700073,positive
0.4409879744052887,positive
0.3835834264755249,positive
0.3649091124534607,positive
0.4229315221309662,positive
0.4136200249195099,positive
0.38400977849960327,positive
0.4414200782775879,positive
0.43397122621536255,positive
0.36051303148269653,positive
0.29984408617019653,positive
0.3606606721878052,positive
0.41008317470550537,positive
0.40750017762184143,positive
0.40247049927711487,positive
0.371257483959198,positive
0.28761500120162964,positive
0.38532453775405884,positive
0.40466293692588806,positive
0.4028659462928772,positive
0.42799556255340576,positive
0.4048959016799927,positive
0.37908509373664856,positive
0.3895200490951538,positive
0.381405234336853,positive
0.38843026757240295,positive
0.39099472761154175,positive
0.37472862005233765,positive
0.39099565148353577,positive
0.38955965638160706,positive
0.37815549969673157,positive
0.38708341121673584,positive
0.38950446248054504,positive
0.37239959836006165,positive
0.41273725032806396,positive
0.40365201234817505,positive
0.40707576274871826,positive
0.4124999940395355,positive
0.37159493565559387,positive
0.3522360920906067,positive
0.3317393362522125,positive
0.40197429060935974,positive
0.4052223563194275,positive
0.323894202709198,positive
0.4099774956703186,positive
0.4024910628795624,positive
0.4025585353374481,positive
0.3603132963180542,positive
0.4429384469985962,positive
0.4509443938732147,positive
0.38743728399276733,positive
0.43999233841896057,positive
0.37135055661201477,positive
0.3957059681415558,positive
0.38392695784568787,positive
0.43620359897613525,positive
0.406132310628891,positive
0.41599828004837036,positive
0.45275619626045227,positive
0.3851546049118042,positive
0.3687494397163391,positive
0.45138421654701233,positive
0.35367074608802795,positive
0.4034230709075928,positive
0.3872714936733246,positive
0.41707053780555725,positive
0.3682555556297302,positive
0.35669806599617004,positive
0.4331294596195221,positive
0.40804633498191833,positive
0.4146578907966614,positive
0.3594781756401062,positive
0.3875822126865387,positive
0.35740262269973755,positive
0.3826773166656494,positive
0.29326218366622925,positive
0.3803282678127289,positive
0.3962467312812805,positive
0.4102550148963928,positive
0.38620319962501526,positive
0.3833927810192108,positive
0.41447019577026367,positive
0.3974839746952057,positive
0.3878263533115387,positive
0.40777388215065,positive
0.32031676173210144,positive
0.41631704568862915,positive
0.4120974540710449,positive
0.425592839717865,positive
0.38846611976623535,positive
0.38981834053993225,positive
0.39647454023361206,positive
0.3611707091331482,positive
0.4348389804363251,positive
0.39761507511138916,positive
0.4238625466823578,positive
0.41075387597084045,positive
0.3481370508670807,positive
0.37385672330856323,positive
0.3905196189880371,positive
0.3937085270881653,positive
0.380016028881073,positive
0.39135265350341797,positive
0.3768060505390167,positive
0.40589603781700134,positive
0.38958731293678284,positive
0.39160895347595215,positive
0.39117687940597534,positive
0.3629353940486908,positive
0.3837089538574219,positive
0.5398770570755005,positive
0.39703261852264404,positive
0.34151121973991394,positive
0.384242981672287,positive
0.37700092792510986,positive
0.42003804445266724,positive
0.4145486354827881,positive
0.3930313289165497,positive
0.41160547733306885,positive
0.4275248944759369,positive
0.3953467607498169,positive
0.3904412090778351,positive
0.38588231801986694,positive
0.37416303157806396,positive
0.4056231677532196,positive
0.33616963028907776,positive
0.40972232818603516,positive
0.4136723279953003,positive
0.3765053451061249,positive
0.385037362575531,positive
0.4178342819213867,positive
0.4185151755809784,positive
0.3840392827987671,positive
0.4056108593940735,positive
0.39062899351119995,positive
0.40933477878570557,positive
0.38830992579460144,positive
0.4037910997867584,positive
0.40243425965309143,positive
0.37758177518844604,positive
0.5498185753822327,positive
0.3677220344543457,positive
0.4341971278190613,positive
0.330853134393692,positive
0.41346707940101624,positive
0.3686288893222809,positive
0.36166107654571533,positive
0.37896430492401123,positive
0.3879344165325165,positive
0.42061105370521545,positive
0.34480562806129456,positive
0.3640270233154297,positive
0.35748639702796936,positive
0.38503265380859375,positive
0.425777792930603,positive
0.41263431310653687,positive
0.43363407254219055,positive
0.39554738998413086,positive
0.38966262340545654,positive
0.43649908900260925,positive
0.3948267698287964,positive
0.42778828740119934,positive
0.338731586933136,positive
0.40568092465400696,positive
0.4119093120098114,positive
0.36692503094673157,positive
0.3943288028240204,positive
0.32991480827331543,positive
0.3697190582752228,positive
0.3880201578140259,positive
0.41533538699150085,positive
0.41647034883499146,positive
0.44783642888069153,positive
0.3918442726135254,positive
0.41390150785446167,positive
0.41175970435142517,positive
0.38204649090766907,positive
0.3630385994911194,positive
0.4058116674423218,positive
0.40429744124412537,positive
0.3969593942165375,positive
0.4131312966346741,positive
0.3792605400085449,positive
0.4374046325683594,positive
0.38973188400268555,positive
0.40761104226112366,positive
0.3937167227268219,positive
0.34141823649406433,positive
0.38787516951560974,positive
0.3865656554698944,positive
0.39121320843696594,positive
0.3833381235599518,positive
0.3706199824810028,positive
0.43222594261169434,positive
0.38927924633026123,positive
0.3903999626636505,positive
0.3793938159942627,positive
0.41430798172950745,positive
0.3943118751049042,positive
0.3693189322948456,positive
0.39747098088264465,positive
0.3978292644023895,positive
0.4134173095226288,positive
0.44348248839378357,positive
0.3915254473686218,positive
0.42244386672973633,positive
0.4491361677646637,positive
0.37243759632110596,positive
0.38937872648239136,positive
0.3543901741504669,positive
0.3962840735912323,positive
0.36270126700401306,positive
0.38062626123428345,positive
0.40175214409828186,positive
0.40184417366981506,positive
0.3091147243976593,positive
0.3847932815551758,positive
0.3836422562599182,positive
0.37927529215812683,positive
0.37062007188796997,positive
0.4083687365055084,positive
0.41411837935447693,positive
0.4329693913459778,positive
0.41847866773605347,positive
0.4481123983860016,positive
0.4144134223461151,positive
0.32064008712768555,positive
0.3750918507575989,positive
0.47144538164138794,positive
0.39747557044029236,positive
0.3883214294910431,positive
0.36606866121292114,positive
0.41604360938072205,positive
0.4015682339668274,positive
0.3717805743217468,positive
0.3450545370578766,positive
0.36918318271636963,positive
0.4318203330039978,positive
0.4329467713832855,positive
0.4056568443775177,positive
0.37764284014701843,positive
0.3812505006790161,positive
0.3923601806163788,positive
0.3871574401855469,positive
0.4292488992214203,positive
0.367114394903183,positive
0.390325665473938,positive
0.39008787274360657,positive
0.3875371515750885,positive
0.3600981831550598,positive
0.43520990014076233,positive
0.3877611756324768,positive
0.42224767804145813,positive
0.38212063908576965,positive
0.42488157749176025,positive
0.3938121795654297,positive
0.4318777024745941,positive
0.3983646631240845,positive
0.39746782183647156,positive
0.38690051436424255,positive
0.4041343629360199,positive
0.39359959959983826,positive
0.4128618538379669,positive
0.4111652374267578,positive
0.42044487595558167,positive
2.0685269832611084,positive
0.45710957050323486,positive
0.37887367606163025,positive
0.466042697429657,positive
0.38487309217453003,positive
0.4179385304450989,positive
0.4256322383880615,positive
0.44331854581832886,positive
0.38688647747039795,positive
0.39205220341682434,positive
0.39113849401474,positive
0.36994150280952454,positive
0.3740244209766388,positive
0.34796738624572754,positive
0.3981073200702667,positive
0.39290207624435425,positive
0.3784431517124176,positive
0.3755146563053131,positive
0.40425682067871094,positive
0.40206143260002136,positive
0.3352922201156616,positive
0.35854485630989075,positive
0.31865400075912476,positive
0.4209248721599579,positive
0.36034902930259705,positive
0.40474462509155273,positive
0.3404800295829773,positive
0.39621642231941223,positive
0.399489164352417,positive
0.3847811222076416,positive
0.3998121917247772,positive
0.4085010588169098,positive
0.3852371871471405,positive
0.3474413752555847,positive
0.3993471562862396,positive
0.3920574486255646,positive
0.41606730222702026,positive
0.3749978840351105,positive
0.4160509705543518,positive
0.3706459701061249,positive
0.3740951716899872,positive
0.3811216652393341,positive
0.43141990900039673,positive
0.3638664484024048,positive
0.42986249923706055,positive
0.35982438921928406,positive
0.39981165528297424,positive
0.42511314153671265,positive
0.41310858726501465,positive
0.38900846242904663,positive
0.3847911059856415,positive
0.41055622696876526,positive
0.4313681423664093,positive
0.3419831097126007,positive
0.39357510209083557,positive
0.36805856227874756,positive
0.3928663432598114,positive
0.30328652262687683,positive
0.3289089798927307,positive
0.384238600730896,positive
0.37231460213661194,positive
0.40639686584472656,positive
0.4209863245487213,positive
0.38743093609809875,positive
0.3085157871246338,positive
0.3911505341529846,positive
0.39545226097106934,positive
0.40137356519699097,positive
0.40009841322898865,positive
0.4444746971130371,positive
0.3796338737010956,positive
0.4041944444179535,positive
0.39940086007118225,positive
0.37596598267555237,positive
0.3653101623058319,positive
0.35794389247894287,positive
0.34393811225891113,positive
0.37673965096473694,positive
0.3698814809322357,positive
0.37387263774871826,positive
0.4322008192539215,positive
0.4062348008155823,positive
0.4053097665309906,positive
0.3942611515522003,positive
0.41009485721588135,positive
0.36688897013664246,positive
0.3952862620353699,positive
0.38633379340171814,positive
0.3292793333530426,positive
0.4636632800102234,positive
0.3431548476219177,positive
0.43166062235832214,positive
0.40325579047203064,positive
0.43441274762153625,positive
0.2636140286922455,positive
0.3832184970378876,positive
0.368315726518631,positive
0.3942401111125946,positive
0.35028213262557983,positive
0.38595426082611084,positive
0.36296316981315613,positive
0.3928898274898529,positive
0.3890427052974701,positive
0.39749544858932495,positive
0.3667038083076477,positive
0.40515565872192383,positive
0.36790162324905396,positive
0.39413982629776,positive
0.3968254029750824,positive
0.38924887776374817,positive
0.39455047249794006,positive
0.4046408236026764,positive
0.3853116035461426,positive
0.3991081118583679,positive
0.4142714738845825,positive
0.38339897990226746,positive
0.49681124091148376,positive
0.3325860798358917,positive
0.4160560071468353,positive
0.38070836663246155,positive
0.44310784339904785,positive
0.3632897734642029,positive
0.4255980849266052,positive
0.38852202892303467,positive
0.36985522508621216,positive
0.7345213890075684,positive
0.3743945360183716,positive
0.41918689012527466,positive
0.4084184169769287,positive
0.38935574889183044,positive
0.38431721925735474,positive
0.39793661236763,positive
0.42721036076545715,positive
0.3960241377353668,positive
0.4020178020000458,positive
0.385847270488739,positive
0.385262668132782,positive
0.3927302956581116,positive
0.3987288475036621,positive
0.38364577293395996,positive
0.37490761280059814,positive
0.3652413785457611,positive
0.3960699439048767,positive
0.4077640473842621,positive
0.4233119785785675,positive
0.40261363983154297,positive
0.35133787989616394,positive
0.3451214134693146,positive
0.44486314058303833,positive
0.3686065971851349,positive
0.4080464839935303,positive
0.4003240466117859,positive
0.38393816351890564,positive
0.40499138832092285,positive
0.37477657198905945,positive
0.3980007469654083,positive
0.44060835242271423,positive
0.399557888507843,positive
0.38072389364242554,positive
0.36319226026535034,positive
0.4186149537563324,positive
0.33839157223701477,positive
0.4349682331085205,positive
0.43486690521240234,positive
0.3309829533100128,positive
0.3986574113368988,positive
0.4325823485851288,positive
0.40700656175613403,positive
0.4198191463947296,positive
0.40020716190338135,positive
0.39679864048957825,positive
0.4183935821056366,positive
0.3684772849082947,positive
0.3939310908317566,positive
0.39079833030700684,positive
0.3541819453239441,positive
0.3421817719936371,positive
0.3747999370098114,positive
0.382380872964859,positive
1.3648910522460938,positive
0.4124380350112915,positive
0.3870391547679901,positive
0.3515143394470215,positive
0.39458101987838745,positive
0.3973759412765503,positive
0.3984781801700592,positive
0.3857589066028595,positive
0.35696765780448914,positive
0.4357944130897522,positive
0.3535074293613434,positive
0.4020141065120697,positive
0.4119533896446228,positive
0.38945168256759644,positive
0.41109418869018555,positive
0.3674956262111664,positive
0.36027777194976807,positive
0.3807377517223358,positive
0.3784251809120178,positive
0.3945581316947937,positive
0.4420933127403259,positive
0.3747551143169403,positive
0.39682188630104065,positive
0.35737669467926025,positive
0.3791184723377228,positive
0.36088207364082336,positive
0.36844468116760254,positive
0.371587336063385,positive
0.4009200930595398,positive
0.4231429994106293,positive
0.333904892206192,positive
0.38970324397087097,positive
0.2765839397907257,positive
0.40540143847465515,positive
0.39294496178627014,positive
0.39960628747940063,positive
0.3823956251144409,positive
0.38968947529792786,positive
0.4094456136226654,positive
0.33556538820266724,positive
0.38764163851737976,positive
0.3684583902359009,positive
0.4498090147972107,positive
0.4482231140136719,positive
0.3720623552799225,positive
0.3925212323665619,positive
0.3687843382358551,positive
0.40194693207740784,positive
0.34504634141921997,positive
0.39261677861213684,positive
1.6883944272994995,positive
0.3609129786491394,positive
0.3888154625892639,positive
0.3473007082939148,positive
0.3764277994632721,positive
0.41293230652809143,positive
1.7908395528793335,positive
0.3969705402851105,positive
0.4528248906135559,positive
0.3984314501285553,positive
0.36436522006988525,positive
0.3394158184528351,positive
0.401053249835968,positive
0.3704432547092438,positive
0.43170663714408875,positive
0.3970797657966614,positive
0.4105416536331177,positive
0.3950079679489136,positive
0.3944300413131714,positive
0.37672629952430725,positive
0.37580952048301697,positive
0.38819482922554016,positive
0.4211392402648926,positive
0.360628217458725,positive
0.4381451904773712,positive
0.34269261360168457,positive
0.370908260345459,positive
0.42102763056755066,positive
0.4160388708114624,positive
0.39549097418785095,positive
0.3798532485961914,positive
0.38779008388519287,positive
0.4175375998020172,positive
0.3634983003139496,positive
0.401302695274353,positive
0.33375242352485657,positive
0.3597731590270996,positive
0.39048492908477783,positive
0.37855565547943115,positive
0.37306690216064453,positive
0.4017323851585388,positive
1.8260958194732666,positive
0.3992506265640259,positive
0.40040287375450134,positive
0.385538250207901,positive
0.39817309379577637,positive
0.4150683283805847,positive
0.4279032349586487,positive
0.4663982391357422,positive
0.36725035309791565,positive
0.399987131357193,positive
0.4107607305049896,positive
0.39442548155784607,positive
0.39659959077835083,positive
0.395402193069458,positive
0.4191277325153351,positive
0.38316383957862854,positive
0.3942636251449585,positive
0.39563894271850586,positive
0.4203201234340668,positive
0.368965744972229,positive
0.40917080640792847,positive
0.4006975293159485,positive
0.3860194981098175,positive
0.3476085960865021,positive
0.40103766322135925,positive
0.4094335734844208,positive
0.4223337173461914,positive
0.38813522458076477,positive
0.35735100507736206,positive
0.42315125465393066,positive
0.4342704117298126,positive
0.4363761246204376,positive
0.3411697745323181,positive
0.38586610555648804,positive
0.41456338763237,positive
0.37404969334602356,positive
0.3841244578361511,positive
0.41911908984184265,positive
0.39442622661590576,positive
0.39754611253738403,positive
0.4677419662475586,positive
0.4196983575820923,positive
0.4148775041103363,positive
2.018394947052002,positive
0.3971419930458069,positive
0.3335239589214325,positive
0.41262057423591614,positive
0.35369056463241577,positive
0.41398781538009644,positive
0.38529375195503235,positive
0.4349585175514221,positive
0.3670335114002228,positive
0.39569106698036194,positive
0.3611811697483063,positive
0.41509267687797546,positive
0.3994796574115753,positive
0.4142533242702484,positive
0.3810647428035736,positive
0.36330267786979675,positive
0.4184858202934265,positive
0.42018061876296997,positive
0.37469977140426636,positive
0.3566041588783264,positive
0.36235493421554565,positive
0.35415729880332947,positive
0.39319831132888794,positive
0.3968575596809387,positive
0.36078575253486633,positive
0.40473583340644836,positive
0.3983079791069031,positive
0.3872491419315338,positive
0.408991277217865,positive
0.3592105507850647,positive
0.4080296456813812,positive
0.3890458643436432,positive
0.35997679829597473,positive
0.4147680699825287,positive
0.3531014919281006,positive
0.37875357270240784,positive
0.44154611229896545,positive
0.4245249032974243,positive
0.37804335355758667,positive
0.41007673740386963,positive
0.4185977280139923,positive
0.36476728320121765,positive
0.3766145408153534,positive
1.9823999404907227,positive
0.41680708527565,positive
0.39827752113342285,positive
0.36746853590011597,positive
0.4201950132846832,positive
0.3615087866783142,positive
0.35268136858940125,positive
0.40345484018325806,positive
0.37910136580467224,positive
0.4151094853878021,positive
0.3914675712585449,positive
0.37624824047088623,positive
0.3849416673183441,positive
0.3803815245628357,positive
0.47426536679267883,positive
0.4369198679924011,positive
0.3439367711544037,positive
0.3876928389072418,positive
0.3890637755393982,positive
0.39797550439834595,positive
0.34985294938087463,positive
0.38392385840415955,positive
0.4264109432697296,positive
0.418385773897171,positive
0.4056757688522339,positive
0.3812314569950104,positive
0.333539754152298,positive
0.38170257210731506,positive
0.3930107653141022,positive
0.3442082107067108,positive
1.8513622283935547,positive
0.4218580424785614,positive
0.39854851365089417,positive
0.36907610297203064,positive
0.3748234510421753,positive
0.37635669112205505,positive
0.40860533714294434,positive
0.4114263355731964,positive
0.4351060688495636,positive
0.40035462379455566,positive
0.3819972574710846,positive
0.36848196387290955,positive
0.4237174391746521,positive
0.3477824330329895,positive
0.38358813524246216,positive
0.4390971064567566,positive
0.3932785391807556,positive
0.3857337534427643,positive
0.3703625202178955,positive
0.3769165873527527,positive
0.37263330817222595,positive
0.3749025762081146,positive
0.3767191171646118,positive
0.37524959444999695,positive
0.41229861974716187,positive
0.40588587522506714,positive
0.4034838378429413,positive
0.3910667300224304,positive
0.37412211298942566,positive
0.387306809425354,positive
0.3695678412914276,positive
0.4075992703437805,positive
0.3563872277736664,positive
0.36595988273620605,positive
0.40721967816352844,positive
0.4560215175151825,positive
0.4176163375377655,positive
0.3922628164291382,positive
0.42007970809936523,positive
0.3453419804573059,positive
0.424787700176239,positive
0.3732185661792755,positive
0.41989150643348694,positive
0.3984038531780243,positive
0.4449233114719391,positive
0.37803933024406433,positive
0.398406982421875,positive
0.4270755648612976,positive
0.3810475170612335,positive
0.42492812871932983,positive
0.45791423320770264,positive
0.42447158694267273,positive
0.3432404100894928,positive
0.4308246672153473,positive
0.3866335451602936,positive
0.3861354887485504,positive
0.4105813801288605,positive
0.4136222302913666,positive
0.3990958631038666,positive
0.37512609362602234,positive
0.41792258620262146,positive
0.3692864775657654,positive
0.4147893786430359,positive
0.41903039813041687,positive
0.39909791946411133,positive
0.4054136276245117,positive
0.42059633135795593,positive
0.3730193078517914,positive
0.4169069826602936,positive
0.36117157340049744,positive
0.3921331763267517,positive
0.38310706615448,positive
0.41019704937934875,positive
0.3299514651298523,positive
0.4116174876689911,positive
0.38901829719543457,positive
0.40404680371284485,positive
0.4022393822669983,positive
0.39351117610931396,positive
0.39235720038414,positive
0.38400983810424805,positive
0.41145044565200806,positive
0.39913326501846313,positive
0.3964199423789978,positive
0.31728991866111755,positive
0.38046371936798096,positive
0.3745301365852356,positive
0.38543352484703064,positive
0.34803858399391174,positive
0.38837361335754395,positive
0.40218251943588257,positive
0.34502726793289185,positive
0.3627707362174988,positive
0.39601844549179077,positive
0.395836740732193,positive
0.36302492022514343,positive
0.404832661151886,positive
1.1958638429641724,positive
0.3820188641548157,positive
0.39490994811058044,positive
0.4189164638519287,positive
0.7687532305717468,positive
0.39961352944374084,positive
0.401925653219223,positive
0.3805086016654968,positive
0.4012441039085388,positive
0.4237097501754761,positive
0.389791876077652,positive
0.44740280508995056,positive
0.4093680679798126,positive
0.4486851692199707,positive
0.42658674716949463,positive
0.4015406668186188,positive
0.3901039659976959,positive
0.39578402042388916,positive
0.39145374298095703,positive
1.923193335533142,positive
0.3957195281982422,positive
0.3688194155693054,positive
0.3782101273536682,positive
0.33957457542419434,positive
0.34899216890335083,positive
0.407499760389328,positive
0.364046573638916,positive
0.39893946051597595,positive
0.42042645812034607,positive
0.41573822498321533,positive
0.3824283182621002,positive
0.40997084975242615,positive
0.42152950167655945,positive
0.42072007060050964,positive
0.4168669581413269,positive
0.4155045449733734,positive
0.3847545385360718,positive
0.40596795082092285,positive
0.39962881803512573,positive
0.3611705005168915,positive
0.3850608766078949,positive
0.3961776793003082,positive
0.37635472416877747,positive
0.38064804673194885,positive
0.4196106791496277,positive
0.4196164011955261,positive
0.36797791719436646,positive
0.36634576320648193,positive
0.39093017578125,positive
0.3833808898925781,positive
0.40764889121055603,positive
0.374976247549057,positive
0.43021881580352783,positive
0.37662404775619507,positive
0.40929070115089417,positive
0.39079749584198,positive
0.4067034125328064,positive
0.4021972119808197,positive
0.42548245191574097,positive
0.4425981044769287,positive
0.377853661775589,positive
0.4108123779296875,positive
0.4108491837978363,positive
0.3781740069389343,positive
0.3058188557624817,positive
0.3930160403251648,positive
0.38015490770339966,positive
0.3891408145427704,positive
0.3874698877334595,positive
0.4159059524536133,positive
0.4004615843296051,positive
0.38102003931999207,positive
0.388298362493515,positive
0.34629467129707336,positive
0.39987456798553467,positive
0.40625450015068054,positive
0.41798895597457886,positive
0.3838099241256714,positive
0.3905360996723175,positive
0.40974482893943787,positive
0.37014299631118774,positive
0.37889987230300903,positive
0.3896734416484833,positive
0.3904683589935303,positive
0.3669918477535248,positive
0.43084099888801575,positive
0.39168596267700195,positive
0.3717670142650604,positive
0.30135270953178406,positive
0.3748369812965393,positive
0.45419472455978394,positive
0.41344860196113586,positive
0.42599034309387207,positive
0.4063434898853302,positive
0.3581450283527374,positive
0.4295603036880493,positive
0.4407499432563782,positive
0.4538535475730896,positive
0.4288565516471863,positive
0.40096819400787354,positive
0.4254337251186371,positive
0.4308370053768158,positive
0.40486428141593933,positive
0.40588831901550293,positive
0.41328251361846924,positive
0.3807523846626282,positive
0.17078876495361328,positive
0.37068355083465576,positive
0.40186598896980286,positive
0.3490576148033142,positive
0.400135338306427,positive
0.40807458758354187,positive
0.3848578631877899,positive
0.4284895956516266,positive
0.4282393455505371,positive
1.8738094568252563,positive
0.42990487813949585,positive
0.41731777787208557,positive
0.36562803387641907,positive
0.3954320251941681,positive
0.4000726044178009,positive
0.37617817521095276,positive
0.44118496775627136,positive
0.39660757780075073,positive
0.40795132517814636,positive
0.37527602910995483,positive
0.42345118522644043,positive
0.41591528058052063,positive
0.437315434217453,positive
0.40824583172798157,positive
0.39199110865592957,positive
0.34645962715148926,positive
0.4223175048828125,positive
0.3765973448753357,positive
0.38375017046928406,positive
0.3795090317726135,positive
0.3937690854072571,positive
0.38402053713798523,positive
0.33538195490837097,positive
0.372510701417923,positive
0.4163931906223297,positive
0.39003777503967285,positive
0.40482598543167114,positive
0.3960064649581909,positive
0.3958215117454529,positive
0.38234999775886536,positive
0.36374446749687195,positive
0.2719385027885437,positive
0.3986722528934479,positive
0.4103759229183197,positive
0.33327364921569824,positive
1.681684970855713,positive
0.3716038763523102,positive
0.3963879644870758,positive
0.42354071140289307,positive
0.4366884231567383,positive
0.42148518562316895,positive
0.3961567282676697,positive
0.4201575219631195,positive
0.3577333092689514,positive
0.4171088933944702,positive
0.39894407987594604,positive
0.39045077562332153,positive
0.4121798872947693,positive
0.41063937544822693,positive
0.36297285556793213,positive
0.40236109495162964,positive
0.4774962067604065,positive
0.366066575050354,positive
0.4253876209259033,positive
0.40053972601890564,positive
0.39959391951560974,positive
0.40450626611709595,positive
0.36458998918533325,positive
0.4119599163532257,positive
0.39455679059028625,positive
0.4132852554321289,positive
0.3580445945262909,positive
0.42351028323173523,positive
0.39778876304626465,positive
0.38497623801231384,positive
0.3573634922504425,positive
0.4089747667312622,positive
0.3987874388694763,positive
0.39912065863609314,positive
1.3078956604003906,positive
0.43100011348724365,positive
0.4018375277519226,positive
0.42304229736328125,positive
0.31800171732902527,positive
0.4325888454914093,positive
0.3957552909851074,positive
0.4161662757396698,positive
0.42024973034858704,positive
0.40586498379707336,positive
0.4174307584762573,positive
0.36251524090766907,positive
0.3944647014141083,positive
0.4174470901489258,positive
0.37202614545822144,positive
0.4199466407299042,positive
0.3716980814933777,positive
0.41241273283958435,positive
0.3687150180339813,positive
0.4203193783760071,positive
1.868135690689087,positive
0.3953810930252075,positive
0.3768497109413147,positive
0.4059661030769348,positive
0.42086297273635864,positive
0.39692628383636475,positive
0.39138177037239075,positive
0.41427674889564514,positive
0.3848043978214264,positive
0.376384437084198,positive
0.3361319601535797,positive
0.37817618250846863,positive
1.6437729597091675,positive
0.40451914072036743,positive
0.3759380280971527,positive
0.16447897255420685,positive
0.3963838517665863,positive
0.3687221109867096,positive
0.39116498827934265,positive
0.3916283845901489,positive
0.43593642115592957,positive
0.5169399976730347,positive
0.42718321084976196,positive
0.4025675058364868,positive
0.40590938925743103,positive
0.42463648319244385,positive
0.40611034631729126,positive
0.3827788233757019,positive
0.4183427691459656,positive
0.3758454918861389,positive
0.4039883613586426,positive
0.40407806634902954,positive
2.213172197341919,positive
0.38972288370132446,positive
0.3875068426132202,positive
0.40239012241363525,positive
0.4273454248905182,positive
0.33762016892433167,positive
0.4398476779460907,positive
0.41577091813087463,positive
0.38172605633735657,positive
0.4220436215400696,positive
0.3973765969276428,positive
0.3987164795398712,positive
0.40555208921432495,positive
0.38774538040161133,positive
0.3918958902359009,positive
0.3723141551017761,positive
0.38604870438575745,positive
0.3832662105560303,positive
0.44633400440216064,positive
0.40943095088005066,positive
0.3993752896785736,positive
0.4039841294288635,positive
0.381246954202652,positive
0.39881157875061035,positive
0.3787655830383301,positive
0.4090680778026581,positive
0.39347273111343384,positive
0.37701404094696045,positive
0.32186755537986755,positive
0.4420101046562195,positive
0.4062159061431885,positive
0.4266047477722168,positive
0.40988385677337646,positive
0.3848534822463989,positive
0.36974769830703735,positive
0.3964361250400543,positive
0.3954482674598694,positive
0.3865993916988373,positive
0.31291142106056213,positive
0.38065701723098755,positive
0.4220812916755676,positive
0.348397821187973,positive
0.41577816009521484,positive
0.32845261693000793,positive
0.3969813287258148,positive
1.0406497716903687,positive
0.43113791942596436,positive
0.38714835047721863,positive
0.40303856134414673,positive
0.31592610478401184,positive
0.31017619371414185,positive
0.4046611189842224,positive
0.4194873869419098,positive
0.34557223320007324,positive
0.3878609240055084,positive
0.4287850558757782,positive
0.39115723967552185,positive
0.36773133277893066,positive
0.33322951197624207,positive
0.39706310629844666,positive
0.3729982078075409,positive
0.3743690550327301,positive
0.4030892252922058,positive
0.3691027760505676,positive
0.42827507853507996,positive
0.4093186557292938,positive
0.3973252475261688,positive
0.41435718536376953,positive
0.3640049397945404,positive
0.410036563873291,positive
0.4106675982475281,positive
0.3709823787212372,positive
0.3838869631290436,positive
0.4006042778491974,positive
0.3235194683074951,positive
0.3915081024169922,positive
0.41608208417892456,positive
0.37238651514053345,positive
0.5355441570281982,positive
0.3737311363220215,positive
0.4165571630001068,positive
0.4177410304546356,positive
0.4202521741390228,positive
0.39734455943107605,positive
0.39949023723602295,positive
0.3872879147529602,positive
0.3248146176338196,positive
0.3931846618652344,positive
0.40617576241493225,positive
0.36040398478507996,positive
0.3503369092941284,positive
0.398763507604599,positive
0.37118539214134216,positive
0.42242637276649475,positive
0.4036959707736969,positive
0.4206692576408386,positive
0.36327630281448364,positive
0.3492957353591919,positive
0.36590680480003357,positive
0.3636585772037506,positive
0.3949046730995178,positive
0.40926113724708557,positive
0.40348976850509644,positive
0.43192264437675476,positive
0.3475428819656372,positive
0.3677792549133301,positive
0.3529440462589264,positive
0.392032653093338,positive
0.37716618180274963,positive
0.4378456473350525,positive
0.39857959747314453,positive
0.4121706187725067,positive
0.4034408628940582,positive
0.39761102199554443,positive
0.397135466337204,positive
0.3902629613876343,positive
1.6746159791946411,positive
0.4017350375652313,positive
0.3867613673210144,positive
0.34504610300064087,positive
0.39867880940437317,positive
0.39801526069641113,positive
0.3811551332473755,positive
0.32738927006721497,positive
0.47409406304359436,positive
0.3764985501766205,positive
0.4029383361339569,positive
0.3943178951740265,positive
0.39368146657943726,positive
0.42860543727874756,positive
0.3794228732585907,positive
0.4170352518558502,positive
0.3826857805252075,positive
0.36759620904922485,positive
0.4287455379962921,positive
0.4160318076610565,positive
0.40302523970603943,positive
0.3598939776420593,positive
0.3943733870983124,positive
2.127242088317871,positive
0.3821195065975189,positive
0.43730050325393677,positive
0.41014301776885986,positive
0.34578797221183777,positive
0.37976282835006714,positive
0.38976621627807617,positive
0.5873837471008301,positive
0.366476833820343,positive
0.3747354745864868,positive
0.4043385684490204,positive
0.4129865765571594,positive
0.38662856817245483,positive
0.36941269040107727,positive
0.4138716459274292,positive
0.39513099193573,positive
0.4160384237766266,positive
0.39498671889305115,positive
0.4349205791950226,positive
0.38531509041786194,positive
1.9851341247558594,positive
0.41598761081695557,positive
0.39487379789352417,positive
0.4268859028816223,positive
0.42825448513031006,positive
0.40315166115760803,positive
0.3893551826477051,positive
0.4202014207839966,positive
0.43000009655952454,positive
0.36292746663093567,positive
0.405715674161911,positive
0.3666302263736725,positive
0.4163024425506592,positive
0.41664817929267883,positive
0.39421266317367554,positive
0.40149518847465515,positive
0.37216296792030334,positive
0.36960145831108093,positive
0.3811013400554657,positive
0.39880213141441345,positive
0.3260752260684967,positive
0.38840451836586,positive
0.38926973938941956,positive
0.3844098448753357,positive
0.4201999008655548,positive
0.44022896885871887,positive
0.33947277069091797,positive
0.39976760745048523,positive
0.39555442333221436,positive
0.37521740794181824,positive
0.3917683959007263,positive
0.4372309744358063,positive
0.39677366614341736,positive
0.371430903673172,positive
0.43898284435272217,positive
0.40366411209106445,positive
0.3934774696826935,positive
0.40374553203582764,positive
0.41782259941101074,positive
0.4035523235797882,positive
0.43574389815330505,positive
0.3962044417858124,positive
0.431752473115921,positive
0.4197600781917572,positive
0.32651227712631226,positive
0.39131322503089905,positive
0.4148913025856018,positive
0.4513576030731201,positive
0.40905341506004333,positive
0.39338257908821106,positive
1.3304533958435059,positive
0.41856497526168823,positive
0.42459458112716675,positive
0.4041202962398529,positive
0.38925471901893616,positive
0.4284697473049164,positive
0.3977397084236145,positive
0.4064501225948334,positive
0.38200873136520386,positive
0.40730276703834534,positive
0.3959724009037018,positive
0.3742384612560272,positive
0.4030918478965759,positive
0.4029439389705658,positive
0.35236361622810364,positive
0.4055488705635071,positive
0.4098444879055023,positive
0.4531655013561249,positive
0.3801162540912628,positive
0.42647498846054077,positive
0.3864322006702423,positive
0.4010261595249176,positive
0.414657860994339,positive
0.3934183716773987,positive
0.36039409041404724,positive
0.418086439371109,positive
0.43934202194213867,positive
0.3270655870437622,positive
0.3986581861972809,positive
0.37830662727355957,positive
0.38233476877212524,positive
0.4028370678424835,positive
0.3913780748844147,positive
0.41669243574142456,positive
0.37356215715408325,positive
0.3865545392036438,positive
0.3670254349708557,positive
0.3696402907371521,positive
0.374746173620224,positive
0.3913165032863617,positive
0.38208597898483276,positive
0.3966541290283203,positive
0.42142441868782043,positive
0.4093058109283447,positive
0.43799784779548645,positive
0.3483981788158417,positive
0.3837386667728424,positive
0.41103312373161316,positive
0.415047824382782,positive
0.40830227732658386,positive
0.3717350363731384,positive
0.4119526445865631,positive
0.43199557065963745,positive
0.36097055673599243,positive
0.38505032658576965,positive
0.4323345422744751,positive
0.591364324092865,positive
0.4262777864933014,positive
0.3971492052078247,positive
0.39717191457748413,positive
0.39667993783950806,positive
0.4326734244823456,positive
0.3891960680484772,positive
0.38158169388771057,positive
0.3757520318031311,positive
0.4120423197746277,positive
0.41024649143218994,positive
0.4596976637840271,positive
0.38380929827690125,positive
0.43167221546173096,positive
0.4183400869369507,positive
0.39348936080932617,positive
1.5884908437728882,positive
0.38698679208755493,positive
0.377218633890152,positive
0.3837509751319885,positive
0.3707764446735382,positive
0.38945889472961426,positive
0.3921942710876465,positive
0.40452224016189575,positive
0.3685668706893921,positive
0.40698403120040894,positive
0.398411363363266,positive
0.37820252776145935,positive
0.4432670474052429,positive
0.3381842374801636,positive
0.38592174649238586,positive
0.32680949568748474,positive
0.4009746015071869,positive
0.4200831353664398,positive
0.3881978392601013,positive
0.39735713601112366,positive
0.4150906801223755,positive
0.39315640926361084,positive
1.827616572380066,positive
0.4125937521457672,positive
1.3913813829421997,negative
0.4074845612049103,negative
0.3994884490966797,negative
0.43791717290878296,negative
0.38124725222587585,negative
0.4479783773422241,negative
0.4348946809768677,negative
0.34836769104003906,negative
0.4096285402774811,negative
0.3970719575881958,negative
1.5662533044815063,negative
0.41013818979263306,negative
0.3659053146839142,negative
0.43190014362335205,negative
0.4190816283226013,negative
0.3767598569393158,negative
0.4055838882923126,negative
0.39937421679496765,negative
0.40527868270874023,negative
0.42254117131233215,negative
0.35796111822128296,negative
0.3711705505847931,negative
0.4093552231788635,negative
0.4200393855571747,negative
0.39696037769317627,negative
0.42046257853507996,negative
0.4052509367465973,negative
0.38029128313064575,negative
0.38983434438705444,negative
0.4554727077484131,negative
0.39032283425331116,negative
0.4112672507762909,negative
0.4297844469547272,negative
0.3943099081516266,negative
0.41792505979537964,negative
0.38006195425987244,negative
0.36472442746162415,negative
0.39591556787490845,negative
0.37984874844551086,negative
0.4300004541873932,negative
0.37159547209739685,negative
0.4326888918876648,negative
0.3493206799030304,negative
0.38821378350257874,negative
0.5388925075531006,negative
0.3569982051849365,negative
0.33941835165023804,negative
0.4019031524658203,negative
0.39093896746635437,negative
0.33706679940223694,negative
0.4078636169433594,negative
0.35215505957603455,negative
0.3708192706108093,negative
0.38656553626060486,negative
0.4059986174106598,negative
0.39821138978004456,negative
1.2820866107940674,negative
0.4040958881378174,negative
0.38366174697875977,negative
0.385184645652771,negative
0.35820645093917847,negative
0.33772045373916626,negative
0.4042623043060303,negative
0.4254019856452942,negative
0.38709455728530884,negative
0.3912106156349182,negative
0.45004820823669434,negative
0.4198811948299408,negative
0.4115675389766693,negative
0.3590329587459564,negative
0.40659934282302856,negative
0.3956713378429413,negative
0.34275877475738525,negative
0.3614884614944458,negative
0.39654719829559326,negative
0.409175306558609,negative
0.3896024227142334,negative
0.3867121934890747,negative
0.4019184112548828,negative
0.3620484173297882,negative
0.3794367015361786,negative
0.4299415946006775,negative
0.4346870183944702,negative
0.40680715441703796,negative
0.4201948344707489,negative
0.4123953580856323,negative
0.39550164341926575,negative
0.4026658535003662,negative
0.4333434998989105,negative
0.37017062306404114,negative
0.42334455251693726,negative
0.3766433298587799,negative
0.39459946751594543,negative
0.4040026068687439,negative
0.3706042170524597,negative
0.3606261909008026,negative
0.3806925117969513,negative
0.3807607591152191,negative
0.389467716217041,negative
0.4179852604866028,negative
0.4007296562194824,negative
0.42623624205589294,negative
0.38538017868995667,negative
0.35136762261390686,negative
0.38866615295410156,negative
0.3566020429134369,negative
0.4198947250843048,negative
0.36747556924819946,negative
0.33874741196632385,negative
0.43192675709724426,negative
0.37795254588127136,negative
0.33489370346069336,negative
0.34669554233551025,negative
0.4516443908214569,negative
0.37094539403915405,negative
0.3714990019798279,negative
0.4261423945426941,negative
0.38495802879333496,negative
0.3956093490123749,negative
0.41591712832450867,negative
0.43973684310913086,negative
0.37871360778808594,negative
0.3620704710483551,negative
0.38115522265434265,negative
0.3687663674354553,negative
0.3892354667186737,negative
0.38863617181777954,negative
0.4238910675048828,negative
0.38774096965789795,negative
0.37347206473350525,negative
0.34622204303741455,negative
0.403450608253479,negative
0.37737470865249634,negative
1.7899432182312012,negative
0.43041056394577026,negative
0.40282756090164185,negative
0.33352139592170715,negative
0.4162883460521698,negative
0.38738036155700684,negative
0.2746322751045227,negative
0.44326654076576233,negative
0.3906801640987396,negative
0.37209784984588623,negative
2.51279616355896,negative
0.38136059045791626,negative
0.42068934440612793,negative
0.40938249230384827,negative
0.3755277395248413,negative
0.3364109992980957,negative
0.3589055836200714,negative
0.3925829827785492,negative
0.3858860433101654,negative
0.42211833596229553,negative
0.4115532338619232,negative
0.41845548152923584,negative
0.40831971168518066,negative
0.3351617455482483,negative
0.3730137348175049,negative
0.3593164384365082,negative
0.41073572635650635,negative
0.3727265000343323,negative
0.4071752727031708,negative
0.4028703570365906,negative
0.35939139127731323,negative
0.42674627900123596,negative
0.36855223774909973,negative
0.4216887950897217,negative
0.34922149777412415,negative
0.4061231315135956,negative
0.3634538948535919,negative
0.3348774015903473,negative
0.39142468571662903,negative
0.41430938243865967,negative
0.4315355122089386,negative
2.129169464111328,negative
0.40840449929237366,negative
0.40664243698120117,negative
0.37108898162841797,negative
0.4083905816078186,negative
0.33662474155426025,negative
0.39341241121292114,negative
0.4387715458869934,negative
0.3728148341178894,negative
0.39298978447914124,negative
0.34863507747650146,negative
0.33221346139907837,negative
0.4053422510623932,negative
0.36125123500823975,negative
0.39341360330581665,negative
0.412179559469223,negative
0.38109058141708374,negative
0.3838932514190674,negative
1.9317522048950195,negative
0.41645556688308716,negative
0.41218337416648865,negative
0.3857812285423279,negative
0.39719700813293457,negative
0.41705963015556335,negative
1.8416945934295654,negative
0.38285499811172485,negative
0.41144877672195435,negative
0.46172788739204407,negative
0.42093753814697266,negative
0.3785822093486786,negative
0.3967716097831726,negative
0.4210815131664276,negative
0.3848855495452881,negative
0.374542236328125,negative
0.36725521087646484,negative
0.4233148396015167,negative
0.33662307262420654,negative
0.39076492190361023,negative
0.39662978053092957,negative
0.39125752449035645,negative
0.38175511360168457,negative
0.4004156291484833,negative
0.3918430805206299,negative
0.40439265966415405,negative
0.30570122599601746,negative
0.3825313150882721,negative
0.41372933983802795,negative
0.3875507414340973,negative
0.4124918282032013,negative
0.4058293402194977,negative
0.3305000066757202,negative
0.3618921637535095,negative
0.39931944012641907,negative
0.40289559960365295,negative
0.3942015469074249,negative
0.3778042495250702,negative
0.38506096601486206,negative
0.4103538691997528,negative
0.4037400484085083,negative
0.4141451418399811,negative
0.40476304292678833,negative
0.3597527742385864,negative
0.40241608023643494,negative
0.4041673243045807,negative
0.38203224539756775,negative
0.4273180663585663,negative
0.38644808530807495,negative
0.39611420035362244,negative
0.42606496810913086,negative
0.39078283309936523,negative
0.4095489978790283,negative
0.3782062232494354,negative
0.40359824895858765,negative
0.37112322449684143,negative
0.42104241251945496,negative
0.430203914642334,negative
0.38472187519073486,negative
0.37798404693603516,negative
0.3927057981491089,negative
0.41383394598960876,negative
0.33689942955970764,negative
0.3909749686717987,negative
0.3931790888309479,negative
0.36233243346214294,negative
0.3748471438884735,negative
0.33103033900260925,negative
0.3794063627719879,negative
0.42262011766433716,negative
0.40959861874580383,negative
0.38712242245674133,negative
0.40752559900283813,negative
0.3529823124408722,negative
0.3677481710910797,negative
0.3969379961490631,negative
0.42477086186408997,negative
0.3523712754249573,negative
0.3776443898677826,negative
0.41926252841949463,negative
0.41776716709136963,negative
0.40517571568489075,negative
0.3946775794029236,negative
0.39998480677604675,negative
0.3906666934490204,negative
0.3718254566192627,negative
0.4031148850917816,negative
0.4368396997451782,negative
0.40997856855392456,negative
0.41339048743247986,negative
0.3911621868610382,negative
0.3926362693309784,negative
0.3753880560398102,negative
0.38120099902153015,negative
0.421682745218277,negative
0.3338140547275543,negative
0.40782982110977173,negative
0.4166902005672455,negative
2.009611129760742,negative
0.3899446725845337,negative
0.3877154588699341,negative
0.40785476565361023,negative
0.39277398586273193,negative
0.34958213567733765,negative
0.412874311208725,negative
0.4005863666534424,negative
0.41028690338134766,negative
0.4011487066745758,negative
0.4142065942287445,negative
0.38365691900253296,negative
0.3919292688369751,negative
0.4197545051574707,negative
0.38360288739204407,negative
0.40591293573379517,negative
0.3839738368988037,negative
0.3990745544433594,negative
0.4352041780948639,negative
0.3973222076892853,negative
0.3477779030799866,negative
0.3609119951725006,negative
0.4006444215774536,negative
0.4406931400299072,negative
0.4052087068557739,negative
0.40766623616218567,negative
0.40269041061401367,negative
0.4170420467853546,negative
0.34679147601127625,negative
0.389467716217041,negative
0.402145117521286,negative
0.37223368883132935,negative
0.3913567364215851,negative
0.4026891589164734,negative
0.4083440899848938,negative
0.3689078688621521,negative
0.386684775352478,negative
0.4339096248149872,negative
0.40969449281692505,negative
0.3756619095802307,negative
0.42879796028137207,negative
0.2900813817977905,negative
0.4036853015422821,negative
0.32195359468460083,negative
2.136166572570801,negative
0.41872933506965637,negative
0.40179961919784546,negative
0.381611704826355,negative
0.3746359050273895,negative
0.39065372943878174,negative
0.4161795377731323,negative
0.41224029660224915,negative
0.4181380867958069,negative
0.3479158282279968,negative
0.4006921350955963,negative
0.3905728757381439,negative
0.4025157690048218,negative
0.2966488301753998,negative
1.635339379310608,negative
0.399117112159729,negative
0.34949180483818054,negative
0.3890018165111542,negative
0.3822026550769806,negative
0.4140636622905731,negative
0.3688322901725769,negative
0.3955996632575989,negative
0.4236064851284027,negative
0.42707911133766174,negative
0.4364452362060547,negative
0.4282987415790558,negative
0.38461053371429443,negative
0.43043360114097595,negative
0.38796699047088623,negative
0.36912932991981506,negative
0.37461116909980774,negative
0.40229955315589905,negative
0.36508384346961975,negative
0.3602116107940674,negative
0.41943949460983276,negative
0.34371238946914673,negative
0.4108171761035919,negative
0.3935454189777374,negative
0.40742477774620056,negative
0.39675799012184143,negative
0.37288689613342285,negative
0.3235398232936859,negative
0.41207242012023926,negative
0.40012630820274353,negative
0.3970424234867096,negative
0.3848402500152588,negative
0.41059109568595886,negative
0.4224069118499756,negative
0.4294199049472809,negative
0.39779147505760193,negative
0.37496253848075867,negative
0.3858592212200165,negative
0.49598708748817444,negative
0.3361539840698242,negative
0.3937929570674896,negative
0.4066448509693146,negative
0.4099183678627014,negative
0.36972761154174805,negative
0.40713372826576233,negative
0.3576844334602356,negative
0.3911522626876831,negative
0.4067353904247284,negative
0.4176977872848511,negative
0.3849502503871918,negative
0.3660793602466583,negative
0.40506479144096375,negative
0.3647385835647583,negative
1.9582337141036987,negative
0.4231660068035126,negative
0.35893529653549194,negative
0.43256211280822754,negative
0.39469361305236816,negative
0.4088916778564453,negative
0.3146630823612213,negative
0.3180990517139435,negative
0.3829042613506317,negative
2.188405752182007,negative
0.3902391493320465,negative
0.3724841773509979,negative
0.44265276193618774,negative
0.3785546123981476,negative
0.43879568576812744,negative
0.392890602350235,negative
0.38347792625427246,negative
0.4317053258419037,negative
0.42265480756759644,negative
0.30892905592918396,negative
0.349234014749527,negative
0.41322121024131775,negative
0.44404053688049316,negative
1.8924713134765625,negative
0.3678434193134308,negative
0.4581640958786011,negative
0.41688764095306396,negative
0.3768068253993988,negative
0.4408878684043884,negative
0.4253696799278259,negative
0.4102993905544281,negative
0.3860996663570404,negative
0.39398860931396484,negative
0.4089904725551605,negative
1.8398449420928955,negative
0.3854936361312866,negative
0.38803234696388245,negative
0.41128674149513245,negative
0.3995196521282196,negative
0.391984224319458,negative
0.4066949784755707,negative
0.3937757611274719,negative
0.4011950194835663,negative
0.38471168279647827,negative
0.37945470213890076,negative
0.3849485218524933,negative
0.3985697627067566,negative
0.38779184222221375,negative
0.37913864850997925,negative
0.3853292465209961,negative
0.3914150893688202,negative
0.37979552149772644,negative
0.37624114751815796,negative
0.3811142146587372,negative
0.4077052175998688,negative
0.4085072875022888,negative
0.4594784080982208,negative
0.45271411538124084,negative
0.39399266242980957,negative
0.37730643153190613,negative
0.3695254921913147,negative
0.42567285895347595,negative
0.36652475595474243,negative
0.3560090661048889,negative
0.39268758893013,negative
0.3991556465625763,negative
0.3431240916252136,negative
0.3820677399635315,negative
0.3975431025028229,negative
0.3955394923686981,negative
0.3713235557079315,negative
0.39450889825820923,negative
1.384387731552124,negative
0.42239829897880554,negative
0.419221967458725,negative
0.3992387354373932,negative
0.3193916082382202,negative
0.4022814631462097,negative
0.37780556082725525,negative
0.37387120723724365,negative
0.4092239439487457,negative
0.36924320459365845,negative
0.3916369378566742,negative
0.39136749505996704,negative
0.37366148829460144,negative
0.4041695296764374,negative
0.3969508707523346,negative
0.42639338970184326,negative
0.38035109639167786,negative
0.37312209606170654,negative
0.35783758759498596,negative
0.410404235124588,negative
0.4256308376789093,negative
0.39783456921577454,negative
0.3855779469013214,negative
0.38058093190193176,negative
0.3699638545513153,negative
0.39675864577293396,negative
0.44898664951324463,negative
0.34465932846069336,negative
0.3756031394004822,negative
0.39138513803482056,negative
0.3782229423522949,negative
0.40800973773002625,negative
0.4222073256969452,negative
0.4027961790561676,negative
0.3816896378993988,negative
0.41267505288124084,negative
0.44519534707069397,negative
0.39024510979652405,negative
0.401697039604187,negative
0.3775949776172638,negative
0.3769732713699341,negative
0.4061708450317383,negative
0.41320642828941345,negative
0.40536707639694214,negative
0.39508286118507385,negative
0.4149003028869629,negative
0.40090587735176086,negative
0.38415098190307617,negative
0.4112861752510071,negative
0.4099048674106598,negative
0.41166532039642334,negative
0.4064454436302185,negative
0.4155167043209076,negative
0.3491937816143036,negative
0.3881872892379761,negative
0.37101179361343384,negative
0.4158717095851898,negative
0.40567660331726074,negative
0.33755701780319214,negative
0.3832132816314697,negative
0.37697988748550415,negative
0.40602171421051025,negative
0.4498665928840637,negative
0.3709792494773865,negative
0.38955217599868774,negative
0.3741900324821472,negative
0.3558691442012787,negative
0.42691048979759216,negative
0.376437246799469,negative
0.403764545917511,negative
0.4115651249885559,negative
0.4231927692890167,negative
0.38567253947257996,negative
0.4203745722770691,negative
0.4018666744232178,negative
0.4054063558578491,negative
0.4539225697517395,negative
0.3678026795387268,negative
1.7758910655975342,negative
0.3547572195529938,negative
0.38446101546287537,negative
0.4185335040092468,negative
0.390669584274292,negative
0.38184335827827454,negative
0.41264528036117554,negative
0.4108597934246063,negative
0.3293071389198303,negative
0.38216814398765564,negative
0.40083760023117065,negative
0.3907061219215393,negative
0.3647836148738861,negative
0.37376949191093445,negative
0.371674507856369,negative
0.364206463098526,negative
0.37024006247520447,negative
0.36425185203552246,negative
0.39218977093696594,negative
0.38175517320632935,negative
0.3794132173061371,negative
0.4003695845603943,negative
0.40660977363586426,negative
0.4364853799343109,negative
0.40340012311935425,negative
0.4564794898033142,negative
0.38335785269737244,negative
0.42081713676452637,negative
0.39446187019348145,negative
0.3691680431365967,negative
0.32436349987983704,negative
0.40527424216270447,negative
0.43334951996803284,negative
0.3654611110687256,negative
0.37261664867401123,negative
0.35650840401649475,negative
0.3191385269165039,negative
0.37234237790107727,negative
0.4263167679309845,negative
0.4275224506855011,negative
0.4004382789134979,negative
0.3817718029022217,negative
0.41610804200172424,negative
0.4165741801261902,negative
0.3790566623210907,negative
0.42326757311820984,negative
0.38840875029563904,negative
0.38261878490448,negative
0.37250402569770813,negative
0.394765704870224,negative
0.3977242112159729,negative
0.37024882435798645,negative
0.36678797006607056,negative
0.38191431760787964,negative
0.37908467650413513,negative
0.44095107913017273,negative
0.3909323811531067,negative
0.3714420795440674,negative
0.41570305824279785,negative
0.3988245129585266,negative
0.4094243049621582,negative
0.3801518380641937,negative
0.3838106393814087,negative
0.3975836932659149,negative
0.38847115635871887,negative
0.37723293900489807,negative
0.45723944902420044,negative
0.3995151221752167,negative
0.43781858682632446,negative
0.4020180106163025,negative
0.3677876889705658,negative
0.33601829409599304,negative
0.417780339717865,negative
0.37320321798324585,negative
0.3675970733165741,negative
0.36339664459228516,negative
0.43096306920051575,negative
0.42786267399787903,negative
0.3786955177783966,negative
0.35801374912261963,negative
0.4030386507511139,negative
0.3361034095287323,negative
0.38502803444862366,negative
0.3594796657562256,negative
0.41029593348503113,negative
0.3956035375595093,negative
0.4166114926338196,negative
0.40615859627723694,negative
0.4200420081615448,negative
0.39355647563934326,negative
2.0596065521240234,negative
0.3832244575023651,negative
0.39757221937179565,negative
0.34933024644851685,negative
0.7915359139442444,negative
0.543511152267456,negative
0.3865245282649994,negative
0.39190226793289185,negative
0.41614559292793274,negative
0.3948703110218048,negative
0.3977701663970947,negative
0.4082885980606079,negative
0.41055765748023987,negative
0.43270429968833923,negative
0.4192710518836975,negative
0.39409154653549194,negative
0.4175359606742859,negative
0.41643866896629333,negative
0.4045630395412445,negative
0.4224385917186737,negative
0.4013785719871521,negative
0.3953893780708313,negative
0.40497782826423645,negative
0.3490604758262634,negative
0.3878476321697235,negative
0.4128621518611908,negative
0.37646642327308655,negative
0.38801658153533936,negative
0.4168282151222229,negative
0.3527912199497223,negative
0.41392940282821655,negative
0.34913262724876404,negative
0.4251004755496979,negative
0.4063899517059326,negative
0.3945530652999878,negative
0.3540947437286377,negative
0.3542647361755371,negative
0.3833860158920288,negative
0.37126481533050537,negative
0.44655656814575195,negative
0.3614197075366974,negative
0.3900325894355774,negative
0.43043282628059387,negative
0.37526071071624756,negative
0.4095084071159363,negative
0.36072027683258057,negative
0.3979814946651459,negative
0.4215098023414612,negative
0.3821813762187958,negative
0.4021652936935425,negative
0.37732917070388794,negative
0.37312278151512146,negative
0.39980730414390564,negative
0.3932860195636749,negative
0.40067702531814575,negative
0.4599286615848541,negative
0.39230597019195557,negative
0.4147915840148926,negative
0.39949169754981995,negative
0.34913715720176697,negative
0.37850040197372437,negative
0.3738938868045807,negative
0.4086983799934387,negative
0.3915688097476959,negative
0.4285047948360443,negative
0.3914194703102112,negative
0.42602112889289856,negative
0.3928885757923126,negative
0.43416839838027954,negative
0.41154247522354126,negative
0.4155920743942261,negative
0.3921421468257904,negative
0.4422544538974762,negative
0.4165395200252533,negative
0.4119020998477936,negative
0.3680568039417267,negative
0.4004504978656769,negative
0.36947786808013916,negative
0.36885979771614075,negative
0.3746519684791565,negative
0.38230976462364197,negative
0.394568532705307,negative
0.3570863902568817,negative
0.38852939009666443,negative
0.3809219002723694,negative
0.36860722303390503,negative
0.3777109682559967,negative
0.3953700661659241,negative
0.40218695998191833,negative
0.40216654539108276,negative
0.39044398069381714,negative
0.3969445526599884,negative
0.42292946577072144,negative
0.41336527466773987,negative
0.386283278465271,negative
0.38798099756240845,negative
0.38203442096710205,negative
0.42944687604904175,negative
0.33569297194480896,negative
0.4141530692577362,negative
0.409333199262619,negative
0.40985703468322754,negative
0.42477285861968994,negative
0.4173106849193573,negative
0.40782496333122253,negative
0.40895652770996094,negative
0.4056624472141266,negative
0.36429736018180847,negative
0.4001986086368561,negative
0.4035305976867676,negative
0.4131236970424652,negative
0.40699121356010437,negative
0.40770426392555237,negative
0.3935934901237488,negative
0.4214935600757599,negative
0.40681570768356323,negative
0.407125324010849,negative
0.4077533483505249,negative
0.4214229881763458,negative
0.360903799533844,negative
0.4004398286342621,negative
0.4009098410606384,negative
0.37953394651412964,negative
0.3767762780189514,negative
0.3929438292980194,negative
0.42610517144203186,negative
0.3976139426231384,negative
1.8049787282943726,negative
0.40706300735473633,negative
0.3602997958660126,negative
0.35452836751937866,negative
0.4075950086116791,negative
0.42107048630714417,negative
0.36226677894592285,negative
0.3859315514564514,negative
0.373307466506958,negative
0.42067334055900574,negative
0.3488965928554535,negative
0.393738716840744,negative
0.4059794247150421,negative
0.4324803054332733,negative
0.3955541253089905,negative
0.4381682574748993,negative
0.3827478289604187,negative
0.3805626928806305,negative
0.42609527707099915,negative
0.40495631098747253,negative
0.42501649260520935,negative
0.4338446259498596,negative
0.4168049097061157,negative
0.3547094166278839,negative
0.42634525895118713,negative
0.4144408404827118,negative
0.4098903238773346,negative
0.3752216100692749,negative
0.3868350386619568,negative
0.4272255301475525,negative
0.4244791567325592,negative
0.3318950831890106,negative
0.37336111068725586,negative
0.4314369261264801,negative
0.4626888334751129,negative
0.3885267674922943,negative
0.35372066497802734,negative
0.40629470348358154,negative
0.41879531741142273,negative
0.3563309907913208,negative
0.2702859938144684,negative
0.402338445186615,negative
0.343326598405838,negative
0.4027976393699646,negative
1.7471977472305298,negative
0.4026292562484741,negative
0.36158719658851624,negative
0.4440156817436218,negative
0.5643894672393799,negative
0.33976390957832336,negative
0.3801875412464142,negative
0.3700261414051056,negative
0.35647496581077576,negative
0.3927267789840698,negative
0.3790651261806488,negative
0.3550160825252533,negative
0.39680910110473633,negative
0.38424214720726013,negative
0.4121786653995514,negative
0.40558409690856934,negative
0.40529340505599976,negative
0.323772668838501,negative
0.38290730118751526,negative
0.4277384877204895,negative
0.3826952278614044,negative
0.3895334303379059,negative
0.37223199009895325,negative
1.8422220945358276,negative
0.36199355125427246,negative
0.37989604473114014,negative
0.42312562465667725,negative
0.41810959577560425,negative
0.3808305859565735,negative
0.4259973466396332,negative
0.3884088397026062,negative
0.3813149929046631,negative
0.42269012331962585,negative
0.39520618319511414,negative
0.3900350332260132,negative
0.38657957315444946,negative
0.34690311551094055,negative
0.34447112679481506,negative
0.3648306429386139,negative
0.3653315305709839,negative
0.4023420810699463,negative
0.3561985492706299,negative
0.3598080277442932,negative
0.4643177092075348,negative
0.4358784556388855,negative
0.32207176089286804,negative
0.33439168334007263,negative
0.34458693861961365,negative
0.29515084624290466,negative
0.3791867792606354,negative
0.3820106089115143,negative
0.3915320634841919,negative
0.373130202293396,negative
0.43011513352394104,negative
0.4541656970977783,negative
1.9010181427001953,negative
0.3882236182689667,negative
0.35318028926849365,negative
0.37209591269493103,negative
0.4270176291465759,negative
0.32589760422706604,negative
0.39967596530914307,negative
0.4114723205566406,negative
0.4057242274284363,negative
0.4277943968772888,negative
0.44084301590919495,negative
0.3522108793258667,negative
0.43442729115486145,negative
0.4357158839702606,negative
0.469704270362854,negative
0.41460373997688293,negative
0.3776378929615021,negative
0.38544753193855286,negative
0.4005955457687378,negative
0.3644936680793762,negative
0.418891966342926,negative
1.5709859132766724,negative
0.41262105107307434,negative
0.4025925397872925,negative
0.3878045976161957,negative
0.43022748827934265,negative
0.3809002637863159,negative
0.4105262756347656,negative
0.4074456989765167,negative
0.37965336441993713,negative
0.40680453181266785,negative
0.39450958371162415,negative
0.3851093053817749,negative
0.3946160078048706,negative
0.43618226051330566,negative
0.2955160439014435,negative
0.3428941071033478,negative
0.3854122757911682,negative
0.39086589217185974,negative
0.4156007468700409,negative
0.3242500424385071,negative
0.4393996000289917,negative
0.4037460684776306,negative
0.38624992966651917,negative
0.44195660948753357,negative
0.38222578167915344,negative
0.3282088041305542,negative
0.4109187424182892,negative
0.5932279825210571,negative
0.3952525556087494,negative
0.3920351564884186,negative
0.3617265820503235,negative
0.3827893137931824,negative
0.3800867199897766,negative
0.3503906726837158,negative
0.34218260645866394,negative
0.35267579555511475,negative
0.375730037689209,negative
0.39753904938697815,negative
0.3828328549861908,negative
0.3281319737434387,negative
0.38813135027885437,negative
0.40181732177734375,negative
1.7023628950119019,negative
0.3243940472602844,negative
0.341256320476532,negative
0.4333641827106476,negative
2.26727032661438,negative
0.41882017254829407,negative
0.41006049513816833,negative
0.3859391212463379,negative
0.39655187726020813,negative
0.35978782176971436,negative
0.3581620752811432,negative
0.4207518994808197,negative
0.4157513976097107,negative
0.4020497500896454,negative
0.397247850894928,negative
0.3979632556438446,negative
0.39372289180755615,negative
0.4168611466884613,negative
0.36183977127075195,negative
0.3842388689517975,negative
0.4368983507156372,negative
0.36848723888397217,negative
0.3800758123397827,negative
0.39082595705986023,negative
0.3964921236038208,negative
0.42299455404281616,negative
0.4012179672718048,negative
0.4192446172237396,negative
0.3562202751636505,negative
0.3976341485977173,negative
0.35015323758125305,negative
0.40006357431411743,negative
0.42833757400512695,negative
0.41079002618789673,negative
0.37372153997421265,negative
0.38688939809799194,negative
0.3950049579143524,negative
0.38111361861228943,negative
0.4491175711154938,negative
0.4123538136482239,negative
0.40839532017707825,negative
0.37685856223106384,negative
2.4024226665496826,negative
0.4139952063560486,negative
0.3322049081325531,negative
0.3684405982494354,negative
0.3805164396762848,negative
0.3964292109012604,negative
0.38853031396865845,negative
0.3999270796775818,negative
0.40417245030403137,negative
0.37272408604621887,negative
0.40426313877105713,negative
0.3973255753517151,negative
0.38819336891174316,negative
0.3793383240699768,negative
0.38778969645500183,negative
0.41463133692741394,negative
0.3476852476596832,negative
0.39945197105407715,negative
0.3252015709877014,negative
0.3932368755340576,negative
2.127730131149292,negative
0.37987473607063293,negative
0.3892102837562561,negative
0.42837485671043396,negative
0.38529711961746216,negative
0.3017215430736542,negative
0.42382586002349854,negative
0.4337718188762665,negative
0.37697896361351013,negative
0.34488943219184875,negative
0.39415818452835083,negative
0.3947873115539551,negative
0.32824668288230896,negative
0.40973809361457825,negative
0.4067445397377014,negative
0.3718620538711548,negative
0.3352516293525696,negative
0.3980054259300232,negative
0.3835724890232086,negative
0.395259290933609,negative
0.41588056087493896,negative
0.3822641670703888,negative
0.3569508492946625,negative
0.3971465528011322,negative
0.4009154140949249,negative
0.37592777609825134,negative
0.40481406450271606,negative
0.40484359860420227,negative
0.3664688169956207,negative
0.39730894565582275,negative
0.4224233031272888,negative
0.37569236755371094,negative
0.4112246036529541,negative
1.4625211954116821,negative
0.49717316031455994,negative
0.4220696687698364,negative
0.37278029322624207,negative
0.4165939688682556,negative
0.41049104928970337,negative
0.37573471665382385,negative
0.4112437665462494,negative
0.3839164972305298,negative
0.38932985067367554,negative
0.3867034614086151,negative
0.43412432074546814,negative
0.3759189546108246,negative
0.38762104511260986,negative
0.3860894739627838,negative
0.38061344623565674,negative
0.40141838788986206,negative
0.41566577553749084,negative
0.35225939750671387,negative
0.35716375708580017,negative
0.3776780664920807,negative
0.41862916946411133,negative
0.4328128695487976,negative
0.3824891746044159,negative
0.32700788974761963,negative
0.372439980506897,negative
0.35255852341651917,negative
0.4111716151237488,negative
0.39979425072669983,negative
0.3922341465950012,negative
0.3812764883041382,negative
0.3843967616558075,negative
0.4098813533782959,negative
0.4205131530761719,negative
0.4165663719177246,negative
0.4206748902797699,negative
0.39750638604164124,negative
0.3665570318698883,negative
0.3973795473575592,negative
0.39359602332115173,negative
0.353962242603302,negative
0.35586097836494446,negative
0.3627451956272125,negative
0.32457274198532104,negative
0.41586244106292725,negative
0.38431820273399353,negative
0.39292794466018677,negative
0.3819331228733063,negative
0.41337087750434875,negative
0.4105573892593384,negative
0.3568025231361389,negative
0.4211276173591614,negative
0.43740391731262207,negative
0.3755873143672943,negative
0.3691112697124481,negative
0.3979346454143524,negative
0.3991256356239319,negative
0.3381767272949219,negative
0.39035430550575256,negative
0.4153737723827362,negative
0.39885973930358887,negative
0.3925517797470093,negative
0.3567847013473511,negative
0.40799108147621155,negative
0.4168393313884735,negative
0.3766576647758484,negative
0.40427446365356445,negative
0.4072466194629669,negative
0.4465048313140869,negative
0.3732985258102417,negative
0.33638009428977966,negative
0.4269940257072449,negative
0.45137500762939453,negative
0.3986419141292572,negative
0.3903772234916687,negative
0.3848743438720703,negative
0.38926032185554504,negative
0.43090614676475525,negative
0.34036415815353394,negative
0.38190943002700806,negative
0.3892402946949005,negative
0.35019630193710327,negative
0.369001567363739,negative
0.4148562252521515,negative
0.37511637806892395,negative
0.3506919741630554,negative
0.3774428367614746,negative
0.3789924681186676,negative
0.414899617433548,negative
0.3895730674266815,negative
0.40616464614868164,negative
0.4099483788013458,negative
0.39055371284484863,negative
0.41341066360473633,negative
0.32884642481803894,negative
0.36846786737442017,negative
0.3840046525001526,negative
0.39526548981666565,negative
0.4083023965358734,negative
0.3866695165634155,negative
1.1354849338531494,negative
0.39812836050987244,negative
0.41103747487068176,negative
0.3920886516571045,negative
0.3700575828552246,negative
0.38775256276130676,negative
0.38731807470321655,negative
0.36786699295043945,negative
0.4028152823448181,negative
0.4216678738594055,negative
0.3645440638065338,negative
0.41596999764442444,negative
0.39852795004844666,negative
0.386272132396698,negative
0.40640711784362793,negative
0.3874412477016449,negative
0.41571539640426636,negative
0.37856605648994446,negative
0.36843353509902954,negative
0.37997785210609436,negative
0.4240906834602356,negative
0.4059748947620392,negative
0.4038892090320587,negative
0.4042408764362335,negative
0.4056496322154999,negative
0.3834831118583679,negative
0.4061037003993988,negative
0.39483073353767395,negative
0.42669883370399475,negative
0.38845065236091614,negative
0.37020009756088257,negative
0.39666423201560974,negative
0.3513740301132202,negative
0.38767775893211365,negative
0.3719616234302521,negative
1.2196305990219116,negative
0.4845542311668396,negative
0.36697837710380554,negative
0.4167705476284027,negative
0.41746577620506287,negative
0.4044928252696991,negative
0.41370654106140137,negative
0.37074193358421326,negative
0.41521015763282776,negative
1.2848929166793823,negative
0.41828832030296326,negative
0.42287713289260864,negative
0.4110178053379059,negative
0.4083191454410553,negative
0.3893863260746002,negative
0.43751025199890137,negative
0.41658443212509155,negative
0.3992269039154053,negative
0.44450825452804565,negative
0.4102650582790375,negative
0.39178022742271423,negative
0.3942677676677704,negative
0.4096113443374634,negative
0.4531792104244232,negative
0.3973558247089386,negative
0.3984048068523407,negative
0.3997967541217804,negative
0.36166587471961975,negative
0.38483908772468567,negative
0.36652374267578125,negative
0.3908916413784027,negative
0.40255865454673767,negative
0.4252437651157379,negative
0.36151063442230225,negative
0.41447311639785767,negative
0.43007680773735046,negative
0.4130992591381073,negative
0.36826375126838684,negative
0.3801611661911011,negative
0.3800187408924103,negative
0.39942222833633423,negative
0.4133204519748688,negative
0.4100981056690216,negative
0.40057075023651123,negative
0.38011181354522705,negative
0.41167911887168884,negative
0.3739606738090515,negative
0.36261266469955444,negative
0.38993459939956665,negative
0.38959553837776184,negative
0.3631245195865631,negative
0.3388957977294922,negative
0.4136609137058258,negative
0.4382858872413635,negative
0.3552286624908447,negative
0.3869350552558899,negative
0.39512062072753906,negative
0.3877859115600586,negative
0.40920311212539673,negative
0.38056161999702454,negative
0.41425129771232605,negative
0.37226665019989014,negative
0.4024539887905121,negative
0.42669039964675903,negative
1.7350258827209473,negative
0.4145577847957611,negative
0.4062097668647766,negative
0.3836856484413147,negative
0.39155322313308716,negative
0.3766880929470062,negative
0.3561044931411743,negative
0.3971719443798065,negative
0.40320247411727905,negative
0.407373309135437,negative
0.41788628697395325,negative
0.4166210889816284,negative
0.346336305141449,negative
0.3979918956756592,negative
2.122490882873535,negative
0.39525020122528076,negative
0.4106513261795044,negative
0.40197721123695374,negative
0.37383878231048584,negative
0.37790629267692566,negative
0.4416414797306061,negative
0.4132711589336395,negative
0.3907003700733185,negative
0.40896740555763245,negative
0.4235442280769348,negative
0.44117575883865356,negative
0.388433039188385,negative
0.3855768144130707,negative
0.3185413181781769,negative
0.38999050855636597,negative
0.31939902901649475,negative
0.4109470248222351,negative
0.39145082235336304,negative
1.7695270776748657,negative
0.4008236825466156,negative
0.3868563771247864,negative
0.4131060540676117,negative
0.40612146258354187,negative
0.3728577196598053,negative
0.4034409821033478,negative
0.40900230407714844,negative
0.4483388066291809,negative
0.40612632036209106,negative
0.44037550687789917,negative
0.34978917241096497,negative
0.35955044627189636,negative
0.37052294611930847,negative
0.42015478014945984,negative
0.42106226086616516,negative
0.4046589136123657,negative
0.4360377788543701,negative
0.40698423981666565,negative
0.39603951573371887,negative
0.3760087490081787,negative
0.39663827419281006,negative
0.37650951743125916,negative
0.35531938076019287,negative
0.43742769956588745,negative
0.41738301515579224,negative
0.38298431038856506,negative
0.3884863257408142,negative
0.38229769468307495,negative
0.3794850707054138,negative
0.3998487889766693,negative
0.3383658528327942,negative
0.39758235216140747,negative
0.4281947910785675,negative
0.4105355739593506,negative
0.39263612031936646,negative
0.3990979492664337,negative
0.3997993469238281,negative
0.3936609625816345,negative
0.44575235247612,negative
0.39456906914711,negative
0.38856640458106995,negative
0.3917215168476105,negative
0.36965522170066833,negative
0.42608845233917236,negative
0.3898784816265106,negative
0.35522979497909546,negative
0.407733678817749,negative
0.3759389817714691,negative
0.3991399109363556,negative
0.335354208946228,negative
0.42455533146858215,negative
0.44534191489219666,negative
0.39318692684173584,negative
0.37695661187171936,negative
0.33583080768585205,negative
0.3746969401836395,negative
0.37215036153793335,negative
0.3853021264076233,negative
0.3930787146091461,negative
0.366068959236145,negative
0.4127981960773468,negative
0.3908694088459015,negative
0.3760947287082672,negative
0.3900197744369507,negative
0.4183739423751831,negative
0.3172712028026581,negative
0.39903533458709717,negative
0.38631850481033325,negative
0.35590922832489014,negative
0.37845897674560547,negative
0.3930308222770691,negative
0.4005680978298187,negative
0.35622626543045044,negative
0.3832866847515106,negative
1.8650989532470703,negative
0.4152911603450775,negative
0.4331405758857727,negative
0.404197096824646,negative
0.47452279925346375,negative
0.4050246775150299,negative
0.4043898582458496,negative
0.40134382247924805,negative
0.34337079524993896,negative
0.4032635986804962,negative
0.4190657436847687,negative
0.4215497672557831,negative
0.39774662256240845,negative
0.3522774279117584,negative
0.38170596957206726,negative
0.35827571153640747,negative
0.361910879611969,negative
0.4030196964740753,negative
0.41081053018569946,negative
1.8682318925857544,negative
0.37449705600738525,negative
0.32949092984199524,negative
0.39576929807662964,negative
0.42213061451911926,negative
0.400923490524292,negative
0.4271022379398346,negative
0.398635596036911,negative
0.3886105716228485,negative
0.4376091957092285,negative
0.379874587059021,negative
0.3579682409763336,negative
0.4170457422733307,negative
0.40186014771461487,negative
0.3924585282802582,negative
0.40987733006477356,negative
0.38481998443603516,negative
0.4035220146179199,negative
0.4026654362678528,negative
0.3575882315635681,negative
0.38198530673980713,negative
0.37331146001815796,negative
0.4196361005306244,negative
0.3831970989704132,negative
0.387712299823761,negative
0.41675159335136414,negative
0.4137634038925171,negative
0.37292155623435974,negative
0.3590630888938904,negative
0.3698776066303253,negative
0.36642444133758545,negative
0.3872049152851105,negative
0.5065430998802185,negative
0.34407150745391846,negative
0.41773730516433716,negative
0.38692450523376465,negative
0.4088376462459564,negative
0.40311795473098755,negative
0.3612229526042938,negative
0.3952772319316864,negative
0.41530925035476685,negative
0.4333703815937042,negative
0.3312828540802002,negative
0.37803125381469727,negative
0.3921434283256531,negative
0.3825168013572693,negative
0.3136332035064697,negative
0.4000609219074249,negative
0.4117400646209717,negative
1.7714581489562988,negative
0.41244179010391235,negative
0.3266433775424957,negative
0.35540762543678284,negative
0.348193883895874,negative
0.3885766267776489,negative
0.40021705627441406,negative
0.4210073947906494,negative
0.4380600154399872,negative
0.38409948348999023,negative
0.3862755000591278,negative
0.42157721519470215,negative
0.3358357548713684,negative
0.37915733456611633,negative
0.4073367416858673,negative
0.4214761257171631,negative
0.38924095034599304,negative
0.3959351181983948,negative
0.37122082710266113,negative
0.4172525703907013,negative
0.4078868329524994,negative
0.41529613733291626,negative
0.3948267698287964,negative
0.39861470460891724,negative
0.38631564378738403,negative
0.3933441936969757,negative
0.3603139817714691,negative
0.3923969566822052,negative
0.3721855878829956,negative
0.40069344639778137,negative
0.40783199667930603,negative
0.38446852564811707,negative
1.8699179887771606,negative
0.41348907351493835,negative
0.4044146239757538,negative
0.3739953339099884,negative
0.4091188311576843,negative
0.4396708607673645,negative
0.3984925150871277,negative
0.4154908359050751,negative
0.4020485281944275,negative
0.41230398416519165,negative
0.40105724334716797,negative
0.35812580585479736,negative
0.3950449228286743,negative
0.3685760498046875,negative
0.41012874245643616,negative
0.37662261724472046,negative
0.3831770122051239,negative
0.4327283799648285,negative
0.4066990315914154,negative
0.3686313033103943,negative
0.3593204617500305,negative
0.2726888358592987,negative
0.43170246481895447,negative
0.35565391182899475,negative
0.35105133056640625,negative
0.3690181076526642,negative
0.40455564856529236,negative
0.3746195435523987,negative
1.4228017330169678,negative
0.37705594301223755,negative
0.387338250875473,negative
0.37599319219589233,negative
0.3369062840938568,negative
0.4353277087211609,negative
0.35466840863227844,negative
0.4152473211288452,negative
0.3730124533176422,negative
0.3901626765727997,negative
0.3972601294517517,negative
0.39215898513793945,negative
0.38109517097473145,negative
0.37204238772392273,negative
0.4144150912761688,negative
0.3802218735218048,negative
0.36542558670043945,negative
0.41321784257888794,negative
0.41181591153144836,negative
0.4044710099697113,negative
0.3672657310962677,negative
0.47707197070121765,negative
1.5351519584655762,negative
0.3674168288707733,negative
0.3908255994319916,negative
0.42595407366752625,negative
0.4234135150909424,negative
0.3670063316822052,negative
0.39563441276550293,negative
0.4333038926124573,negative
0.3772370517253876,negative
0.4017326831817627,negative
0.40846434235572815,negative
0.3861061632633209,negative
0.3959665596485138,negative
0.4104648232460022,negative
0.42191022634506226,negative
0.38378798961639404,negative
0.40934935212135315,negative
0.40108534693717957,negative
0.34260523319244385,negative
0.3902834355831146,negative
0.3997739255428314,negative
0.4727453887462616,negative
0.400263249874115,negative
0.35634320974349976,negative
0.3746495544910431,negative
0.37578168511390686,negative
0.403541624546051,negative
0.352841854095459,negative
0.39906030893325806,negative
0.42711466550827026,negative
0.4157932996749878,negative
0.3978824019432068,negative
0.38044360280036926,negative
0.40933212637901306,negative
0.3857320547103882,negative
0.37196236848831177,negative
0.42628344893455505,negative
0.35303041338920593,negative
0.38402020931243896,negative
0.4163151681423187,negative
0.37672993540763855,negative
0.3674549460411072,negative
0.3946404755115509,negative
0.4109802842140198,negative
0.4136604964733124,negative
0.4032185971736908,negative
0.41577258706092834,negative
0.4243535101413727,negative
0.41541892290115356,negative
0.3762763440608978,negative
0.3676077425479889,negative
0.4178776443004608,negative
0.3804751932621002,negative
0.3798620104789734,negative
0.408113956451416,negative
0.37038248777389526,negative
0.38189002871513367,negative
0.30047184228897095,negative
0.4186183512210846,negative
0.41580644249916077,negative
0.3662167191505432,negative
0.3894535005092621,negative
0.3842540383338928,negative
0.4145139455795288,negative
0.3756377100944519,negative
0.37847140431404114,negative
0.3968844413757324,negative
0.40106630325317383,negative
0.3799549341201782,negative
0.3983764350414276,negative
0.34105509519577026,negative
0.40157777070999146,negative
0.4196242690086365,negative
0.37672996520996094,negative
0.3961482644081116,negative
0.37023472785949707,negative
0.37352070212364197,negative
0.3262846767902374,negative
0.3456368148326874,negative
0.37738004326820374,negative
0.40618225932121277,negative
0.38209274411201477,negative
0.3915616571903229,negative
0.4024064242839813,negative
0.3846702575683594,negative
0.3646737039089203,negative
0.3796980381011963,negative
0.44419121742248535,negative
0.3993704915046692,negative
0.4003722071647644,negative
0.40637651085853577,negative
0.4102359414100647,negative
0.4026884138584137,negative
2.063359260559082,negative
0.41741299629211426,negative
1.8349498510360718,negative
0.35832908749580383,negative
0.42142772674560547,negative
0.40405580401420593,negative
0.40765270590782166,negative
0.43896418809890747,negative
0.40810641646385193,negative
0.3868464231491089,negative
1.9079209566116333,negative
0.3880137503147125,negative
0.3723301589488983,negative
0.30674824118614197,negative
0.40611356496810913,negative
0.4378450810909271,negative
0.3837871253490448,negative
0.39840012788772583,negative
0.33336254954338074,negative
0.41813525557518005,negative
0.38751205801963806,negative
0.43359097838401794,negative
0.39021673798561096,negative
0.41599664092063904,negative
0.395374596118927,negative
0.4139034152030945,negative
0.4010157883167267,negative
0.39475297927856445,negative
0.39099109172821045,negative
0.3849356472492218,negative
0.45505428314208984,negative
0.3812275528907776,negative
0.3974015414714813,negative
0.41265279054641724,negative
0.4161525368690491,negative
0.4149213433265686,negative
0.38995257019996643,negative
0.3624707758426666,negative
0.39649397134780884,negative
0.39943817257881165,negative
0.33227601647377014,negative
0.42541220784187317,negative
0.35597795248031616,negative
2.203451156616211,negative
0.42102426290512085,negative
0.407178670167923,negative
0.38647904992103577,negative
0.40505608916282654,negative
0.3898979425430298,negative
0.3761475682258606,negative
0.39730989933013916,negative
0.3613443076610565,negative
0.3715618848800659,negative
0.414431631565094,negative
0.4152369797229767,negative
0.38604480028152466,negative
1.9600534439086914,negative
0.3724498152732849,negative
0.3785669207572937,negative
0.4136442244052887,negative
0.3536216914653778,negative
0.402960866689682,negative
0.4127528667449951,negative
0.41804972290992737,negative
0.37345200777053833,negative
0.39708036184310913,negative
0.40765461325645447,negative
0.41267165541648865,negative
0.4216415584087372,negative
0.4115217924118042,negative
0.4105507731437683,negative
0.3634459972381592,negative
0.3968978524208069,negative
0.38654693961143494,negative
0.4613327383995056,negative
0.40020594000816345,negative
0.42543527483940125,negative
0.42627787590026855,negative
0.3659094274044037,negative
0.36432430148124695,negative
0.3719760775566101,negative
0.43262043595314026,negative
0.4135162830352783,negative
0.3868255615234375,negative
1.5794967412948608,negative
0.3266148269176483,negative
0.41125041246414185,negative
0.40346574783325195,negative
0.37699323892593384,negative
0.46250903606414795,negative
0.4211762249469757,negative
0.4402710497379303,negative
0.39255064725875854,negative
0.33011525869369507,negative
0.3025020658969879,negative
0.40495565533638,negative
0.43567129969596863,negative
0.36007454991340637,negative
0.3869278132915497,negative
0.4030856490135193,negative
0.4076099693775177,negative
0.39614787697792053,negative
0.3922860026359558,negative
0.3579269349575043,negative
0.3909794092178345,negative
0.41034939885139465,negative
0.37038755416870117,negative
0.4066668152809143,negative
0.40255504846572876,negative
0.4236283004283905,negative
0.4855480194091797,negative
0.4243079423904419,negative
0.388967901468277,negative
0.4078037142753601,negative
0.4229537546634674,negative
0.3888753056526184,negative
0.41910549998283386,negative
0.40189090371131897,negative
0.38273894786834717,negative
0.39285942912101746,negative
0.4071962535381317,negative
0.3047794997692108,negative
2.2348263263702393,negative
0.3956298828125,negative
0.3472675383090973,negative
0.40464940667152405,negative
0.39222434163093567,negative
0.3759413957595825,negative
0.3739554286003113,negative
0.3820604681968689,negative
0.3906676173210144,negative
0.3305298388004303,negative
0.3880530297756195,negative
0.3995358645915985,negative
0.41837331652641296,negative
0.36133310198783875,negative
0.3914344310760498,negative
0.40805119276046753,negative
0.40276676416397095,negative
0.3786808252334595,negative
0.4151066839694977,negative
0.3821238875389099,negative
1.8169093132019043,negative
0.3830798268318176,negative
0.4009665846824646,negative
0.3917577862739563,negative
0.4064907729625702,negative
0.4042827785015106,negative
0.3841967284679413,negative
0.3519861400127411,negative
0.35764986276626587,negative
0.40868479013442993,negative
0.3439507484436035,negative
0.3507887125015259,negative
0.41103553771972656,negative
0.3963776230812073,negative
0.3963293433189392,negative
0.3845128118991852,negative
0.4526238739490509,negative
0.35427358746528625,negative
0.39828526973724365,negative
0.37818247079849243,negative
0.3922794759273529,negative
0.36818867921829224,negative
0.424142986536026,negative
0.39217954874038696,negative
0.39934241771698,negative
0.32948726415634155,negative
0.38872694969177246,negative
0.3931586444377899,negative
0.43993547558784485,negative
0.38075050711631775,negative
0.3983338475227356,negative
0.37475302815437317,negative
0.39941850304603577,negative
0.4541347026824951,negative
0.3770175874233246,negative
0.41732585430145264,negative
0.3591846227645874,negative
0.3591858744621277,negative
0.33773738145828247,negative
0.3545510470867157,negative
0.3874639868736267,negative
0.42701953649520874,negative
0.3539172112941742,negative
0.4335024654865265,negative
0.4271976053714752,negative
0.45235475897789,negative
0.4023534655570984,negative
0.37534233927726746,negative
0.41510912775993347,negative
0.3491098880767822,negative
0.36578449606895447,negative
0.3698931634426117,negative
0.39863529801368713,negative
0.31558966636657715,negative
0.4011554419994354,negative
0.38716575503349304,negative
0.4083745777606964,negative
0.4057527780532837,negative
0.410993754863739,negative
0.3958800733089447,negative
0.3822211027145386,negative
0.4453158676624298,negative
0.38038673996925354,negative
0.4200814962387085,negative
0.36156538128852844,negative
1.7460418939590454,negative
0.3516559302806854,negative
0.40096044540405273,negative
0.4268568754196167,negative
0.4227605164051056,negative
0.3665326237678528,negative
0.4097120463848114,negative
0.3668479025363922,negative
0.4172651767730713,negative
0.3644373118877411,negative
0.3762163817882538,negative
0.38943740725517273,negative
0.3460562527179718,negative
0.4141279458999634,negative
0.39054587483406067,negative
0.39911383390426636,negative
0.35930314660072327,negative
0.38516560196876526,negative
0.4113907217979431,negative
0.3890436291694641,negative
0.4102005362510681,negative
0.3795619010925293,negative
0.38178449869155884,negative
0.3338724374771118,negative
0.39204734563827515,negative
0.39647915959358215,negative
0.31132352352142334,negative
0.40119439363479614,negative
0.45151668787002563,negative
0.41273289918899536,negative
0.4291982352733612,negative
0.4198882281780243,negative
0.40688320994377136,negative
0.37472447752952576,negative
0.38745206594467163,negative
0.43299493193626404,negative
0.38542982935905457,negative
0.39133086800575256,negative
0.3875345289707184,negative
0.3922053277492523,negative
0.3957602083683014,negative
0.3885459005832672,negative
0.3744823634624481,negative
0.37230899930000305,negative
0.37391576170921326,negative
0.38500741124153137,negative
0.32570546865463257,negative
0.42702963948249817,negative
0.37381869554519653,negative
0.35069870948791504,negative
0.4127056896686554,negative
0.38868969678878784,negative
0.4378810226917267,negative
0.3847745954990387,negative
0.3419806957244873,negative
0.4117339849472046,negative
0.3642086684703827,negative
0.41233760118484497,negative
0.40153980255126953,negative
0.4034706652164459,negative
0.38236504793167114,negative
0.3325331509113312,negative
0.3926618993282318,negative
0.2830006778240204,negative
0.4007910490036011,negative
0.34079045057296753,negative
0.4054810106754303,negative
0.41703709959983826,negative
0.4127233922481537,negative
0.40237465500831604,negative
0.4681459963321686,negative
0.42614465951919556,negative
0.35199305415153503,negative
0.4390244781970978,negative
0.383321613073349,negative
0.415756493806839,negative
0.4373471140861511,negative
0.35571327805519104,negative
0.39552396535873413,negative
0.4000018835067749,negative
0.3808717727661133,negative
0.3776303827762604,negative
0.37463879585266113,negative
0.3490603268146515,negative
0.3745932877063751,negative
0.40479275584220886,negative
0.3420986235141754,negative
0.39435309171676636,negative
0.38190150260925293,negative
0.35649988055229187,negative
0.37917667627334595,negative
0.39109373092651367,negative
0.3811330199241638,negative
0.4125533103942871,negative
0.3519144654273987,negative
0.315552681684494,negative
0.38775143027305603,negative
0.44131240248680115,negative
0.3941390812397003,negative
0.4057982563972473,negative
0.40261155366897583,negative
0.48840296268463135,negative
0.3643430173397064,negative
0.3837864100933075,negative
0.42991575598716736,negative
0.39554542303085327,negative
0.37123772501945496,negative
0.38500672578811646,negative
0.4045338034629822,negative
0.39618679881095886,negative
0.427903950214386,negative
0.45466434955596924,negative
0.38110804557800293,negative
0.31080785393714905,negative
0.41717851161956787,negative
0.3911227583885193,negative
0.39601993560791016,negative
0.3935057818889618,negative
0.3933984637260437,negative
0.3881271481513977,negative
0.3866449296474457,negative
0.4211427569389343,negative
0.3886159062385559,negative
0.3331297039985657,negative
0.39091768860816956,negative
0.37359583377838135,negative
0.39439862966537476,negative
0.4281754791736603,negative
0.3977084457874298,negative
0.4250074326992035,negative
0.4144400656223297,negative
0.3811602294445038,negative
0.38206732273101807,negative
0.40591543912887573,negative
0.41215869784355164,negative
0.4201333224773407,negative
0.3978327512741089,negative
0.3654943108558655,negative
0.40775737166404724,negative
0.3841414153575897,negative
0.391007661819458,negative
0.41755813360214233,negative
0.3944252133369446,negative
0.4147562086582184,negative
0.36242514848709106,negative
0.34644559025764465,negative
0.40804341435432434,negative
0.4201691150665283,negative
0.39560893177986145,negative
0.3477289080619812,negative
0.3723513185977936,negative
0.4127296805381775,negative
0.39333245158195496,negative
0.3913249671459198,negative
0.37551242113113403,negative
0.43435782194137573,negative
0.40811118483543396,negative
0.40095022320747375,negative
0.31140562891960144,negative
0.39624133706092834,negative
0.42667192220687866,negative
0.3580903112888336,negative
0.4216914176940918,negative
0.3867620527744293,negative
0.36059924960136414,negative
0.4024055004119873,negative
0.3496566712856293,negative
0.33496081829071045,negative
0.37342724204063416,negative
0.400342732667923,negative
0.42590656876564026,negative
0.3247406780719757,negative
0.4112393260002136,negative
0.37849515676498413,negative
0.4117160439491272,negative
0.4139206111431122,negative
0.40402358770370483,negative
0.3814290761947632,negative
1.4149832725524902,negative
0.44079849123954773,negative
0.402790904045105,negative
1.5598347187042236,negative
0.4103773832321167,negative
0.381388783454895,negative
0.39938047528266907,negative
0.4381484389305115,negative
0.3986186683177948,negative
0.3323969841003418,negative
0.4081360697746277,negative
0.40374916791915894,negative
0.3581390380859375,negative
0.41444382071495056,negative
0.44300392270088196,negative
0.3761093020439148,negative
0.44055065512657166,negative
0.3885561525821686,negative
0.3640325367450714,negative
0.4216083884239197,negative
0.403324156999588,negative
0.4061334431171417,negative
0.3787931799888611,negative
0.4040401577949524,negative
0.43756115436553955,negative
0.40081557631492615,negative
0.39780759811401367,negative
0.3853341042995453,negative
0.391690194606781,negative
0.3499542772769928,negative
1.7000319957733154,negative
0.38121750950813293,negative
0.4555865526199341,negative
0.434831440448761,negative
0.4041473865509033,negative
0.42050665616989136,negative
0.37620455026626587,negative
0.39032745361328125,negative
0.367191344499588,negative
0.3476063311100006,negative
0.4047931134700775,negative
0.37738001346588135,negative
0.4101928174495697,negative
0.4181637763977051,negative
0.38773754239082336,negative
0.38672804832458496,negative
0.3557579815387726,negative
0.39384838938713074,negative
0.39157336950302124,negative
0.40222328901290894,negative
0.3774449825286865,negative
0.3406793177127838,negative
1.902862310409546,negative
0.38075414299964905,negative
0.42288297414779663,negative
0.39788058400154114,negative
0.4414602220058441,negative
0.3553214371204376,negative
0.3312618136405945,negative
0.4194980263710022,negative
0.41153621673583984,negative
0.37978383898735046,negative
0.36262303590774536,negative
0.3854844272136688,negative
0.3877587616443634,negative
0.3623839318752289,negative
0.40044474601745605,negative
0.3927259147167206,negative
0.38686850666999817,negative
0.39832428097724915,negative
0.4131361246109009,negative
0.40166521072387695,negative
0.4019048810005188,negative
0.4140424132347107,negative
0.39017683267593384,negative
0.368400901556015,negative
0.40599724650382996,negative
0.3777357339859009,negative
0.39697274565696716,negative
0.35983964800834656,negative
0.3814358115196228,negative
0.3349207639694214,negative
0.4206725060939789,negative
0.4479924738407135,negative
0.38211575150489807,negative
0.3799133598804474,negative
0.4227079451084137,negative
0.33816230297088623,negative
0.3727721571922302,negative
0.4296536147594452,negative
0.41664034128189087,negative
0.42387112975120544,negative
0.37203285098075867,negative
0.3478364050388336,negative
0.41389086842536926,negative
0.40842974185943604,negative
0.3250766694545746,negative
0.4002922773361206,negative
0.426291823387146,negative
0.432468056678772,negative
0.39364996552467346,negative
0.41303902864456177,negative
0.3858799636363983,negative
0.405604749917984,negative
0.4323784112930298,negative
0.37258902192115784,negative
0.3986835479736328,negative
0.444314569234848,negative
0.40842291712760925,negative
0.3791687488555908,negative
0.422294557094574,negative
0.4202474355697632,negative
0.4163801372051239,negative
0.4160271883010864,negative
0.3885997533798218,negative
0.42745888233184814,negative
0.3404580354690552,negative
0.4122665524482727,negative
0.3961407244205475,negative
0.39837178587913513,negative
0.3547399044036865,negative
0.4218110144138336,negative
0.40928882360458374,negative
0.4051448702812195,negative
0.41575726866722107,negative
0.3742891252040863,negative
0.369338721036911,negative
0.3967650532722473,negative
0.4049905240535736,negative
0.4031997621059418,negative
0.3683713674545288,negative
0.38102057576179504,negative
0.4150257706642151,negative
0.40164315700531006,negative
0.39052751660346985,negative
0.41631826758384705,negative
0.40412649512290955,negative
0.40537744760513306,negative
0.4221271574497223,negative
0.38896533846855164,negative
0.4105733633041382,negative
0.31127315759658813,negative
0.4087006747722626,negative
0.3886558711528778,negative
0.4054858088493347,negative
0.4051847457885742,negative
0.3845999240875244,negative
0.40634432435035706,negative
0.4066946804523468,negative
0.40143588185310364,negative
0.3613907992839813,negative
0.408336877822876,negative
0.36594510078430176,negative
0.40800800919532776,negative
0.3728598952293396,negative
0.37832558155059814,negative
0.40574929118156433,negative
0.3823355734348297,negative
0.36896130442619324,negative
0.3930337727069855,negative
0.3864355683326721,negative
0.4155269265174866,negative
0.49437201023101807,negative
0.4188418686389923,negative
0.4105653762817383,negative
0.408081978559494,negative
0.4143802523612976,negative
0.419600248336792,negative
0.37271225452423096,negative
0.4031277894973755,negative
0.4147360324859619,negative
0.3716526925563812,negative
0.36622098088264465,negative
0.410131573677063,negative
0.34862691164016724,negative
0.422885000705719,negative
0.4148058295249939,negative
0.41800975799560547,negative
0.40434664487838745,negative
0.3845570683479309,negative
0.4016386866569519,negative
0.3896276354789734,negative
0.3666522204875946,negative
0.4412333369255066,negative
0.3988158404827118,negative
0.3609170913696289,negative
0.45040246844291687,negative
0.43047258257865906,negative
0.4075600504875183,negative
0.3903470039367676,negative
0.39604952931404114,negative
0.4374924898147583,negative
0.39709994196891785,negative
0.4501843750476837,negative
0.42455002665519714,negative
0.3600557744503021,negative
0.3939554989337921,negative
0.3898422122001648,negative
0.4339865446090698,negative
0.4005286991596222,negative
0.3640517592430115,negative
0.36331066489219666,negative
0.3761459290981293,negative
0.37286919355392456,negative
0.3825552761554718,negative
0.3602988123893738,negative
0.4309353828430176,negative
0.4028497636318207,negative
0.4438003599643707,negative
0.40167292952537537,negative
0.34479793906211853,negative
0.34077879786491394,negative
0.40817365050315857,negative
1.6655913591384888,negative
0.3990362882614136,negative
0.3652312755584717,negative
0.4093656837940216,negative
0.4125899374485016,negative
0.4373948872089386,negative
0.37322375178337097,negative
0.3170405328273773,negative
0.4087473452091217,negative
0.42720505595207214,negative
0.3654703199863434,negative
0.37056583166122437,negative
0.3714534342288971,negative
0.4368874728679657,negative
1.574316382408142,negative
0.3696695864200592,negative
0.42003315687179565,negative
0.4101583957672119,negative
0.41795095801353455,negative
0.308674156665802,negative
0.36617511510849,negative
0.38560131192207336,negative
0.4134511649608612,negative
0.3737846314907074,negative
0.4143889546394348,negative
0.3741535246372223,negative
0.39588239789009094,negative
0.39921021461486816,negative
0.365799218416214,negative
0.4133211672306061,negative
0.4275195896625519,negative
0.3794441819190979,negative
0.38104379177093506,negative
0.3181362450122833,negative
0.4091511070728302,negative
0.39920279383659363,negative
0.40661153197288513,negative
0.3868413269519806,negative
0.379101037979126,negative
0.39538994431495667,negative
0.3998471796512604,negative
0.40647807717323303,negative
0.3658721446990967,negative
0.41438019275665283,negative
0.505746066570282,negative
0.3447451889514923,negative
0.3576681315898895,negative
0.40009790658950806,negative
0.41624364256858826,negative
0.40878787636756897,negative
0.3492688834667206,negative
0.3447090685367584,negative
0.39464861154556274,negative
0.40193235874176025,negative
0.36813047528266907,negative
0.38033413887023926,negative
0.3969837725162506,negative
0.3906185030937195,negative
0.3615996837615967,negative
0.3755127489566803,negative
0.3473852574825287,negative
0.3560005724430084,negative
0.4124543070793152,negative
0.4183580279350281,negative
0.3461768627166748,negative
0.39120355248451233,negative
0.38412147760391235,negative
0.3931475281715393,negative
0.39175179600715637,negative
0.3824532628059387,negative
1.6320897340774536,negative
0.4191308915615082,negative
0.3778427839279175,negative
0.4049147963523865,negative
0.3681700825691223,negative
0.3962804079055786,negative
0.38182497024536133,negative
0.4260338246822357,negative
0.41231828927993774,negative
0.41323381662368774,negative
0.43350815773010254,negative
0.3953409492969513,negative
0.3609309196472168,negative
0.35603517293930054,negative
0.4073989689350128,negative
0.44716787338256836,negative
0.3672882318496704,negative
0.3848484456539154,negative
0.4371786415576935,negative
0.38782188296318054,negative
0.4224579334259033,negative
0.3820887804031372,negative
0.29048392176628113,negative
0.3983231782913208,negative
0.40229278802871704,negative
0.39303386211395264,negative
0.2820967137813568,negative
0.3979639410972595,negative
0.39561015367507935,negative
0.5044428706169128,negative
0.37184470891952515,negative
1.8748995065689087,negative
0.4046507179737091,negative
0.3808768391609192,negative
0.39044222235679626,negative
0.43995773792266846,negative
0.43949073553085327,negative
0.4231977164745331,negative
0.3732847571372986,negative
0.3651210069656372,negative
0.3765934109687805,negative
0.3950928747653961,negative
0.38826993107795715,negative
0.38040801882743835,negative
0.3864069879055023,negative
0.3865956962108612,negative
0.3950156271457672,negative
0.4206569492816925,negative
0.3702331483364105,negative
0.3862256109714508,negative
0.3597531020641327,negative
0.3259911835193634,negative
0.35992303490638733,negative
0.3978034555912018,negative
0.40504908561706543,negative
0.41276270151138306,negative
0.35190823674201965,negative
0.4239419102668762,negative
0.33532699942588806,negative
0.372837632894516,negative
0.4221000671386719,negative
0.4064876437187195,negative
0.39878225326538086,negative
0.46213895082473755,negative
0.3877280652523041,negative
0.4353218078613281,negative
0.3863685131072998,negative
0.39664384722709656,negative
0.48196884989738464,negative
0.3782911002635956,negative
0.3979315161705017,negative
0.33594363927841187,negative
0.4118873178958893,negative
0.4019930064678192,negative
0.4183233380317688,negative
0.40934446454048157,negative
0.42213499546051025,negative
0.42938312888145447,negative
0.36971142888069153,negative
0.44371309876441956,negative
0.3787088394165039,negative
0.3996215760707855,negative
0.42728525400161743,negative
0.39714667201042175,negative
0.4325559735298157,negative
0.3799567222595215,negative
0.3512710928916931,negative
0.4244859218597412,negative
0.3855489194393158,negative
0.39353176951408386,negative
0.4096839129924774,negative
0.38175198435783386,negative
0.3875117599964142,negative
0.38653719425201416,negative
0.4084296226501465,negative
0.380813330411911,negative
0.3976750671863556,negative
0.39202049374580383,negative
0.3808223307132721,negative
0.3080581724643707,negative
0.3523223102092743,negative
0.39821338653564453,negative
1.3497151136398315,negative
0.3287813663482666,negative
0.37806668877601624,negative
0.4223775565624237,negative
0.38052549958229065,negative
0.38199383020401,negative
0.35774028301239014,negative
0.4065189063549042,negative
0.4426210820674896,negative
0.4098510444164276,negative
0.4015849828720093,negative
0.3603318929672241,negative
0.39303460717201233,negative
0.4344484508037567,negative
0.3407159447669983,negative
0.3821098208427429,negative
0.3962756097316742,negative
0.39004459977149963,negative
0.39555633068084717,negative
0.40160444378852844,negative
0.40932950377464294,negative
0.37233832478523254,negative
0.40628892183303833,negative
0.37543079257011414,negative
0.3897395431995392,negative
0.40914595127105713,negative
0.3400920331478119,negative
0.389056921005249,negative
0.40242061018943787,negative
0.3850882351398468,negative
0.4341879189014435,negative
0.36023133993148804,negative
0.3752767741680145,negative
0.41497892141342163,negative
0.37795090675354004,negative
0.41300347447395325,negative
0.4172998368740082,negative
0.40037548542022705,negative
0.4038895070552826,negative
0.3974577486515045,negative
0.3809804618358612,negative
0.35232892632484436,negative
0.3881290555000305,negative
0.3845452666282654,negative
0.3879634141921997,negative
0.40616869926452637,negative
0.37668576836586,negative
0.39277100563049316,negative
0.39486461877822876,negative
0.4097995162010193,negative
0.4260484576225281,negative
0.36350375413894653,negative
0.37346091866493225,negative
0.4031761884689331,negative
0.39309224486351013,negative
0.35689908266067505,negative
0.36286836862564087,negative
0.42106616497039795,negative
0.4063021242618561,negative
0.3685567080974579,negative
0.3899448812007904,negative
0.41813796758651733,negative
0.4292338192462921,negative
0.4235856831073761,negative
0.3970971703529358,negative
0.3682056963443756,negative
0.38348478078842163,negative
0.38020798563957214,negative
0.41151899099349976,negative
0.3964286744594574,negative
0.41709670424461365,negative
0.4101116359233856,negative
0.40863218903541565,negative
0.4001256227493286,negative
0.37546971440315247,negative
0.4156205952167511,negative
0.4143197536468506,negative
0.3828829824924469,negative
0.4153217673301697,negative
0.3701409101486206,negative
0.40375635027885437,negative
0.3479984402656555,negative
0.3854158818721771,negative
0.369486540555954,negative
0.4066593647003174,negative
0.34781017899513245,negative
0.3148006498813629,negative
0.3701936602592468,negative
0.39771538972854614,negative
0.3839426338672638,negative
0.35998478531837463,negative
0.37662094831466675,negative
0.38210225105285645,negative
0.36388278007507324,negative
0.3909881114959717,negative
0.4377843737602234,negative
0.3809632956981659,negative
0.38205471634864807,negative
0.4179496765136719,negative
0.3409171998500824,negative
0.3064083755016327,negative
0.41895949840545654,negative
0.42232927680015564,negative
0.35920295119285583,negative
0.363752156496048,negative
0.38965126872062683,negative
0.39712727069854736,negative
0.42031750082969666,negative
0.39189082384109497,negative
0.4250190556049347,negative
0.3698566257953644,negative
0.4042462408542633,negative
0.40175142884254456,negative
0.3837173283100128,negative
0.3724558651447296,negative
0.40459826588630676,negative
0.4093976616859436,negative
0.4133065640926361,negative
0.43636783957481384,negative
0.3908953070640564,negative
0.40195488929748535,negative
0.38307005167007446,negative
0.3507489562034607,negative
0.3970751464366913,negative
1.9305888414382935,negative
0.418727308511734,negative
0.3394899070262909,negative
0.4293072521686554,negative
0.4106139838695526,negative
0.41807249188423157,negative
0.4326319694519043,negative
0.39326974749565125,negative
0.3738139867782593,negative
0.39904096722602844,negative
0.4272795021533966,negative
0.3766372501850128,negative
0.42440029978752136,negative
0.40419280529022217,negative
0.4042555093765259,negative
0.3921525478363037,negative
0.47179433703422546,negative
0.3862089514732361,negative
0.38090574741363525,negative
0.3334040343761444,negative
0.37621068954467773,negative
0.40685388445854187,negative
0.42891836166381836,negative
0.391000896692276,negative
0.3523246645927429,negative
0.43820807337760925,negative
0.3437037169933319,negative
0.38337865471839905,negative
0.41165891289711,negative
0.4047034978866577,negative
0.3951018750667572,negative
0.38185712695121765,negative
0.3852956295013428,negative
0.3917873203754425,negative
0.3803475499153137,negative
0.3865624666213989,negative
0.3901776373386383,negative
0.38196873664855957,negative
0.39384591579437256,negative
0.37770453095436096,negative
0.3941689431667328,negative
0.38146576285362244,negative
0.4342350959777832,negative
0.3492729067802429,negative
0.30358055233955383,negative
0.4132258892059326,negative
0.36266499757766724,negative
0.39666423201560974,negative
0.4107099175453186,negative
0.3473755717277527,negative
0.370952844619751,negative
1.8761550188064575,negative
0.3395925462245941,negative
0.3383202850818634,negative
0.41749295592308044,negative
0.396079421043396,negative
0.38020390272140503,negative
0.4191793203353882,negative
0.40493306517601013,negative
0.39575979113578796,negative
0.4028083086013794,negative
0.41659316420555115,negative
0.43089383840560913,negative
0.33712324500083923,negative
0.36116623878479004,negative
0.40699735283851624,negative
0.39435529708862305,negative
0.40057504177093506,negative
0.41793307662010193,negative
0.38504981994628906,negative
0.4037218391895294,negative
0.4068540632724762,negative
0.3449682295322418,negative
0.40294238924980164,negative
0.449206680059433,negative
0.3513890504837036,negative
0.3945501744747162,negative
0.3778327703475952,negative
0.4050942361354828,negative
0.42543405294418335,negative
0.3703913688659668,negative
0.40590718388557434,negative
0.39729809761047363,negative
0.3862816095352173,negative
0.36221298575401306,negative
0.31256774067878723,negative
0.3767019212245941,negative
0.35328537225723267,negative
0.4413098990917206,negative
0.4317314624786377,negative
0.4146181046962738,negative
0.4179818332195282,negative
1.7061054706573486,negative
0.394608736038208,negative
0.3525027632713318,negative
0.39639967679977417,negative
0.367410808801651,negative
0.4234934449195862,negative
0.40905845165252686,negative
0.44780680537223816,negative
0.4129737615585327,negative
0.37624847888946533,negative
0.28188344836235046,negative
0.389768123626709,negative
0.4526897370815277,negative
0.4036003351211548,negative
0.4105423390865326,negative
0.4373089075088501,negative
0.4116554260253906,negative
0.4726540148258209,negative
0.3766208291053772,negative
0.32050585746765137,negative
0.39747628569602966,negative
0.37941962480545044,negative
0.4102722108364105,negative
0.39522722363471985,negative
0.41178998351097107,negative
0.4280318021774292,negative
0.3896542191505432,negative
0.37271618843078613,negative
0.3734355866909027,negative
0.4079405963420868,negative
0.39223143458366394,negative
0.39337387681007385,negative
0.4030522108078003,negative
0.41191932559013367,negative
0.38073113560676575,negative
0.376728355884552,negative
0.3476976454257965,negative
2.133582592010498,negative
0.41438210010528564,negative
0.39189669489860535,negative
0.4031714200973511,negative
0.37032511830329895,negative
0.3548639118671417,negative
0.3878774642944336,negative
0.34589454531669617,negative
0.32052069902420044,negative
0.3882245421409607,negative
0.3854452669620514,negative
0.4107475280761719,negative
0.3584628403186798,negative
0.38820359110832214,negative
0.4041174650192261,negative
0.3936443030834198,negative
0.35474321246147156,negative
0.3979799449443817,negative
0.43318334221839905,negative
0.4165908694267273,negative
0.36980411410331726,negative
0.3250593841075897,negative
0.34852898120880127,negative
0.4250914752483368,negative
0.39069318771362305,negative
0.3973426818847656,negative
0.38699156045913696,negative
0.4065536558628082,negative
0.3723282217979431,negative
0.4241220951080322,negative
0.4184586703777313,negative
0.3742823600769043,negative
0.3585576117038727,negative
0.41311880946159363,negative
0.3987489938735962,negative
0.38428863883018494,negative
0.3929694890975952,negative
0.36863306164741516,negative
0.4004421830177307,negative
0.39903879165649414,negative
0.3616862893104553,negative
0.39500901103019714,negative
0.2604651153087616,negative
0.3795399069786072,negative
0.40225985646247864,negative
0.42132115364074707,negative
0.40346279740333557,negative
1.5484644174575806,negative
0.3889199495315552,negative
0.4439753293991089,negative
0.37995290756225586,negative
0.39809077978134155,negative
0.3974110782146454,negative
0.41427311301231384,negative
0.34195125102996826,negative
0.40596604347229004,negative
0.4093911945819855,negative
2.2248382568359375,negative
0.3903600871562958,negative
0.4011102020740509,negative
0.41965314745903015,negative
0.3429567515850067,negative
0.38072752952575684,negative
0.38265299797058105,negative
0.28677594661712646,negative
0.42344212532043457,negative
0.380540132522583,negative
0.3375060558319092,negative
0.4033360183238983,negative
0.39667809009552,negative
0.3715518116950989,negative
0.4785189926624298,negative
0.4093397259712219,negative
0.41023358702659607,negative
1.768480896949768,negative
0.3480209708213806,negative
0.4145749509334564,negative
0.38939812779426575,negative
0.3833189904689789,negative
0.31839948892593384,negative
0.4298982322216034,negative
0.42128196358680725,negative
0.3827543258666992,negative
0.3949841558933258,negative
0.39266782999038696,negative
0.40291136503219604,negative
0.36430588364601135,negative
0.3702332377433777,negative
0.38021254539489746,negative
0.3796318471431732,negative
0.3232519030570984,negative
0.38801535964012146,negative
0.388108491897583,negative
0.4034193754196167,negative
0.37523460388183594,negative
0.3470664620399475,negative
0.3697306513786316,negative
0.34930482506752014,negative
0.4059576392173767,negative
0.34953606128692627,negative
0.3209955096244812,negative
0.3915001153945923,negative
0.3588283956050873,negative
0.41854390501976013,negative
0.39419806003570557,negative
0.31695353984832764,negative
0.3662531077861786,negative
0.4107613265514374,negative
0.4188345968723297,negative
0.39240753650665283,negative
0.4111059308052063,negative
0.41859322786331177,negative
0.3845630884170532,negative
0.40825527906417847,negative
0.40036454796791077,negative
0.36545857787132263,negative
0.37717634439468384,negative
0.39481842517852783,negative
0.4387403726577759,negative
0.3327992260456085,negative
0.38155484199523926,negative
0.425589382648468,negative
0.37167489528656006,negative
0.3886733949184418,negative
0.4004148840904236,negative
0.3930235207080841,negative
0.32246288657188416,negative
0.37095895409584045,negative
0.423183798789978,negative
0.3750483989715576,negative
0.4113948345184326,negative
0.3727205991744995,negative
0.3781546652317047,negative
0.41210025548934937,negative
0.40542346239089966,negative
0.3908650875091553,negative
0.39276495575904846,negative
0.39799150824546814,negative
0.38495463132858276,negative
0.41046175360679626,negative
0.45623230934143066,negative
0.35167285799980164,negative
0.412296861410141,negative
0.38582468032836914,negative
0.41391196846961975,negative
0.3777225613594055,negative
0.4200931191444397,negative
0.4250078499317169,negative
0.40335771441459656,negative
0.41906920075416565,negative
0.35075899958610535,negative
1.7544773817062378,negative
0.3719380497932434,negative
0.42140814661979675,negative
0.3912852704524994,negative
0.39083483815193176,negative
0.3924603760242462,negative
0.38906338810920715,negative
0.3848767876625061,negative
0.39647430181503296,negative
0.4054693579673767,negative
0.3936435580253601,negative
0.4205130636692047,negative
0.42131152749061584,negative
0.40728646516799927,negative
0.42078137397766113,negative
0.42145851254463196,negative
0.41085317730903625,negative
0.39081668853759766,negative
0.3875277638435364,negative
0.39234453439712524,negative
0.38540562987327576,negative
0.39735549688339233,negative
0.36408668756484985,negative
0.3999057114124298,negative
0.39928725361824036,negative
0.38068675994873047,negative
0.3894847631454468,negative
0.3743894696235657,negative
0.37598174810409546,negative
0.4104153513908386,negative
0.3844408690929413,negative
0.4467378556728363,negative
2.229184865951538,negative
0.3820666968822479,negative
0.3711279630661011,negative
0.38133859634399414,negative
0.3631518483161926,negative
0.39278650283813477,negative
0.36122927069664,negative
0.377519816160202,negative
0.3969542682170868,negative
0.39465951919555664,negative
0.40932244062423706,negative
0.4028778672218323,negative
0.3905377686023712,negative
0.4012610614299774,negative
0.3604941666126251,negative
0.4061278700828552,negative
0.3901945948600769,negative
0.38681522011756897,negative
0.41383078694343567,negative
0.41550543904304504,negative
0.37125563621520996,negative
0.40936279296875,negative
0.35722512006759644,negative
0.39472445845603943,negative
0.3601931035518646,negative
0.4183844327926636,negative
0.3909669816493988,negative
0.4147120416164398,negative
0.4042399525642395,negative
0.34649303555488586,negative
0.368799090385437,negative
0.41529175639152527,negative
0.38029810786247253,negative
0.39792442321777344,negative
0.3947274684906006,negative
0.3817416727542877,negative
0.3881789743900299,negative
0.39767998456954956,negative
0.40301525592803955,negative
0.3875618278980255,negative
0.3770083785057068,negative
0.3783767819404602,negative
0.3757217228412628,negative
0.4169424772262573,negative
0.3701132535934448,negative
0.40373578667640686,negative
0.4421554207801819,negative
0.8819767832756042,negative
0.42542338371276855,negative
1.7295417785644531,negative
0.3550540804862976,negative
0.3974123001098633,negative
0.4060139060020447,negative
0.35212278366088867,negative
0.45342597365379333,negative
0.4057709574699402,negative
0.40279915928840637,negative
0.3902726471424103,negative
0.37826991081237793,negative
0.3755180835723877,negative
0.4249965250492096,negative
0.36274075508117676,negative
0.3874535858631134,negative
0.3714631199836731,negative
0.4170907735824585,negative
0.34632110595703125,negative
0.38866329193115234,negative
0.38398081064224243,negative
0.7387592792510986,negative
0.4140629470348358,negative
0.3919256329536438,negative
0.3772006630897522,negative
0.41385942697525024,negative
0.42367175221443176,negative
0.4333450198173523,negative
0.3652747571468353,negative
0.3121090531349182,negative
0.40261736512184143,negative
0.4057759642601013,negative
0.375057578086853,negative
0.3934740424156189,negative
0.3644225001335144,negative
0.3986358046531677,negative
1.7068060636520386,negative
2.0002870559692383,negative
0.38964003324508667,negative
0.3577195107936859,negative
0.3984043300151825,negative
0.34852296113967896,negative
0.3851221799850464,negative
0.39407384395599365,negative
0.40385037660598755,negative
0.43302831053733826,negative
0.4318256378173828,negative
0.40801969170570374,negative
0.4315696954727173,negative
0.3288090229034424,negative
0.37739643454551697,negative
0.3633158206939697,negative
0.3717295527458191,negative
0.4428969919681549,negative
0.4268482029438019,negative
0.4158763885498047,negative
0.3919476270675659,negative
0.41156071424484253,negative
0.40986311435699463,negative
0.37290993332862854,negative
0.4236190617084503,negative
0.396199107170105,negative
0.38496312499046326,negative
0.41055673360824585,negative
0.3646182715892792,negative
0.39313796162605286,negative
0.3800523579120636,negative
0.40791991353034973,negative
0.3813591003417969,negative
0.4073633849620819,negative
0.3872475326061249,negative
0.38407158851623535,negative
0.36464905738830566,negative
0.35822656750679016,negative
0.41111186146736145,negative
0.39485278725624084,negative
0.3658459186553955,negative
0.45512843132019043,negative
0.4067736566066742,negative
0.3951314687728882,negative
0.4059276878833771,negative
0.38462090492248535,negative
0.4166742265224457,negative
0.3983135223388672,negative
0.37019598484039307,negative
0.3325504958629608,negative
0.3839859962463379,negative
0.39597493410110474,negative
0.4133369028568268,negative
0.35761234164237976,negative
0.4026126563549042,negative
0.3975215256214142,negative
0.388947069644928,negative
0.3990507125854492,negative
0.4045310318470001,negative
0.4066965878009796,negative
0.32988467812538147,negative
0.40843451023101807,negative
0.42332494258880615,negative
0.39303112030029297,negative
0.37184637784957886,negative
0.3760642111301422,negative
0.3919698894023895,negative
0.4376780390739441,negative
0.4437847435474396,negative
0.38438063859939575,negative
0.4168619215488434,negative
0.4315834641456604,negative
0.3885432779788971,negative
0.39248836040496826,negative
0.3796958029270172,negative
0.4042191803455353,negative
0.4236524999141693,negative
0.415962815284729,negative
0.38293853402137756,negative
0.4108973741531372,negative
0.3935377597808838,negative
0.40613430738449097,negative
0.4121217727661133,negative
0.4305744767189026,negative
0.37902259826660156,negative
0.39805838465690613,negative
0.3837221562862396,negative
0.39893344044685364,negative
0.39142662286758423,negative
0.44308871030807495,negative
0.36190634965896606,negative
1.7045795917510986,negative
0.3942892551422119,negative
0.36873573064804077,negative
0.3904976546764374,negative
0.4157804548740387,negative
0.4580558240413666,negative
0.42416736483573914,negative
0.3482644557952881,negative
0.3881131410598755,negative
0.35905298590660095,negative
0.4065049886703491,negative
0.4234091639518738,negative
0.39587822556495667,negative
0.3892765939235687,negative
0.3960365951061249,negative
0.42684221267700195,negative
0.3338242173194885,negative
0.4190960228443146,negative
0.4277268648147583,negative
0.4173886477947235,negative
0.3828251361846924,negative
0.4023611843585968,negative
0.36473727226257324,negative
0.38933321833610535,negative
0.40503543615341187,negative
0.44018861651420593,negative
0.34930649399757385,negative
0.3888039290904999,negative
0.42154279351234436,negative
0.4199337661266327,negative
0.39785075187683105,negative
0.39878061413764954,negative
0.352369099855423,negative
0.386664479970932,negative
0.4029093384742737,negative
1.972272276878357,negative
0.3466087579727173,negative
0.39857545495033264,negative
0.3686545789241791,negative
0.3778952658176422,negative
0.4046632647514343,negative
0.3916893005371094,negative
0.38571321964263916,negative
0.373656302690506,negative
0.3858139216899872,negative
0.41443103551864624,negative
0.4581994116306305,negative
0.4150003492832184,negative
0.36058521270751953,negative
0.3543362021446228,negative
0.39480629563331604,negative
0.40564730763435364,negative
0.3523760437965393,negative
0.3860679864883423,negative
0.45081594586372375,negative
0.38950127363204956,negative
0.38790273666381836,negative
0.4031871259212494,negative
0.3669517934322357,negative
0.36059483885765076,negative
0.393864244222641,negative
0.4083592891693115,negative
0.41395747661590576,negative
0.3757736384868622,negative
0.4015733599662781,negative
0.40685805678367615,negative
0.4009132981300354,negative
0.4799867272377014,negative
0.41111692786216736,negative
0.44887691736221313,negative
0.4052605628967285,negative
0.3746732771396637,negative
0.36082860827445984,negative
0.39667701721191406,negative
0.3515200912952423,negative
0.4884902238845825,negative
0.371614933013916,negative
0.3998660743236542,negative
0.392888605594635,negative
0.38919708132743835,negative
0.37969350814819336,negative
0.4076633155345917,negative
0.4001307785511017,negative
0.39194947481155396,negative
0.37597188353538513,negative
0.4091922640800476,negative
0.411051481962204,negative
0.3770454227924347,negative
0.4442276060581207,negative
0.3793770372867584,negative
0.3642948567867279,negative
0.3744215965270996,negative
0.3513074815273285,negative
0.403724730014801,negative
0.43504229187965393,negative
0.4068276584148407,negative
0.4203825891017914,negative
0.4138619899749756,negative
0.3917897939682007,negative
0.3597039580345154,negative
0.386920690536499,negative
0.3813191056251526,negative
0.4023344814777374,negative
0.3818243741989136,negative
0.4197273254394531,negative
0.4171835780143738,negative
0.3773791193962097,negative
0.36779269576072693,negative
0.39687278866767883,negative
0.41357219219207764,negative
0.4000401794910431,negative
0.4100136160850525,negative
0.34355252981185913,negative
0.38644495606422424,negative
0.4009825885295868,negative
0.408358097076416,negative
0.3794136047363281,negative
0.4722362160682678,negative
0.4442049264907837,negative
0.3893195390701294,negative
0.40745809674263,negative
0.4026626944541931,negative
0.39494892954826355,negative
0.3605567216873169,negative
0.4062761068344116,negative
0.4113837480545044,negative
0.4025222957134247,negative
0.370635449886322,negative
0.40331515669822693,negative
0.37052276730537415,negative
0.42991140484809875,negative
0.3916066288948059,negative
0.40949881076812744,negative
0.4073728621006012,negative
0.40688973665237427,negative
0.35310646891593933,negative
0.41330069303512573,negative
0.4067077040672302,negative
0.3946167826652527,negative
0.4072452783584595,negative
0.3571094870567322,negative
0.37696418166160583,negative
0.365544855594635,negative
0.37597671151161194,negative
0.3956829309463501,negative
0.3857555687427521,negative
0.4092525243759155,negative
0.3835166394710541,negative
0.37781715393066406,negative
0.4027811586856842,negative
0.42950332164764404,negative
0.42124953866004944,negative
0.3935987651348114,negative
0.3558731973171234,negative
0.4176907539367676,negative
0.39241647720336914,negative
0.41517016291618347,negative
0.38165223598480225,negative
0.40744897723197937,negative
0.3788342773914337,negative
0.3943104147911072,negative
0.41944557428359985,negative
0.41384515166282654,negative
0.3888447880744934,negative
0.4235002100467682,negative
0.42931798100471497,negative
0.41098132729530334,negative
0.37805473804473877,negative
0.37573695182800293,negative
0.4149387776851654,negative
0.4232850968837738,negative
0.39638379216194153,negative
0.41729357838630676,negative
0.32641392946243286,negative
0.3207508325576782,negative
0.4292847812175751,negative
0.39078786969184875,negative
0.4429719150066376,negative
0.40614408254623413,negative
0.3560464084148407,negative
0.37576863169670105,negative
0.3910248875617981,negative
2.2872767448425293,negative
0.420381635427475,negative
0.4111267328262329,negative
0.35522910952568054,negative
0.3480076789855957,negative
0.4268952012062073,negative
0.3883437216281891,negative
0.32444730401039124,negative
0.3870853781700134,negative
0.4093191623687744,negative
0.37594786286354065,negative
0.43322858214378357,negative
0.3606933355331421,negative
0.3703996539115906,negative
0.3584188222885132,negative
0.3759140074253082,negative
0.4033316373825073,negative
0.38271790742874146,negative
0.34901008009910583,negative
0.41702035069465637,negative
0.41453567147254944,negative
0.39230599999427795,negative
0.3968636393547058,negative
0.4157654047012329,negative
0.37678149342536926,negative
0.3956291675567627,negative
0.42533645033836365,negative
0.3731546401977539,negative
0.35862764716148376,negative
0.42107927799224854,negative
0.32558202743530273,negative
0.40731027722358704,negative
0.4340656101703644,negative
0.37748509645462036,negative
0.4332053065299988,negative
0.3715571165084839,negative
0.37620818614959717,negative
0.42713069915771484,negative
0.3949652314186096,negative
0.4300403296947479,negative
0.39176860451698303,negative
0.4016246497631073,negative
0.3815596103668213,negative
0.4048837423324585,negative
0.371548593044281,negative
0.3743399679660797,negative
2.0603721141815186,negative
0.4343014061450958,negative
0.412712961435318,negative
0.385108083486557,negative
0.413570374250412,negative
1.910519003868103,negative
0.3987902104854584,negative
0.37875136733055115,negative
0.38266614079475403,negative
0.41671401262283325,negative
0.38855358958244324,negative
0.4208870530128479,negative
0.4029843211174011,negative
0.3865137994289398,negative
0.3897048830986023,negative
0.45464810729026794,negative
1.9650192260742188,negative
0.358376681804657,negative
0.4120967984199524,negative
0.3756349980831146,negative
0.42146554589271545,negative
0.40704044699668884,negative
0.38567182421684265,negative
0.39695367217063904,negative
0.3522874712944031,negative
0.4040568768978119,negative
0.4127221405506134,negative
0.3833845555782318,negative
0.4301702082157135,negative
0.3573959767818451,negative
0.42033132910728455,negative
0.38227754831314087,negative
0.39820629358291626,negative
0.41824275255203247,negative
2.143737554550171,negative
0.40288326144218445,negative
0.30409181118011475,negative
0.4338706135749817,negative
0.4262075126171112,negative
0.356315016746521,negative
0.4267381429672241,negative
0.4086639881134033,negative
0.2663103938102722,negative
0.4551564157009125,negative
0.4269084334373474,negative
0.4085252583026886,negative
0.3927062451839447,negative
0.42059314250946045,negative
0.3955623507499695,negative
0.41965383291244507,negative
0.39941275119781494,negative
0.37325531244277954,negative
0.35608187317848206,negative
0.4245448708534241,negative
0.3906328082084656,negative
0.4062967598438263,negative
0.3975220322608948,negative
0.41350057721138,negative
0.3275429606437683,negative
0.42306026816368103,negative
0.3906431794166565,negative
0.3165951371192932,negative
0.33677780628204346,negative
1.8751304149627686,negative
0.37700778245925903,negative
0.4125928282737732,negative
0.41425591707229614,negative
0.3860960006713867,negative
0.31907325983047485,negative
0.373849481344223,negative
0.3882678747177124,negative
0.36836376786231995,negative
0.4226897358894348,negative
0.3997458517551422,negative
0.39206841588020325,negative
0.4323381781578064,negative
0.34707537293434143,negative
0.41726353764533997,negative
0.3888565003871918,negative
0.41177603602409363,negative
0.37622180581092834,negative
0.38263237476348877,negative
0.38438764214515686,negative
0.41393041610717773,negative
0.39623546600341797,negative
0.3561522960662842,negative
0.381196528673172,negative
0.3790680170059204,negative
0.3730643391609192,negative
0.3673628270626068,negative
0.406682550907135,negative
1.9831727743148804,negative
0.3874555826187134,negative
0.423488974571228,negative
0.3942188620567322,negative
0.40665942430496216,negative
0.40290722250938416,negative
0.3344208896160126,negative
0.39351651072502136,negative
0.337259441614151,negative
0.4129202663898468,negative
0.4111294746398926,negative
0.4120348393917084,negative
0.40934041142463684,negative
0.432763934135437,negative
0.3801923394203186,negative
0.4109470844268799,negative
0.33567488193511963,negative
0.396841436624527,negative
0.3553476929664612,negative
0.37165504693984985,negative
0.3998444378376007,negative
0.4481411576271057,negative
0.4198262691497803,negative
0.4225456416606903,negative
0.3905136287212372,negative
0.37696000933647156,negative
0.3944634199142456,negative
0.35759544372558594,negative
0.3972410559654236,negative
0.3559488356113434,negative
0.3833434283733368,negative
0.3966183662414551,negative
0.44854849576950073,negative
0.3890991508960724,negative
0.38260596990585327,negative
0.46353545784950256,negative
0.3774327039718628,negative
0.40902766585350037,negative
0.3653896749019623,negative
0.38837534189224243,negative
0.4140929579734802,negative
0.42316514253616333,negative
0.43420135974884033,negative
0.42409470677375793,negative
0.37169086933135986,negative
0.42855653166770935,negative
0.38754916191101074,negative
0.41008034348487854,negative
0.4260197877883911,negative
0.39267656207084656,negative
0.35754451155662537,negative
0.4464085102081299,negative
0.42189547419548035,negative
1.1602102518081665,negative
0.38256528973579407,negative
0.35650667548179626,negative
0.35411956906318665,negative
0.3664711117744446,negative
0.42003029584884644,negative
0.41510865092277527,negative
0.3772577941417694,negative
0.41745272278785706,negative
0.44016721844673157,negative
0.38804712891578674,negative
0.3384779989719391,negative
0.3983093500137329,negative
0.3927644193172455,negative
0.43713924288749695,negative
0.411065936088562,negative
0.38510119915008545,negative
0.3872744143009186,negative
0.42589834332466125,negative
0.4218555688858032,negative
0.42735183238983154,negative
0.3760695457458496,negative
0.3837439715862274,negative
0.4198038578033447,negative
0.36835768818855286,negative
0.3964329659938812,negative
0.3859396278858185,negative
0.36774149537086487,negative
0.36138254404067993,negative
0.35628485679626465,negative
0.38510462641716003,negative
0.34950411319732666,negative
0.3691205680370331,negative
0.4027499556541443,negative
0.40026041865348816,negative
0.3296041786670685,negative
0.3747933804988861,negative
0.415960431098938,negative
0.39090225100517273,negative
0.3334939777851105,negative
0.4248359799385071,negative
0.40527409315109253,negative
0.45162251591682434,negative
0.39269202947616577,negative
0.3736589550971985,negative
0.386770099401474,negative
0.42494896054267883,negative
0.40634885430336,negative
1.503946304321289,negative
0.388952374458313,negative
0.427702397108078,negative
0.4064518213272095,negative
0.36716336011886597,negative
0.3747934401035309,negative
0.39487114548683167,negative
0.4149326980113983,negative
0.3766813278198242,negative
0.3901320695877075,negative
0.3792048692703247,negative
0.4240629971027374,negative
0.37169164419174194,negative
0.3845386207103729,negative
0.4076511263847351,negative
0.399569034576416,negative
0.4088406264781952,negative
0.3953494727611542,negative
0.347918301820755,negative
0.39558082818984985,negative
0.41205111145973206,negative
0.4351172149181366,negative
0.38443639874458313,negative
2.155710458755493,negative
0.41509509086608887,negative
0.40470412373542786,negative
0.3952755033969879,negative
0.378561794757843,negative
0.38180777430534363,negative
0.33364006876945496,negative
0.3798801302909851,negative
0.39183542132377625,negative
0.39417338371276855,negative
0.41219833493232727,negative
0.3815125524997711,negative
0.33696702122688293,negative
0.3829698860645294,negative
0.413478285074234,negative
0.3955965042114258,negative
2.3480608463287354,negative
0.3677555024623871,negative
0.38017332553863525,negative
0.42004743218421936,negative
0.2762647569179535,negative
0.36131587624549866,negative
0.42246949672698975,negative
0.4435091018676758,negative
0.42212802171707153,negative
0.38395956158638,negative
0.3722098469734192,negative
0.36166420578956604,negative
0.35834160447120667,negative
0.32726508378982544,negative
0.37866148352622986,negative
0.405667781829834,negative
0.41305774450302124,negative
0.4308139979839325,negative
0.40112069249153137,negative
0.39527395367622375,negative
0.38551250100135803,negative
0.40187251567840576,negative
0.3466866612434387,negative
0.40429386496543884,negative
0.3569718301296234,negative
0.4076823592185974,negative
0.38892194628715515,negative
0.387167751789093,negative
0.3845009505748749,negative
0.45382389426231384,negative
0.35440823435783386,negative
0.3592783212661743,negative
0.36270490288734436,negative
0.4116117060184479,negative
0.38775381445884705,negative
0.42239344120025635,negative
0.40726810693740845,negative
0.3734993636608124,negative
0.3823961019515991,negative
0.3858342170715332,negative
1.9348537921905518,negative
0.4079728424549103,negative
0.35658520460128784,negative
0.40825355052948,negative
0.43600669503211975,negative
0.4136293828487396,negative
0.41009965538978577,negative
0.35053834319114685,negative
0.1240328699350357,negative
0.3777112662792206,negative
0.42740607261657715,negative
0.4127309322357178,negative
0.41784363985061646,negative
0.40496811270713806,negative
0.38115042448043823,negative
1.618375301361084,negative
0.40561965107917786,negative
0.4361649751663208,negative
0.3256898522377014,negative
0.46936190128326416,negative
0.3858630061149597,negative
0.3730719983577728,negative
0.31762072443962097,negative
0.42397114634513855,negative
0.42797884345054626,negative
0.38054507970809937,negative
2.2235476970672607,negative
0.39244544506073,negative
0.40118542313575745,negative
0.4254089593887329,negative
0.4370563328266144,negative
0.4076021611690521,negative
0.17893798649311066,negative
0.3965552747249603,negative
0.41007739305496216,negative
0.35177579522132874,negative
0.3982718586921692,negative
0.39620375633239746,negative
0.4009934067726135,negative
0.3835630714893341,negative
0.386957585811615,negative
0.3944714069366455,negative
0.407884806394577,negative
0.3977292776107788,negative
0.37986236810684204,negative
0.3839002549648285,negative
0.42103245854377747,negative
0.40645352005958557,negative
0.40592825412750244,negative
0.3927134573459625,negative
0.39957770705223083,negative
0.39906567335128784,negative
0.42013809084892273,negative
0.385553777217865,negative
0.3647570312023163,negative
0.4290396273136139,negative
0.3729807138442993,negative
0.4068360924720764,negative
0.37820175290107727,negative
0.38827815651893616,negative
0.3596518635749817,negative
0.399983674287796,negative
0.43763935565948486,negative
0.40932926535606384,negative
0.3323785960674286,negative
0.37871304154396057,negative
0.44912081956863403,negative
0.33922067284584045,negative
0.3930600881576538,negative
0.41107141971588135,negative
0.42025771737098694,negative
0.3711616098880768,negative
0.40074795484542847,negative
0.3946552872657776,negative
0.38908660411834717,negative
0.3220546841621399,negative
0.4344347417354584,negative
0.4315059185028076,negative
0.40477046370506287,negative
0.38563695549964905,negative
0.3634648323059082,negative
0.38297250866889954,negative
0.38291069865226746,negative
0.38807207345962524,negative
0.3639545738697052,negative
0.4011348485946655,negative
0.41359439492225647,negative
0.3657917082309723,negative
0.37063106894493103,negative
0.40115442872047424,negative
0.39523452520370483,negative
0.3794194161891937,negative
0.39122897386550903,negative
0.3722611367702484,negative
0.4329742193222046,negative
0.4213562309741974,negative
0.41620373725891113,negative
0.3557111918926239,negative
0.4242110848426819,negative
0.40111586451530457,negative
0.44531500339508057,negative
0.3508591055870056,negative
0.3865886926651001,negative
0.3414461016654968,negative
0.38833966851234436,negative
0.3580646216869354,negative
0.41232654452323914,negative
0.35402712225914,negative
0.40476569533348083,negative
0.407208651304245,negative
0.392880916595459,negative
0.392645925283432,negative
0.40942296385765076,negative
0.4046412408351898,negative
0.3835049867630005,negative
0.37602555751800537,negative
0.44760289788246155,negative
0.4325307607650757,negative
0.40533149242401123,negative
0.3941476345062256,negative
0.40402624011039734,negative
0.39376625418663025,negative
0.422750860452652,negative
0.38372865319252014,negative
0.40963274240493774,negative
0.4036726951599121,negative
0.40818506479263306,negative
0.3937830924987793,negative
0.36264726519584656,negative
0.36511898040771484,negative
0.4244844317436218,negative
0.3935054540634155,negative
0.39130231738090515,negative
0.3853779733181,negative
0.40471190214157104,negative
0.3918039798736572,negative
0.3782831132411957,negative
0.3951496183872223,negative
0.41656583547592163,negative
0.3368896543979645,negative
0.37889936566352844,negative
0.3872864246368408,negative
0.39600005745887756,negative
0.4237147569656372,negative
0.4106716215610504,negative
0.396735280752182,negative
0.3924444913864136,negative
0.3829707205295563,negative
0.38599932193756104,negative
0.4096575975418091,negative
0.3641473352909088,negative
0.439967542886734,negative
0.3459285497665405,negative
0.40497025847435,negative
0.3818800449371338,negative
0.45922964811325073,negative
0.4086337387561798,negative
0.3867625594139099,negative
0.4262668788433075,negative
0.34685373306274414,negative
0.40025320649147034,negative
0.37062734365463257,negative
0.38737377524375916,negative
0.45527955889701843,negative
0.4027969539165497,negative
0.44778570532798767,negative
0.38314178586006165,negative
2.1736714839935303,negative
0.37475457787513733,negative
1.6976218223571777,negative
0.39218270778656006,negative
0.4334358870983124,negative
0.34132277965545654,negative
0.3589974641799927,negative
0.4086099863052368,negative
0.36248764395713806,negative
0.43118810653686523,negative
0.4050934612751007,negative
0.37361621856689453,negative
0.307757169008255,negative
0.3714888095855713,negative
0.35711905360221863,negative
0.3967205584049225,negative
0.38428062200546265,negative
0.4053066670894623,negative
0.40834254026412964,negative
0.38686317205429077,negative
0.42002949118614197,negative
0.38214051723480225,negative
0.39452555775642395,negative
0.4176146388053894,negative
0.38213035464286804,negative
0.41502273082733154,negative
0.3673244118690491,negative
0.39255255460739136,negative
0.4089835584163666,negative
0.4272989332675934,negative
0.3863392472267151,negative
0.3875672519207001,negative
0.3772919178009033,negative
0.4034452736377716,negative
0.4060380756855011,negative
0.4394274950027466,negative
0.4213152527809143,negative
0.34805479645729065,negative
0.40399298071861267,negative
0.3903639614582062,negative
0.4072534441947937,negative
0.3572106957435608,negative
0.4275294840335846,negative
0.3537449240684509,negative
0.4041803777217865,negative
0.3931915760040283,negative
0.35416293144226074,negative
0.384059339761734,negative
0.40889278054237366,negative
0.4084083139896393,negative
0.3831387758255005,negative
0.36169835925102234,negative
0.3920629620552063,negative
0.4038301110267639,negative
0.3977287709712982,negative
0.38461926579475403,negative
0.3450695276260376,negative
0.421108216047287,negative
0.36036285758018494,negative
0.3851160705089569,negative
0.42943429946899414,negative
0.41895774006843567,negative
0.3553510308265686,negative
0.41450420022010803,negative
0.40925079584121704,negative
0.34168484807014465,negative
0.4049558639526367,negative
0.34408411383628845,negative
0.4069577753543854,negative
0.4191974103450775,negative
0.400055468082428,negative
0.36701205372810364,negative
0.4117358326911926,negative
0.4255184829235077,negative
0.41167691349983215,negative
2.0237743854522705,negative
0.41627466678619385,negative
0.43080589175224304,negative
0.3843478858470917,negative
0.38703304529190063,negative
0.36048877239227295,negative
0.3898984491825104,negative
0.39182475209236145,negative
0.4083293676376343,negative
0.38969844579696655,negative
0.4411410093307495,negative
0.38742202520370483,negative
0.3954424560070038,negative
0.4334023594856262,negative
0.4010847210884094,negative
0.40630435943603516,negative
0.4016343653202057,negative
0.42002958059310913,negative
0.366651713848114,negative
0.35957199335098267,negative
0.44387149810791016,negative
0.39053869247436523,negative
0.3548183739185333,negative
0.391413152217865,negative
0.39398878812789917,negative
0.4166538417339325,negative
0.39441820979118347,negative
0.3959308862686157,negative
0.26796481013298035,negative
0.43013280630111694,negative
0.39808785915374756,negative
0.4830804169178009,negative
0.3508368730545044,negative
0.3886180520057678,negative
0.4092126488685608,negative
0.37550342082977295,negative
0.3942004442214966,negative
0.38150346279144287,negative
0.3836594223976135,negative
0.440159410238266,negative
0.3560495674610138,negative
0.35852155089378357,negative
0.28861096501350403,negative
0.4034673273563385,negative
0.3710595369338989,negative
0.383328914642334,negative
0.4083426594734192,negative
0.4059012234210968,negative
0.41919973492622375,negative
0.4328383207321167,negative
0.4042973220348358,negative
0.4196685254573822,negative
0.3738606870174408,negative
0.3155986964702606,negative
1.3719103336334229,negative
0.3701861798763275,negative
0.40214893221855164,negative
0.47673696279525757,negative
0.3604489266872406,negative
0.4120796322822571,negative
0.37405288219451904,negative
0.3364429771900177,negative
0.3650565445423126,negative
0.38956931233406067,negative
0.38433223962783813,negative
0.3840608298778534,negative
0.4458322525024414,negative
0.38725540041923523,negative
0.37907344102859497,negative
0.3885219097137451,negative
0.38348323106765747,negative
0.4367760419845581,negative
0.40381288528442383,negative
0.3651578426361084,negative
0.39943206310272217,negative
0.41379106044769287,negative
0.42511773109436035,negative
0.4208487570285797,negative
0.40930086374282837,negative
0.3701801598072052,negative
0.3792273998260498,negative
0.4004681706428528,negative
0.4584755301475525,negative
0.39921414852142334,negative
0.3931165039539337,negative
0.419302374124527,negative
0.39216065406799316,negative
0.38477063179016113,negative
0.32187896966934204,negative
0.3853626251220703,negative
0.3737490773200989,negative
0.38662371039390564,negative
0.402340292930603,negative
0.386272668838501,negative
1.8538541793823242,negative
0.35367467999458313,negative
0.37517085671424866,negative
0.41973453760147095,negative
0.44441157579421997,negative
0.34723567962646484,negative
0.3658296465873718,negative
1.8618186712265015,negative
0.40776681900024414,negative
0.39283591508865356,negative
0.3868044316768646,negative
0.39258521795272827,negative
0.4293619692325592,negative
0.3959456980228424,negative
0.3828679919242859,negative
0.3757532835006714,negative
0.43686458468437195,negative
0.3808085322380066,negative
0.3720583915710449,negative
0.41158512234687805,negative
0.41226765513420105,negative
0.4178816080093384,negative
0.34161004424095154,negative
0.4182993471622467,negative
0.3945288062095642,negative
0.3784692585468292,negative
0.3660668134689331,negative
0.37393566966056824,negative
0.4133496582508087,negative
0.37199464440345764,negative
0.3933601677417755,negative
0.38226738572120667,negative
0.4071429371833801,negative
0.4091099500656128,negative
0.3482134938240051,negative
0.3988640606403351,negative
0.3776726722717285,negative
0.409915953874588,negative
0.3743535280227661,negative
0.4040389358997345,negative
0.4091646373271942,negative
0.4351320266723633,negative
0.3830619156360626,negative
0.4330957233905792,negative
0.4179858863353729,negative
0.3740423619747162,negative
0.35292333364486694,negative
0.4206434488296509,negative
0.431384801864624,negative
0.4049023389816284,negative
0.46197372674942017,negative
0.3987659513950348,negative
0.4618569016456604,negative
0.3872127830982208,negative
0.3867807388305664,negative
0.4219883680343628,negative
0.3789413273334503,negative
0.41816720366477966,negative
0.42437276244163513,negative
0.33773133158683777,negative
0.3986143469810486,negative
0.3388085961341858,negative
0.5090460181236267,negative
0.33207428455352783,negative
0.40989041328430176,negative
0.4127616882324219,negative
0.37988921999931335,negative
0.41118478775024414,negative
0.4213292896747589,negative
0.3913365602493286,negative
0.41405797004699707,negative
0.35764995217323303,negative
0.30464935302734375,negative
0.36890190839767456,negative
0.37870973348617554,negative
0.42353299260139465,negative
0.4188166558742523,negative
0.4334941804409027,negative
0.4048832654953003,negative
0.38679617643356323,negative
0.4102352559566498,negative
0.42195674777030945,negative
0.40842029452323914,negative
0.36709022521972656,negative
0.4069423973560333,negative
0.4210691750049591,negative
0.31498420238494873,negative
0.39832839369773865,negative
0.4016600251197815,negative
0.40242382884025574,negative
0.36701613664627075,negative
0.4234943985939026,negative
0.3765828311443329,negative
0.39360615611076355,negative
0.39505672454833984,negative
0.3409951627254486,negative
0.4198227524757385,negative
0.41017964482307434,negative
0.39652615785598755,negative
0.4118124544620514,negative
0.38239482045173645,negative
0.38912221789360046,negative
0.33911263942718506,negative
0.4328783452510834,negative
0.4202061593532562,negative
0.35848015546798706,negative
0.33905228972435,negative
0.3992989957332611,negative
0.3633580207824707,negative
0.40328601002693176,negative
0.33922073245048523,negative
0.3653470575809479,negative
0.4281476140022278,negative
0.3626945912837982,negative
0.37710052728652954,negative
0.3835068941116333,negative
0.422585666179657,negative
0.4186686873435974,negative
0.39777857065200806,negative
0.377689003944397,negative
0.42427635192871094,negative
0.38649269938468933,negative
0.3769059181213379,negative
0.37386178970336914,negative
0.3890053629875183,negative
0.33293798565864563,negative
0.42697054147720337,negative
0.4427587687969208,negative
0.3832715153694153,negative
0.38358521461486816,negative
0.397673636674881,negative
0.7369292378425598,negative
0.40965744853019714,negative
0.4020906090736389,negative
0.40919938683509827,negative
0.368735671043396,negative
0.41957607865333557,negative
0.4011116325855255,negative
0.3213573396205902,negative
0.39631304144859314,negative
0.3644562363624573,negative
0.4751051366329193,negative
0.3907707631587982,negative
0.39643871784210205,negative
0.43070149421691895,negative
0.4076382517814636,negative
0.4115998148918152,negative
0.357727974653244,negative
0.3564436435699463,negative
0.4030197560787201,negative
0.37269866466522217,negative
0.39005449414253235,negative
0.34915074706077576,negative
1.9880077838897705,negative
0.3709990978240967,negative
0.3906722962856293,negative
0.4125595986843109,negative
0.3987385332584381,negative
0.38570353388786316,negative
0.3654898405075073,negative
0.38085517287254333,negative
0.39776086807250977,negative
0.3859197795391083,negative
0.40342333912849426,negative
0.4288749694824219,negative
0.3765208423137665,negative
0.39091959595680237,negative
0.3770460784435272,negative
0.3506758511066437,negative
0.42071208357810974,negative
0.4009287655353546,negative
0.3949107825756073,negative
0.407528817653656,negative
0.40569424629211426,negative
0.40797069668769836,negative
0.4029184579849243,negative
0.4156271815299988,negative
0.4177553951740265,negative
0.4015442132949829,negative
0.40697455406188965,negative
0.39947274327278137,negative
0.4407309293746948,negative
0.40960800647735596,negative
1.9230461120605469,negative
0.3891380727291107,negative
0.4053339958190918,negative
0.4009602963924408,negative
0.36986133456230164,negative
0.3775464594364166,negative
0.39193886518478394,negative
0.3290671408176422,negative
0.3826073706150055,negative
0.36475011706352234,negative
0.42368268966674805,negative
0.4505029022693634,negative
0.39763739705085754,negative
0.3681086599826813,negative
0.37401896715164185,negative
0.3926856517791748,negative
0.3392937183380127,negative
0.3602775037288666,negative
0.4166319966316223,negative
0.4101026654243469,negative
0.38223057985305786,negative
0.37528133392333984,negative
0.3704797029495239,negative
0.39010414481163025,negative
0.3949638605117798,negative
0.4580008089542389,negative
0.40664464235305786,negative
0.4323887228965759,negative
0.41808775067329407,negative
1.673699975013733,negative
0.4159765839576721,negative
0.40079057216644287,negative
0.4069754183292389,negative
0.38386979699134827,negative
0.42022448778152466,negative
0.35972386598587036,negative
0.3624795973300934,negative
0.3950924277305603,negative
0.38474327325820923,negative
0.4316675662994385,negative
0.40801918506622314,negative
1.8939743041992188,negative
1.8534886837005615,negative
0.451116144657135,negative
0.3938685953617096,negative
0.3953772187232971,negative
0.39004987478256226,negative
0.32289010286331177,negative
0.33719056844711304,negative
0.3736638128757477,negative
0.37500306963920593,negative
0.39695975184440613,negative
0.44104528427124023,negative
0.36148732900619507,negative
0.3547717034816742,negative
0.35032519698143005,negative
0.435381680727005,negative
0.3601386547088623,negative
0.42335817217826843,negative
0.4240665137767792,negative
0.41811585426330566,negative
0.41299575567245483,negative
0.3470732271671295,negative
0.31138601899147034,negative
0.3986143171787262,negative
0.3655299246311188,negative
1.8284560441970825,negative
0.35071760416030884,negative
0.40154507756233215,negative
0.4190670847892761,negative
0.3531741499900818,negative
0.3536631762981415,negative
1.683297872543335,negative
0.3853786289691925,negative
0.38086646795272827,negative
0.4387272894382477,negative
2.0498063564300537,negative
0.43735191226005554,negative
0.3891787827014923,negative
0.39583680033683777,negative
0.409984290599823,negative
0.3766496479511261,negative
0.42331743240356445,negative
2.058702230453491,negative
0.40147921442985535,negative
0.380209743976593,negative
0.4211386740207672,negative
0.4206145405769348,negative
0.3720892369747162,negative
0.3657444715499878,negative
0.3458787500858307,negative
0.4293631911277771,negative
0.3764354884624481,negative
0.391130656003952,negative
0.40216130018234253,negative
0.3921925127506256,negative
0.41276130080223083,negative
0.3779760003089905,negative
0.4070093333721161,negative
0.3948870599269867,negative
0.40864914655685425,negative
0.34025755524635315,negative
0.43261268734931946,negative
0.37917768955230713,negative
0.3788500428199768,negative
0.3802289068698883,negative
0.35054445266723633,negative
0.4038362205028534,negative
0.32313719391822815,negative
0.3878992199897766,negative
0.39864423871040344,negative
0.37401318550109863,negative
0.39882010221481323,negative
0.39132967591285706,negative
0.32801884412765503,negative
0.43496567010879517,negative
0.41109755635261536,negative
0.43250229954719543,negative
0.3654063940048218,negative
0.39849162101745605,negative
0.4104388356208801,negative
0.4015246033668518,negative
0.33340710401535034,negative
0.3814116418361664,negative
0.4200868010520935,negative
0.3305981755256653,negative
0.39307981729507446,negative
0.33168694376945496,negative
0.37263980507850647,negative
0.42238643765449524,negative
0.39038604497909546,negative
0.3601638972759247,negative
0.3728010952472687,negative
0.35362571477890015,negative
0.38711613416671753,negative
0.4106755554676056,negative
0.3991185426712036,negative
0.39666834473609924,negative
0.3694181740283966,negative
0.4002722501754761,negative
0.4194830060005188,negative
0.4049617350101471,negative
0.38239482045173645,negative
0.4148050844669342,negative
0.3606944680213928,negative
0.4060347080230713,negative
0.3489939570426941,negative
0.3827207088470459,negative
0.38624006509780884,negative
0.4201863706111908,negative
0.4006175100803375,negative
0.4106658399105072,negative
0.4079177677631378,negative
0.3077642619609833,negative
0.34632349014282227,negative
0.35094115138053894,negative
0.4348096251487732,negative
0.407192587852478,negative
0.42792028188705444,negative
0.402761846780777,negative
1.7695624828338623,negative
0.42045241594314575,negative
0.40156275033950806,negative
0.3690352439880371,negative
0.40533447265625,negative
0.7349957227706909,negative
0.39530321955680847,negative
0.43491294980049133,negative
0.3786133825778961,negative
0.38390225172042847,negative
0.40410396456718445,negative
0.32441478967666626,negative
0.39001691341400146,negative
0.41542497277259827,negative
0.38322538137435913,negative
0.3666597902774811,negative
0.3462284505367279,negative
0.39460936188697815,negative
0.37608158588409424,negative
0.4055945575237274,negative
0.4197235405445099,negative
0.3912656009197235,negative
0.3873555362224579,negative
0.41150811314582825,negative
0.39635351300239563,negative
0.42660409212112427,negative
0.4172930419445038,negative
0.46421703696250916,negative
0.3346729278564453,negative
0.38386645913124084,negative
0.3465537130832672,negative
0.3976135849952698,negative
1.2574161291122437,negative
0.4208526909351349,negative
0.40275564789772034,negative
0.4196036159992218,negative
0.4306451976299286,negative
0.4032623767852783,negative
0.41840726137161255,negative
0.4085884392261505,negative
0.377875953912735,negative
0.44796326756477356,negative
0.43916723132133484,negative
0.4336082637310028,negative
0.40744665265083313,negative
0.4019879400730133,negative
0.42120125889778137,negative
0.3912338614463806,negative
0.4122772216796875,negative
0.3500659763813019,negative
0.43561357259750366,negative
1.7625494003295898,negative
0.41329437494277954,negative
0.402473121881485,negative
0.41082027554512024,negative
0.4012133777141571,negative
0.4138510525226593,negative
0.3495047092437744,negative
0.38046595454216003,negative
0.39713966846466064,negative
0.39613625407218933,negative
0.37330469489097595,negative
0.4095766842365265,negative
0.3649345934391022,negative
0.3983873724937439,negative
0.39047113060951233,negative
0.39945676922798157,negative
0.4417174160480499,negative
0.37989455461502075,negative
0.425661563873291,negative
0.41596177220344543,negative
0.4293045103549957,negative
0.3913757801055908,negative
0.39517804980278015,negative
0.40783002972602844,negative
0.3867899179458618,negative
0.3763382136821747,negative
0.41711297631263733,negative
0.3484951853752136,negative
0.3995833396911621,negative
0.36812859773635864,negative
0.4183814525604248,negative
0.4208219051361084,negative
0.4006572365760803,negative
0.40243494510650635,negative
0.36529484391212463,negative
0.41187018156051636,negative
0.39576268196105957,negative
0.4252416789531708,negative
0.3993474841117859,negative
0.37192976474761963,negative
0.3979633152484894,negative
0.371604859828949,negative
0.41776221990585327,negative
0.3946039378643036,negative
0.40860503911972046,negative
0.4100203514099121,negative
0.3913011848926544,negative
0.3983033001422882,negative
0.4288279712200165,negative
0.3911706507205963,negative
0.426891952753067,negative
0.4429291784763336,negative
0.39936527609825134,negative
0.35281628370285034,negative
0.42904576659202576,negative
0.4250454008579254,negative
0.3805801272392273,negative
0.3813425898551941,negative
0.38852545619010925,negative
0.40723809599876404,negative
0.38871052861213684,negative
0.3976970613002777,negative
0.4337187111377716,negative
0.38227760791778564,negative
0.4248887598514557,negative
0.3686053156852722,negative
0.3544453978538513,negative
0.398090660572052,negative
0.39907756447792053,negative
0.40370962023735046,negative
0.4443354606628418,negative
0.4718427360057831,negative
2.1164844036102295,negative
0.4083169400691986,negative
0.3480125069618225,negative
0.38144466280937195,negative
0.41021960973739624,negative
0.39384034276008606,negative
0.3808208405971527,negative
0.3940059542655945,negative
0.36705949902534485,negative
0.3803670108318329,negative
0.4076196849346161,negative
0.39332884550094604,negative
0.4212530851364136,negative
0.35371774435043335,negative
0.385637491941452,negative
0.4029812514781952,negative
0.3839617967605591,negative
0.4079963266849518,negative
0.4182322323322296,negative
0.382952481508255,negative
0.38468867540359497,negative
0.3932260572910309,negative
0.4505724310874939,negative
0.4121391177177429,negative
0.3068990409374237,negative
0.39396411180496216,negative
0.41262027621269226,negative
0.3528580665588379,negative
0.3316672444343567,negative
0.4048311114311218,negative
0.37889212369918823,negative
0.3891110122203827,negative
0.40514788031578064,negative
0.4068604111671448,negative
0.4170335531234741,negative
0.372873991727829,negative
0.4083901345729828,negative
0.41714146733283997,negative
0.41079655289649963,negative
0.3897560238838196,negative
0.37571558356285095,negative
0.36444634199142456,negative
0.3723995089530945,negative
0.39237624406814575,negative
0.35791271924972534,negative
0.4252530634403229,negative
0.41516485810279846,negative
0.34834808111190796,negative
0.41046252846717834,negative
0.3752707242965698,negative
0.38040363788604736,negative
0.3265090882778168,negative
0.4606862962245941,negative
0.4047901928424835,negative
0.41605791449546814,negative
0.4138428866863251,negative
0.4625111222267151,negative
0.40872451663017273,negative
0.43303555250167847,negative
0.4448346495628357,negative
0.35692742466926575,negative
0.41668176651000977,negative
0.4153629541397095,negative
0.38455793261528015,negative
0.2762504518032074,negative
0.3961173892021179,negative
0.4008442759513855,negative
0.41085538268089294,negative
0.42223015427589417,negative
0.4267235994338989,negative
0.44035643339157104,negative
0.4002065360546112,negative
0.4160345494747162,negative
0.39365220069885254,negative
0.3698088526725769,negative
0.3991537094116211,negative
0.2957741618156433,negative
0.32355430722236633,negative
0.4298725426197052,negative
0.4181680679321289,negative
0.3946763575077057,negative
0.39705848693847656,negative
0.42903485894203186,negative
0.37474319338798523,negative
0.40857115387916565,negative
0.39660319685935974,negative
0.3609393835067749,negative
0.37956497073173523,negative
0.36505937576293945,negative
0.4087860882282257,negative
0.39750149846076965,negative
0.3672466278076172,negative
0.39542728662490845,negative
0.37530502676963806,negative
0.38176852464675903,negative
0.4098491370677948,negative
0.39305007457733154,negative
0.4018716514110565,negative
0.4072723984718323,negative
0.42771875858306885,negative
0.42557060718536377,negative
0.36653563380241394,negative
0.3920302987098694,negative
0.4263730049133301,negative
0.40322884917259216,negative
0.37438759207725525,negative
0.39692753553390503,negative
0.37964382767677307,negative
0.38813307881355286,negative
0.37398141622543335,negative
0.38413602113723755,negative
0.3904494643211365,negative
0.4025958776473999,negative
0.4127175509929657,negative
0.3279171586036682,negative
0.3928968608379364,negative
0.4453870356082916,negative
0.39047771692276,negative
0.39810416102409363,negative
0.33853405714035034,negative
0.4040668308734894,negative
0.39407068490982056,negative
0.36864423751831055,negative
0.32554030418395996,negative
0.3922464847564697,negative
0.40164700150489807,negative
0.39263588190078735,negative
0.3813077509403229,negative
0.33529144525527954,negative
0.3483009338378906,negative
0.38613730669021606,negative
0.36929449439048767,negative
0.38034746050834656,negative
0.41464659571647644,negative
0.37661710381507874,negative
0.3852209746837616,negative
0.4075225591659546,negative
0.42539286613464355,negative
0.37160786986351013,negative
0.403911828994751,negative
0.3504118025302887,negative
0.3744248151779175,negative
0.3942625820636749,negative
0.3605250120162964,negative
2.1880674362182617,negative
0.4168994426727295,negative
0.3563511073589325,negative
0.3640020787715912,negative
0.385330468416214,negative
0.4672597646713257,negative
0.38907337188720703,negative
0.3931843936443329,negative
0.3867749571800232,negative
0.3539630174636841,negative
0.45770594477653503,negative
0.39837130904197693,negative
0.37518706917762756,negative
0.41841602325439453,negative
0.36565688252449036,negative
0.35687676072120667,negative
0.3345452547073364,negative
0.42607298493385315,negative
0.40366891026496887,negative
0.39314037561416626,negative
0.4136580228805542,negative
0.6882367134094238,negative
0.3772673010826111,negative
0.387551486492157,negative
0.36351993680000305,negative
0.4212769865989685,negative
0.4075300991535187,negative
0.35289129614830017,negative
0.3570585548877716,negative
0.37526506185531616,negative
0.42569097876548767,negative
0.4217613935470581,negative
0.3945522606372833,negative
0.41245707869529724,negative
0.39484649896621704,negative
0.3790416419506073,negative
0.3604433536529541,negative
0.39020049571990967,negative
0.4074285626411438,negative
0.40288108587265015,negative
0.3283815085887909,negative
0.34250372648239136,negative
0.41791781783103943,negative
0.3549981415271759,negative
0.39553582668304443,negative
0.30103930830955505,negative
0.3752669095993042,negative
0.38865819573402405,negative
0.39813077449798584,negative
0.37597885727882385,negative
0.43469056487083435,negative
0.3864872455596924,negative
0.3809659481048584,negative
0.40256282687187195,negative
0.3995130956172943,negative
0.3938916325569153,negative
0.407284677028656,negative
0.40697741508483887,negative
0.3673032224178314,negative
0.4350518584251404,negative
0.40828123688697815,negative
0.357083797454834,negative
0.3954998552799225,negative
0.38018593192100525,negative
0.40846022963523865,negative
0.33925873041152954,negative
0.3545812964439392,negative
0.37402719259262085,negative
0.3831321895122528,negative
0.42640554904937744,negative
0.3764321506023407,negative
0.3826505243778229,negative
0.40526720881462097,negative
0.42624369263648987,negative
0.3978692889213562,negative
0.40108516812324524,negative
0.3954582214355469,negative
0.40442660450935364,negative
0.3907240629196167,negative
0.40650439262390137,negative
0.4152405261993408,negative
0.3782362639904022,negative
0.34640371799468994,negative
0.4825252592563629,negative
0.3727706968784332,negative
0.36318156123161316,negative
0.3910669982433319,negative
0.3742968738079071,negative
0.42352691292762756,negative
0.39536359906196594,negative
0.4002181589603424,negative
0.3795238733291626,negative
0.36551326513290405,negative
0.3854530155658722,negative
0.39882737398147583,negative
0.4004047214984894,negative
0.41529715061187744,negative
0.40611404180526733,negative
0.3627210259437561,negative
0.39776110649108887,negative
0.4222482442855835,negative
0.37692075967788696,negative
0.3551201820373535,negative
0.4173124134540558,negative
0.3699745833873749,negative
0.4357753098011017,negative
0.39792540669441223,negative
0.38910186290740967,negative
0.4278811812400818,negative
0.39033007621765137,negative
0.40022754669189453,negative
0.4321668744087219,negative
0.44371870160102844,negative
0.36931100487709045,negative
0.42923447489738464,negative
0.43745964765548706,negative
0.3778893053531647,negative
0.40428078174591064,negative
0.40873852372169495,negative
0.3661077618598938,negative
0.3995184302330017,negative
0.3814345598220825,negative
0.37077805399894714,negative
0.4092617928981781,negative
0.3813990354537964,negative
0.39974209666252136,negative
0.4064938426017761,negative
0.39546436071395874,negative
0.42634713649749756,negative
0.4239939749240875,negative
0.38457202911376953,negative
0.4210701584815979,negative
0.38277751207351685,negative
0.3865794241428375,negative
1.8047378063201904,negative
0.44427499175071716,negative
0.4009994864463806,negative
0.3871922791004181,negative
0.36711135506629944,negative
0.4421052634716034,negative
0.3452892005443573,negative
0.4248291254043579,negative
0.3290647268295288,negative
0.36386001110076904,negative
0.3964589834213257,negative
0.3493503928184509,negative
0.3909439444541931,negative
0.39509111642837524,negative
0.4010182321071625,negative
0.3809262216091156,negative
0.4217611849308014,negative
0.3777632415294647,negative
0.3630259931087494,negative
0.35072100162506104,negative
0.4011040925979614,negative
0.3837006390094757,negative
0.37624508142471313,negative
0.3708540201187134,negative
0.37794530391693115,negative
0.4215216040611267,negative
0.37133902311325073,negative
0.3915266990661621,negative
0.4018380045890808,negative
0.3753034770488739,negative
0.38856378197669983,negative
0.38598334789276123,negative
0.3797602951526642,negative
0.40155503153800964,negative
0.40942105650901794,negative
0.40088173747062683,negative
0.41146010160446167,negative
0.39038515090942383,negative
0.3821534216403961,negative
0.42569413781166077,negative
0.3864114582538605,negative
0.3902697265148163,negative
0.4186251759529114,negative
0.3963696360588074,negative
0.3820698857307434,negative
0.4119283854961395,negative
0.3057686686515808,negative
0.41236522793769836,negative
0.3885096609592438,negative
0.42049288749694824,negative
0.40690773725509644,negative
0.425471693277359,negative
0.42680075764656067,negative
0.37633785605430603,negative
0.3907807171344757,negative
0.42231449484825134,negative
0.2912082374095917,negative
0.37958773970603943,negative
0.4275580644607544,negative
0.3557845652103424,negative
0.4040784239768982,negative
0.347660094499588,negative
0.3757224977016449,negative
0.37371477484703064,negative
0.3934924602508545,negative
0.4199962913990021,negative
0.3935389220714569,negative
0.4004502296447754,negative
0.38927993178367615,negative
0.3855575919151306,negative
0.38350099325180054,negative
0.4047311246395111,negative
0.38570094108581543,negative
0.4966162145137787,negative
0.260771244764328,negative
0.3658716380596161,negative
0.4153370261192322,negative
0.4135892391204834,negative
0.421367347240448,negative
0.394571989774704,negative
0.39938727021217346,negative
0.3386346697807312,negative
0.4043327867984772,negative
0.4189794063568115,negative
0.37522411346435547,negative
0.4209088087081909,negative
0.3903067708015442,negative
0.3910442888736725,negative
0.3936690092086792,negative
0.34703269600868225,negative
0.40617483854293823,negative
0.3857152462005615,negative
0.41714078187942505,negative
0.41390007734298706,negative
0.40312930941581726,negative
0.3879138231277466,negative
0.45848265290260315,negative
0.4032750427722931,negative
0.387832373380661,negative
0.3324297070503235,negative
0.3974044620990753,negative
0.35699787735939026,negative
0.378180593252182,negative
0.393556147813797,negative
0.3774409294128418,negative
0.3794105052947998,negative
0.42301905155181885,negative
0.37904760241508484,negative
0.4073207974433899,negative
0.42900803685188293,negative
0.39916110038757324,negative
0.3901287913322449,negative
0.38218653202056885,negative
0.2748660445213318,negative
0.4001481831073761,negative
0.4099871814250946,negative
0.4368889629840851,negative
0.4410664141178131,negative
0.3662109673023224,negative
0.40526214241981506,negative
0.3832155466079712,negative
0.4013267457485199,negative
0.3636836111545563,negative
0.3868388235569,negative
2.025451183319092,negative
0.4035213887691498,negative
0.4163215458393097,negative
0.3749883472919464,negative
0.40495359897613525,negative
0.4321051239967346,negative
0.3799627125263214,negative
0.423157274723053,negative
0.4273034334182739,negative
0.3838825523853302,negative
0.325065940618515,negative
0.41498664021492004,negative
0.393120676279068,negative
0.4190634489059448,negative
0.41090309619903564,negative
0.36528727412223816,negative
0.42291516065597534,negative
0.38600003719329834,negative
0.3108181655406952,negative
0.43401065468788147,negative
0.37097635865211487,negative
0.411435067653656,negative
0.41043734550476074,negative
0.45993873476982117,negative
0.3500741124153137,negative
0.36906105279922485,negative
0.3742600679397583,negative
0.3831963539123535,negative
0.38858747482299805,negative
0.3750905692577362,negative
0.40594661235809326,negative
0.3494303226470947,negative
0.34060487151145935,negative
0.3428248167037964,negative
0.35682082176208496,negative
0.3835732936859131,negative
0.37655532360076904,negative
0.3184294104576111,negative
0.40627291798591614,negative
0.36394834518432617,negative
0.44227683544158936,negative
0.435330331325531,negative
0.36135047674179077,negative
0.42141425609588623,negative
0.34988248348236084,negative
0.4070384204387665,negative
0.39598289132118225,negative
0.3958766758441925,negative
0.4086734652519226,negative
0.40681520104408264,negative
0.4417356252670288,negative
0.3761279582977295,negative
0.3651770353317261,negative
0.40716731548309326,negative
0.3940083682537079,negative
0.40826234221458435,negative
0.41014420986175537,negative
0.42409732937812805,negative
0.3784473240375519,negative
0.39442330598831177,negative
0.3654300272464752,negative
0.32650256156921387,negative
0.3971465528011322,negative
0.42243337631225586,negative
0.4080527126789093,negative
0.4121902585029602,negative
0.4130024313926697,negative
0.3933095932006836,negative
0.3164057433605194,negative
0.3900885581970215,negative
0.4036554992198944,negative
0.40379199385643005,negative
0.3900381326675415,negative
0.43367114663124084,negative
0.4109577536582947,negative
0.38822513818740845,negative
0.4153973162174225,negative
0.3817385137081146,negative
0.4384184777736664,negative
0.4165734648704529,negative
0.3806608319282532,negative
0.42473646998405457,negative
0.3762591779232025,negative
0.4015301465988159,negative
0.4429950714111328,negative
0.39339250326156616,negative
0.38089048862457275,negative
0.4210205674171448,negative
0.3675277829170227,negative
0.3708392381668091,negative
0.3735775649547577,negative
0.3880060911178589,negative
0.37719616293907166,negative
0.39300674200057983,negative
0.3796371519565582,negative
0.3716641366481781,negative
0.4260147511959076,negative
0.41231101751327515,negative
0.41078853607177734,negative
0.38888898491859436,negative
0.4091595709323883,negative
0.3414100110530853,negative
0.4024803936481476,negative
0.3728904128074646,negative
0.41449910402297974,negative
0.4216671288013458,negative
0.38383954763412476,negative
0.40503278374671936,negative
0.40978214144706726,negative
0.36675724387168884,negative
0.3738548457622528,negative
0.38703978061676025,negative
0.40775519609451294,negative
0.3869309723377228,negative
0.3904460370540619,negative
0.39850306510925293,negative
0.4128008484840393,negative
0.3765527904033661,negative
0.3969838321208954,negative
0.3977515399456024,negative
0.44662725925445557,negative
0.35723453760147095,negative
0.3864377737045288,negative
0.41200417280197144,negative
1.5508216619491577,negative
0.41580119729042053,negative
0.39977821707725525,negative
0.3903745710849762,negative
0.3532622456550598,negative
0.36123281717300415,negative
0.38312557339668274,negative
0.40331968665122986,negative
0.3712272644042969,negative
0.40631428360939026,negative
1.2325488328933716,negative
0.36692917346954346,negative
0.33733323216438293,negative
0.3909216821193695,negative
0.4291539192199707,negative
0.41638633608818054,negative
0.4586786925792694,negative
0.407753586769104,negative
0.3903273642063141,negative
0.40534135699272156,negative
0.3781322240829468,negative
0.3646986782550812,negative
0.3515789806842804,negative
0.3884607255458832,negative
0.376447856426239,negative
0.41175737977027893,negative
0.40221545100212097,negative
0.41763877868652344,negative
0.381865531206131,negative
0.39778801798820496,negative
0.3388434052467346,negative
0.35166749358177185,negative
0.43744227290153503,negative
0.3932577669620514,negative
0.3416723310947418,negative
0.3541226387023926,negative
0.35805994272232056,negative
0.41020017862319946,negative
0.38247251510620117,negative
0.3859553933143616,negative
0.3808976411819458,negative
0.42251336574554443,negative
0.4084489345550537,negative
0.42713433504104614,negative
0.3518597185611725,negative
0.4185073673725128,negative
0.3990635573863983,negative
0.35559147596359253,negative
0.3924935460090637,negative
0.32285723090171814,negative
0.39059698581695557,negative
0.3731367886066437,negative
0.3516440987586975,negative
0.36223629117012024,negative
0.3188337981700897,negative
0.4407130777835846,negative
0.4537297487258911,negative
0.37642574310302734,negative
0.34046775102615356,negative
0.4270855188369751,negative
0.3981330394744873,negative
0.3433453142642975,negative
0.39546141028404236,negative
0.3816874921321869,negative
0.3801189959049225,negative
0.3466348648071289,negative
0.3598951995372772,negative
0.40225839614868164,negative
0.35830312967300415,negative
0.3503881096839905,negative
0.39007800817489624,negative
1.0921438932418823,negative
0.40694260597229004,negative
0.4113434851169586,negative
0.47208526730537415,negative
0.3835486173629761,negative
0.35233640670776367,negative
0.3980235457420349,negative
2.1993939876556396,negative
0.3906298577785492,negative
0.4030381441116333,negative
0.3679076135158539,negative
0.39976000785827637,negative
0.36463025212287903,negative
0.4208279252052307,negative
1.7472741603851318,negative
0.3981114625930786,negative
0.4494399130344391,negative
0.26984095573425293,negative
0.3827039897441864,negative
0.42527300119400024,negative
0.3854431211948395,negative
0.3995557427406311,negative
0.3892967998981476,negative
0.37816643714904785,negative
0.4053611159324646,negative
0.3956829011440277,negative
0.39898398518562317,negative
0.41587066650390625,negative
0.3652965724468231,negative
0.666120171546936,negative
0.40227317810058594,negative
0.4199543297290802,negative
0.42383915185928345,negative
0.42909330129623413,negative
0.3719586730003357,negative
0.4122733473777771,negative
0.5856946706771851,negative
0.3552764654159546,negative
0.42502596974372864,negative
0.40549615025520325,negative
0.4293227195739746,negative
0.3697281777858734,negative
0.4020291864871979,negative
0.4217974543571472,negative
0.43874260783195496,negative
0.6431861519813538,negative
0.6565365195274353,negative
0.3929910659790039,negative
0.40392687916755676,negative
0.44072386622428894,negative
0.40284767746925354,negative
0.38908976316452026,negative
0.42775219678878784,negative
0.36239761114120483,negative
0.37552887201309204,negative
0.4145641028881073,negative
0.368807315826416,negative
0.343953013420105,negative
0.41425591707229614,negative
0.414640873670578,negative
0.3937806189060211,negative
0.37949347496032715,negative
0.38462087512016296,negative
0.36952656507492065,negative
0.43134626746177673,negative
0.35174915194511414,negative
0.3863614797592163,negative
0.4108668565750122,negative
0.4128325581550598,negative
0.349391907453537,negative
0.3769371807575226,negative
0.4518499970436096,negative
0.4006548821926117,negative
0.41518184542655945,negative
0.4268551766872406,negative
0.3967556953430176,negative
0.398627370595932,negative
0.4230266213417053,negative
0.39351630210876465,negative
0.4093050956726074,negative
0.3897925317287445,negative
0.4032602906227112,negative
0.3872593641281128,negative
0.32006192207336426,negative
0.4293830096721649,negative
0.3857731819152832,negative
0.37575000524520874,negative
0.34001919627189636,negative
0.37787625193595886,negative
0.4378485679626465,negative
0.39620792865753174,negative
0.3889877200126648,negative
0.4289744198322296,negative
0.40007951855659485,negative
0.38666650652885437,negative
0.41206592321395874,negative
0.3841785788536072,negative
0.3681778609752655,negative
0.38493749499320984,negative
0.3627837598323822,negative
0.417216956615448,negative
0.4103597104549408,negative
0.4055306315422058,negative
0.37212830781936646,negative
0.39696720242500305,negative
0.39079901576042175,negative
0.4255020320415497,negative
0.35889580845832825,negative
0.3821851909160614,negative
0.37406831979751587,negative
0.372163861989975,negative
0.35743722319602966,negative
0.3751879036426544,negative
0.431339293718338,negative
0.38398507237434387,negative
0.40222683548927307,negative
0.462135910987854,negative
0.400392085313797,negative
0.3809683620929718,negative
0.42233341932296753,negative
0.35520219802856445,negative
0.4385052025318146,negative
0.3934158682823181,negative
0.415140300989151,negative
0.44383975863456726,negative
0.3817656934261322,negative
0.33311963081359863,negative
0.4004107117652893,negative
0.3762029707431793,negative
0.3731074333190918,negative
0.3910222053527832,negative
0.3864888846874237,negative
0.4272500276565552,negative
0.4232967495918274,negative
0.38551342487335205,negative
0.4276631474494934,negative
0.42126381397247314,negative
0.416765034198761,negative
0.41091910004615784,negative
0.43162575364112854,negative
0.3886846601963043,negative
0.39604175090789795,negative
0.34177538752555847,negative
0.3822536766529083,negative
0.36756837368011475,negative
0.40997177362442017,negative
0.4078501760959625,negative
0.385297954082489,negative
0.39447852969169617,negative
0.39727315306663513,negative
0.4103354215621948,negative
0.3750825822353363,negative
0.37069523334503174,negative
0.38104248046875,negative
0.39537256956100464,negative
0.4211885929107666,negative
0.4116346538066864,negative
0.39558401703834534,negative
0.3850212097167969,negative
0.41079413890838623,negative
0.41822105646133423,negative
0.332679808139801,negative
0.3814403712749481,negative
0.3815862536430359,negative
0.4229392409324646,negative
0.3831273019313812,negative
0.44424107670783997,negative
0.44157251715660095,negative
0.36104705929756165,negative
0.47799140214920044,negative
0.41636601090431213,negative
0.4502260684967041,negative
0.4004308581352234,negative
0.38935065269470215,negative
0.38079413771629333,negative
0.37936505675315857,negative
0.39121338725090027,negative
2.0435822010040283,negative
1.5651283264160156,negative
0.34506914019584656,negative
0.5904937386512756,negative
0.4233452379703522,negative
0.3913474977016449,negative
0.39209628105163574,negative
0.4370478391647339,negative
0.4288289546966553,negative
0.3529391288757324,negative
0.39146852493286133,negative
0.43507635593414307,negative
0.3963428735733032,negative
0.4306288957595825,negative
0.3763065040111542,negative
0.383382111787796,negative
0.3509656488895416,negative
0.4192264676094055,negative
0.4105204939842224,negative
0.378953218460083,negative
0.3345155119895935,negative
0.34672558307647705,negative
0.3764731287956238,negative
0.3721456825733185,negative
0.39162516593933105,negative
0.41009506583213806,negative
0.41430819034576416,negative
0.43381190299987793,negative
0.4115734100341797,negative
0.39992931485176086,negative
0.395387202501297,negative
0.35439085960388184,negative
1.7041189670562744,negative
0.4218153953552246,negative
0.39343830943107605,negative
0.43190115690231323,negative
0.42510417103767395,negative
0.4057614207267761,negative
0.37133151292800903,negative
0.40962889790534973,negative
0.41609111428260803,negative
0.43503719568252563,negative
0.41634809970855713,negative
0.3748679757118225,negative
0.44664913415908813,negative
0.4029906094074249,negative
0.40899935364723206,negative
0.4145089089870453,negative
1.6433206796646118,negative
0.4066256582736969,negative
0.399949312210083,negative
0.4335568845272064,negative
0.44254493713378906,negative
0.41192853450775146,negative
0.39732125401496887,negative
0.39035677909851074,negative
0.380581796169281,negative
0.4710193872451782,negative
0.4167076349258423,negative
0.36110424995422363,negative
0.4059498906135559,negative
0.41745591163635254,negative
0.35669341683387756,negative
0.375868022441864,negative
0.43120113015174866,negative
0.34798601269721985,negative
1.5404105186462402,negative
0.40979570150375366,negative
0.39863890409469604,negative
0.4228183925151825,negative
0.36624130606651306,negative
0.42342299222946167,negative
0.40032434463500977,negative
0.37242454290390015,negative
0.40588605403900146,negative
0.3927730321884155,negative
0.32887035608291626,negative
0.39709046483039856,negative
0.3993115723133087,negative
0.4057139754295349,negative
0.3955788016319275,negative
0.3624863922595978,negative
0.38082355260849,negative
0.38570427894592285,negative
0.3943972885608673,negative
0.40650755167007446,negative
0.3850857615470886,negative
0.41115009784698486,negative
0.41715872287750244,negative
0.4037154018878937,negative
0.39789828658103943,negative
0.43255937099456787,negative
0.3792453408241272,negative
0.3991624712944031,negative
0.39739856123924255,negative
0.3803519308567047,negative
0.39136841893196106,negative
0.3555638790130615,negative
0.35972335934638977,negative
0.442607581615448,negative
0.42852529883384705,negative
0.39802438020706177,negative
0.3505861461162567,negative
0.3737069368362427,negative
0.39630183577537537,negative
0.2989223599433899,negative
0.4158061146736145,negative
0.3862737715244293,negative
0.4216826558113098,negative
0.3816426992416382,negative
0.3405765891075134,negative
0.4031181037425995,negative
0.3887738883495331,negative
0.42903581261634827,negative
0.46888282895088196,negative
0.4015137553215027,negative
0.4147109389305115,negative
0.4128607511520386,negative
0.37370333075523376,negative
0.35449349880218506,negative
1.860837697982788,negative
2.1818861961364746,negative
0.3800986111164093,negative
0.39319151639938354,negative
0.37772008776664734,negative
0.3934386968612671,negative
0.4191679358482361,negative
0.3808790147304535,negative
0.409027636051178,negative
0.39033710956573486,negative
0.36516207456588745,negative
0.3905731439590454,negative
0.39655351638793945,negative
0.4519214630126953,negative
0.37918099761009216,negative
0.4011930227279663,negative
0.3455093801021576,negative
0.40167272090911865,negative
0.39281442761421204,negative
0.4042249917984009,negative
0.36453115940093994,negative
0.394895076751709,negative
0.42697224020957947,negative
0.39375177025794983,negative
0.40737664699554443,negative
0.4107986390590668,negative
0.41779547929763794,negative
0.34812119603157043,negative
0.3802267909049988,negative
0.3690120577812195,negative
0.4004531502723694,negative
0.3610078692436218,negative
0.3897583782672882,negative
0.40045180916786194,negative
0.38753941655158997,negative
0.4132454991340637,negative
0.35043713450431824,negative
0.3923371732234955,negative
0.3259177505970001,negative
0.38302671909332275,negative
0.42339375615119934,negative
0.38417866826057434,negative
0.425805926322937,negative
0.3511742949485779,negative
0.38568827509880066,negative
1.9058676958084106,negative
0.39369484782218933,negative
0.36669132113456726,negative
0.4043915569782257,negative
0.4121215045452118,negative
0.42322954535484314,negative
0.395341694355011,negative
0.40191301703453064,negative
0.37509065866470337,negative
0.3567771017551422,negative
0.4078092873096466,negative
0.4016856253147125,negative
0.41869693994522095,negative
0.411081463098526,negative
0.4071744382381439,negative
0.33896058797836304,negative
0.41383180022239685,negative
0.46653321385383606,negative
0.39723026752471924,negative
0.39810529351234436,negative
0.3391728699207306,negative
0.35002657771110535,negative
0.39996328949928284,negative
0.4216955900192261,negative
0.3871190547943115,negative
0.37793582677841187,negative
0.3209763467311859,negative
0.42446374893188477,negative
0.4010452628135681,negative
0.38925546407699585,negative
0.41508981585502625,negative
2.095557689666748,negative
0.39772406220436096,negative
0.4090380072593689,negative
0.2817688286304474,negative
0.3780522644519806,negative
0.4120410978794098,negative
0.3921632170677185,negative
2.238584280014038,negative
0.37680503726005554,negative
0.3806364834308624,negative
0.3648630976676941,negative
0.3800891637802124,negative
0.41910457611083984,negative
0.41625988483428955,negative
0.3861847519874573,negative
1.9239352941513062,negative
0.4060884118080139,negative
0.4033983051776886,negative
0.40860530734062195,negative
0.3927764296531677,negative
0.3924623727798462,negative
0.34824103116989136,negative
0.4039423167705536,negative
0.3552361726760864,negative
0.39272528886795044,negative
0.40125322341918945,negative
0.391866534948349,negative
0.3717775046825409,negative
0.36107996106147766,negative
0.3919605612754822,negative
0.41132399439811707,negative
0.3785901367664337,negative
0.42114734649658203,negative
1.559145450592041,negative
0.39800164103507996,negative
0.3890143930912018,negative
0.388999879360199,negative
0.33884862065315247,negative
0.3953717052936554,negative
0.4023006856441498,negative
0.37679728865623474,negative
0.39120665192604065,negative
0.3975740373134613,negative
0.4187849760055542,negative
0.36094900965690613,negative
0.3344089090824127,negative
0.42223140597343445,negative
0.3868118226528168,negative
0.4060409367084503,negative
0.32795432209968567,negative
0.3835960328578949,negative
0.39844128489494324,negative
0.363356351852417,negative
0.37704941630363464,negative
1.9138660430908203,negative
0.43992212414741516,negative
0.35832110047340393,negative
0.4318649172782898,negative
0.4139098525047302,negative
0.40420031547546387,negative
0.3719484508037567,negative
1.7954366207122803,negative
0.3244566321372986,negative
0.3478485941886902,negative
0.38940614461898804,negative
0.37665560841560364,negative
0.40128153562545776,negative
0.38915544748306274,negative
0.4076738655567169,negative
0.36585530638694763,negative
0.3883526027202606,negative
0.39220044016838074,negative
0.4039192795753479,negative
0.40096962451934814,negative
0.3706006109714508,negative
0.41531896591186523,negative
0.42607155442237854,negative
0.3927476108074188,negative
0.41031110286712646,negative
0.4021637439727783,negative
0.42625540494918823,negative
0.41417166590690613,negative
0.3977962136268616,negative
0.4158295691013336,negative
0.4017381966114044,negative
0.4209447503089905,negative
0.39800843596458435,negative
0.3790372312068939,negative
0.41710013151168823,negative
0.39011144638061523,negative
0.40644416213035583,negative
0.39614617824554443,negative
0.39529961347579956,negative
0.35252833366394043,negative
0.3980397582054138,negative
0.3910984992980957,negative
0.37667790055274963,negative
0.43381667137145996,negative
0.3979635536670685,negative
0.4291701018810272,negative
0.40712612867355347,negative
0.4093228578567505,negative
0.39639902114868164,negative
0.38644516468048096,negative
0.37747034430503845,negative
0.38884249329566956,negative
0.44583258032798767,negative
0.4010012447834015,negative
0.3837250769138336,negative
0.3870084285736084,negative
0.3750503361225128,negative
0.3126002550125122,negative
0.36626332998275757,negative
0.3791196048259735,negative
0.433806836605072,negative
0.3431191146373749,negative
0.38745221495628357,negative
0.4508148431777954,negative
0.356877863407135,negative
0.4085504114627838,negative
0.31261372566223145,negative
0.4041726887226105,negative
0.38753095269203186,negative
0.3643249273300171,negative
0.3822058141231537,negative
0.3841392397880554,negative
0.4141184091567993,negative
0.3918936848640442,negative
0.37188220024108887,negative
0.3739017844200134,negative
0.38612601161003113,negative
0.3244744539260864,negative
0.3838639557361603,negative
0.4295580983161926,negative
0.3855550289154053,negative
0.41514846682548523,negative
0.40600886940956116,negative
0.4033713936805725,negative
0.41521432995796204,negative
0.3723389208316803,negative
0.3963697552680969,negative
0.4336456060409546,negative
0.4039827585220337,negative
0.3454775810241699,negative
0.42457422614097595,negative
0.3949218988418579,negative
0.3550047278404236,negative
0.4022393226623535,negative
0.407032310962677,negative
0.3436846137046814,negative
0.3763475716114044,negative
0.40413588285446167,negative
0.40283316373825073,negative
0.41401803493499756,negative
0.40492841601371765,negative
0.3706834018230438,negative
0.41056275367736816,negative
0.40654250979423523,negative
0.39008477330207825,negative
0.38991203904151917,negative
0.3705163300037384,negative
0.41010865569114685,negative
0.39312294125556946,negative
0.420697957277298,negative
0.42353352904319763,negative
0.431277334690094,negative
0.4360351860523224,negative
0.37781745195388794,negative
0.32306763529777527,negative
0.41727209091186523,negative
0.36995404958724976,negative
0.44283154606819153,negative
0.3562609851360321,negative
0.40160688757896423,negative
0.4094366431236267,negative
0.41818246245384216,negative
0.31668218970298767,negative
0.3666287362575531,negative
0.3993092179298401,negative
0.3279477059841156,negative
0.3802802860736847,negative
2.0280375480651855,negative
0.4341186285018921,negative
0.4474967420101166,negative
0.346660315990448,negative
0.3922792971134186,negative
0.40175148844718933,negative
0.4014339745044708,negative
0.4190225899219513,negative
0.352970689535141,negative
0.36118966341018677,negative
0.4035611152648926,negative
0.38232162594795227,negative
0.40563732385635376,negative
0.35956814885139465,negative
0.40564411878585815,negative
0.36837026476860046,negative
0.3914821743965149,negative
0.37510251998901367,negative
0.4067758619785309,negative
0.39632338285446167,negative
0.3964746594429016,negative
0.428378164768219,negative
0.4347943961620331,negative
0.35075730085372925,negative
0.3711497485637665,negative
0.45083296298980713,negative
0.40187373757362366,negative
0.3574715554714203,negative
0.3818871080875397,negative
0.40593504905700684,negative
0.4018678665161133,negative
0.4380682408809662,negative
0.4109542667865753,negative
0.42028605937957764,negative
0.40877053141593933,negative
0.43540042638778687,negative
0.41408735513687134,negative
0.3827963173389435,negative
0.3606359362602234,negative
0.3779887557029724,negative
0.4121263325214386,negative
0.38715487718582153,negative
0.361662358045578,negative
0.4245813190937042,negative
0.3637924790382385,negative
0.3883123993873596,negative
0.4149858355522156,negative
0.28595247864723206,negative
0.3794887661933899,negative
0.39423584938049316,negative
0.3701181411743164,negative
0.3937269151210785,negative
0.38442596793174744,negative
0.4372518062591553,negative
0.35999858379364014,negative
0.4866343140602112,negative
0.3984649181365967,negative
0.41479822993278503,negative
0.38425883650779724,negative
0.32357344031333923,negative
0.43173709511756897,negative
0.4139051139354706,negative
0.3700140416622162,negative
0.3609469532966614,negative
0.4227945804595947,negative
0.41033342480659485,negative
0.42867419123649597,negative
0.39660418033599854,negative
0.38203784823417664,negative
0.3443196713924408,negative
0.36802756786346436,negative
0.3489241302013397,negative
0.43675217032432556,negative
0.3978673219680786,negative
0.38220837712287903,negative
0.38017627596855164,negative
0.4357999861240387,negative
0.3395146429538727,negative
0.4107095003128052,negative
0.33609309792518616,negative
0.38146188855171204,negative
0.40999582409858704,negative
0.38641172647476196,negative
0.38011229038238525,negative
0.37797391414642334,negative
0.3803969621658325,negative
0.38431671261787415,negative
0.36646488308906555,negative
0.3878081142902374,negative
0.37283769249916077,negative
0.3802061975002289,negative
0.37243762612342834,negative
0.3327845633029938,negative
0.37147387862205505,negative
0.3624623417854309,negative
0.43823105096817017,negative
0.3250012993812561,negative
0.3758583068847656,negative
0.4139510691165924,negative
0.3960481882095337,negative
0.3954806923866272,negative
0.37626102566719055,negative
0.397950679063797,negative
0.4131891429424286,negative
0.4083271026611328,negative
0.3757932484149933,negative
0.3927493095397949,negative
0.423543781042099,negative
0.3251744508743286,negative
0.4158325791358948,negative
0.42008334398269653,negative
0.39127278327941895,negative
0.37975993752479553,negative
0.3933389186859131,negative
0.4251294434070587,negative
0.4168013632297516,negative
0.31874069571495056,negative
0.37450772523880005,negative
0.3561452031135559,negative
0.4027586579322815,negative
0.4068767726421356,negative
0.34238219261169434,negative
0.40690991282463074,negative
0.4236510396003723,negative
0.3834531307220459,negative
0.41378164291381836,negative
0.35607996582984924,negative
0.3643020689487457,negative
0.364136278629303,negative
0.3911196291446686,negative
0.411245733499527,negative
0.37156644463539124,negative
0.3683391213417053,negative
0.41180893778800964,negative
0.3704815208911896,negative
0.34168848395347595,negative
0.3726712167263031,negative
0.4051157832145691,negative
0.39820364117622375,negative
0.38076043128967285,negative
0.3995683491230011,negative
0.3564615547657013,negative
0.41321858763694763,negative
0.37968742847442627,negative
0.4042917788028717,negative
0.3551625907421112,negative
0.3306727409362793,negative
0.3963625431060791,negative
0.48358991742134094,negative
0.45214420557022095,negative
0.3815724551677704,negative
0.39422276616096497,negative
0.40119773149490356,negative
0.40460529923439026,negative
0.41362953186035156,negative
1.6104297637939453,negative
0.39507004618644714,negative
0.34892573952674866,negative
0.4044443368911743,negative
0.3958020806312561,negative
0.42445245385169983,negative
0.40275928378105164,negative
1.9118577241897583,negative
0.3537856340408325,negative
0.3611392378807068,negative
0.4084882438182831,negative
0.43999144434928894,negative
0.39843520522117615,negative
0.37670984864234924,negative
0.4734983444213867,negative
0.38136690855026245,negative
0.3612598180770874,negative
0.3713635802268982,negative
0.3931516706943512,negative
0.35824546217918396,negative
0.37475723028182983,negative
0.43630531430244446,negative
0.38523536920547485,negative
0.32925066351890564,negative
0.30797016620635986,negative
0.36518722772598267,negative
0.4013250172138214,negative
0.3395470082759857,negative
0.4113617539405823,negative
0.4361080229282379,negative
0.3973512649536133,negative
0.4068235456943512,negative
0.3459433615207672,negative
0.4017702341079712,negative
0.41984519362449646,negative
0.40018588304519653,negative
0.38869044184684753,negative
0.4817870855331421,negative
0.3847968578338623,negative
0.40887024998664856,negative
0.4297572672367096,negative
0.3992142081260681,negative
0.38274896144866943,negative
0.4432457685470581,negative
0.38739046454429626,negative
0.37424445152282715,negative
0.40371444821357727,negative
0.39004287123680115,negative
0.5114488005638123,negative
0.4194365441799164,negative
0.42209872603416443,negative
0.27956485748291016,negative
0.3720238208770752,negative
0.3744625747203827,negative
0.41615504026412964,negative
0.39164111018180847,negative
0.39111873507499695,negative
0.3692818284034729,negative
0.4145011603832245,negative
0.40478309988975525,negative
0.4146519899368286,negative
0.41204336285591125,negative
0.33559393882751465,negative
0.40180903673171997,negative
0.37247928977012634,negative
0.4143771231174469,negative
0.40151503682136536,negative
0.39040693640708923,negative
0.3909560739994049,negative
0.3849879503250122,negative
0.797440767288208,negative
0.4044886529445648,negative
0.3865777254104614,negative
2.0794482231140137,negative
1.142298936843872,negative
0.3910718560218811,negative
2.2569925785064697,negative
0.4419265389442444,negative
0.39291417598724365,negative
0.4271868169307709,negative
0.39181360602378845,negative
0.3972685933113098,negative
0.393387109041214,negative
0.3923623561859131,negative
0.4231679439544678,negative
0.42063358426094055,negative
2.194096803665161,negative
0.4116508364677429,negative
0.4060705304145813,negative
0.4090999662876129,negative
0.41243618726730347,negative
0.39197078347206116,negative
0.41258013248443604,negative
0.40888047218322754,negative
0.42594024538993835,negative
0.4022955000400543,negative
0.45588418841362,negative
0.35567110776901245,negative
0.4310566484928131,negative
0.45301538705825806,negative
0.36862021684646606,negative
0.37564530968666077,negative
0.40549150109291077,negative
0.3852769136428833,negative
0.43939390778541565,negative
0.3535518944263458,negative
0.38160622119903564,negative
0.3914681673049927,negative
0.4322194457054138,negative
0.3767450451850891,negative
0.38122835755348206,negative
0.3852125406265259,negative
0.39971238374710083,negative
0.39812028408050537,negative
0.38680893182754517,negative
0.5260918736457825,negative
0.3506326377391815,negative
0.3714202046394348,negative
0.39592453837394714,negative
0.38320061564445496,negative
0.4208463728427887,negative
0.33665749430656433,negative
0.3237292468547821,negative
0.4170859456062317,negative
0.39878150820732117,negative
0.42197343707084656,negative
0.36416134238243103,negative
0.39835911989212036,negative
0.4609713852405548,negative
0.47279050946235657,negative
0.39631083607673645,negative
0.40752944350242615,negative
0.43286219239234924,negative
0.42657357454299927,negative
0.42824679613113403,negative
0.4327520430088043,negative
0.4459091126918793,negative
0.45324188470840454,negative
0.3855092227458954,negative
0.37190037965774536,negative
0.4194463789463043,negative
0.4286321997642517,negative
0.4043210446834564,negative
0.43705296516418457,negative
0.40352901816368103,negative
0.3908040523529053,negative
0.38932397961616516,negative
0.3934391140937805,negative
0.38865333795547485,negative
0.41700753569602966,negative
0.40421074628829956,negative
0.3482442796230316,negative
0.4037184417247772,negative
0.36561328172683716,negative
0.40395158529281616,negative
0.3985384404659271,negative
0.39049848914146423,negative
0.3776639699935913,negative
0.40738242864608765,negative
0.4040200710296631,negative
0.406236469745636,negative
0.41628846526145935,negative
0.39353105425834656,negative
0.36555156111717224,negative
0.4022063612937927,negative
0.42952960729599,negative
0.3977166414260864,negative
0.4053570330142975,negative
0.4121358394622803,negative
0.36170390248298645,negative
0.3971281051635742,negative
0.39823758602142334,negative
0.4055621027946472,negative
0.41092976927757263,negative
0.37124374508857727,negative
0.43020397424697876,negative
0.3976660370826721,negative
0.4203417897224426,negative
0.3960888981819153,negative
0.4132744073867798,negative
0.42360618710517883,negative
0.3934410512447357,negative
0.3978368043899536,negative
0.42451706528663635,negative
0.4254557192325592,negative
0.3948916792869568,negative
0.3936012089252472,negative
0.3498890995979309,negative
0.3989826440811157,negative
0.4045089781284332,negative
0.3309493362903595,negative
0.41863691806793213,negative
0.40233469009399414,negative
0.3998836874961853,negative
0.3678148686885834,negative
0.3398641347885132,negative
0.45798537135124207,negative
0.39488330483436584,negative
0.390396386384964,negative
0.4190346896648407,negative
0.4178555905818939,negative
0.407454252243042,negative
0.3675828278064728,negative
0.3396431803703308,negative
0.3655116558074951,negative
0.40797948837280273,negative
0.3465293347835541,negative
0.39706042408943176,negative
0.4007715880870819,negative
0.42558935284614563,negative
0.4053909182548523,negative
0.3371933102607727,negative
0.41091814637184143,negative
0.3924068510532379,negative
0.40167340636253357,negative
0.3908100128173828,negative
0.4402467906475067,negative
0.4042271077632904,negative
0.3867115378379822,negative
0.36301109194755554,negative
0.4026052951812744,negative
0.36126211285591125,negative
2.2188222408294678,negative
0.3478732705116272,negative
0.3501226603984833,negative
0.37407809495925903,negative
0.06161694601178169,negative
0.4161204993724823,negative
0.37869682908058167,negative
0.40510469675064087,negative
0.4159850776195526,negative
0.3401191830635071,negative
0.35045352578163147,negative
0.38245269656181335,negative
0.38104110956192017,negative
0.42359596490859985,negative
0.36883750557899475,negative
1.095601201057434,negative
0.3979695737361908,negative
0.4366658329963684,negative
0.3939707577228546,negative
0.4006010890007019,negative
0.44529351592063904,negative
0.48303210735321045,negative
0.4286981225013733,negative
2.1251633167266846,negative
0.34637707471847534,negative
0.3831433355808258,negative
0.40196752548217773,negative
0.35989025235176086,negative
0.40312349796295166,negative
0.37829169631004333,negative
0.34278324246406555,negative
0.3770565986633301,negative
0.3954063951969147,negative
0.41874706745147705,negative
0.4067569375038147,negative
0.4641977548599243,negative
0.39056816697120667,negative
0.39593935012817383,negative
0.4293135702610016,negative
0.39526697993278503,negative
0.3656812906265259,negative
0.3527708351612091,negative
0.4081323444843292,negative
0.38743484020233154,negative
0.42313167452812195,negative
0.3567323684692383,negative
0.4758143424987793,negative
0.38576099276542664,negative
0.37582170963287354,negative
0.40947121381759644,negative
0.3670777976512909,negative
0.4133813679218292,negative
0.3989703357219696,negative
0.39514148235321045,negative
0.4086921513080597,negative
0.39306631684303284,negative
0.4003467857837677,negative
0.35508349537849426,negative
0.4184258282184601,negative
0.4369407594203949,negative
0.32171830534935,negative
0.41886064410209656,negative
0.37986934185028076,negative
0.42266377806663513,negative
0.3486204445362091,negative
0.36543700098991394,negative
0.39220401644706726,negative
0.3704316020011902,negative
0.4259507358074188,negative
0.44137251377105713,negative
0.3368866741657257,negative
0.395973801612854,negative
0.4073600172996521,negative
0.41733869910240173,negative
0.38361120223999023,negative
0.36894166469573975,negative
0.3688414692878723,negative
0.4261611998081207,negative
0.3884618580341339,negative
0.36397016048431396,negative
0.3884020745754242,negative
0.43686243891716003,negative
0.39704328775405884,negative
0.36686351895332336,negative
0.35713618993759155,negative
0.40932852029800415,negative
0.4048452377319336,negative
0.4136621356010437,negative
0.4069164991378784,negative
0.409336656332016,negative
0.4064958393573761,negative
0.42921680212020874,negative
0.4618656039237976,negative
0.4116518497467041,negative
0.4048827588558197,negative
0.39287900924682617,negative
0.36725229024887085,negative
0.3869422376155853,negative
1.6506569385528564,negative
0.3971835970878601,negative
0.42809149622917175,negative
0.37674057483673096,negative
0.33185145258903503,negative
0.3623097538948059,negative
0.3181917667388916,negative
0.4251214563846588,negative
0.3761037290096283,negative
0.40034544467926025,negative
0.3803069293498993,negative
0.38460561633110046,negative
0.41365116834640503,negative
0.2685377895832062,negative
0.34993255138397217,negative
0.38567790389060974,negative
0.40416309237480164,negative
0.43748965859413147,negative
0.41838687658309937,negative
0.3582536280155182,negative
0.39966246485710144,negative
0.32452964782714844,negative
0.3842344880104065,negative
0.3819936513900757,negative
0.38140034675598145,negative
0.3983030915260315,negative
0.37980225682258606,negative
0.3699592649936676,negative
0.41110748052597046,negative
0.38036230206489563,negative
0.438661128282547,negative
0.38967767357826233,negative
0.39756762981414795,negative
0.39574795961380005,negative
0.3208634555339813,negative
0.38986849784851074,negative
0.3853914737701416,negative
0.38563305139541626,negative
0.3881533145904541,negative
0.3953889012336731,negative
0.3937714695930481,negative
0.3619512915611267,negative
1.7302900552749634,negative
0.39632344245910645,negative
0.33842769265174866,negative
0.438979834318161,negative
0.39257919788360596,negative
0.42820602655410767,negative
0.3836555480957031,negative
0.4534517228603363,negative
0.3807002902030945,negative
0.4009687006473541,negative
0.3925805687904358,negative
0.3629094362258911,negative
0.363566130399704,negative
0.368510365486145,negative
0.4478012025356293,negative
0.3731396496295929,negative
0.36458998918533325,negative
0.4147495627403259,negative
0.3800538182258606,negative
0.36295488476753235,negative
0.3830396234989166,negative
0.38907578587532043,negative
0.4984714090824127,negative
0.41934844851493835,negative
0.4084232449531555,negative
0.354155570268631,negative
0.43868666887283325,negative
0.43330201506614685,negative
0.37435460090637207,negative
0.42946523427963257,negative
0.3953360617160797,negative
0.40199559926986694,negative
0.38229796290397644,negative
0.353966623544693,negative
0.4261176884174347,negative
0.3473955988883972,negative
0.409542977809906,negative
0.40718546509742737,negative
0.3861352503299713,negative
0.40810519456863403,negative
0.4341909885406494,negative
0.37390512228012085,negative
0.41290953755378723,negative
0.38875606656074524,negative
0.4107322692871094,negative
0.4044410288333893,negative
0.4329748749732971,negative
0.3346827030181885,negative
0.4014945328235626,negative
0.35486432909965515,negative
0.36224398016929626,negative
0.4060613512992859,negative
0.4392920434474945,negative
0.43239283561706543,negative
0.34800586104393005,negative
2.067124605178833,negative
0.37785258889198303,negative
0.39512643218040466,negative
0.4152512848377228,negative
0.41671133041381836,negative
0.3932584226131439,negative
0.3631059527397156,negative
0.40446919202804565,negative
0.40040266513824463,negative
0.4153378903865814,negative
0.3294212818145752,negative
0.408268004655838,negative
0.3971084654331207,negative
0.38925081491470337,negative
0.41110190749168396,negative
0.38013356924057007,negative
0.4018571972846985,negative
0.37836435437202454,negative
0.3649100363254547,negative
0.38889092206954956,negative
0.44427284598350525,negative
0.39499005675315857,negative
0.35751840472221375,negative
0.3766758143901825,negative
0.4117928147315979,negative
0.4166567027568817,negative
0.402642160654068,negative
0.39534011483192444,negative
0.41309216618537903,negative
0.402707576751709,negative
0.42719975113868713,negative
0.38307756185531616,negative
0.38378721475601196,negative
0.34967508912086487,negative
0.43667072057724,negative
0.37738654017448425,negative
0.37661102414131165,negative
0.37037381529808044,negative
0.4024580717086792,negative
0.394245445728302,negative
0.3846297562122345,negative
0.3290505111217499,negative
0.3848024010658264,negative
0.34822675585746765,negative
0.4380808174610138,negative
0.3994230031967163,negative
0.3670238256454468,negative
0.36870479583740234,negative
0.31872084736824036,negative
0.3797697424888611,negative
0.3734879791736603,negative
0.43690595030784607,negative
0.4029061794281006,negative
0.4067569673061371,negative
0.3954603970050812,negative
0.4103468060493469,negative
0.43105801939964294,negative
0.37508153915405273,negative
0.37466904520988464,negative
0.3201531767845154,negative
0.37582820653915405,negative
0.41824910044670105,negative
0.38622522354125977,negative
0.3307199478149414,negative
0.3916833698749542,negative
0.3870926797389984,negative
0.38818123936653137,negative
0.4018007814884186,negative
0.4089633524417877,negative
1.3985743522644043,negative
0.38205957412719727,negative
0.4590551257133484,negative
0.39400696754455566,negative
0.3780663311481476,negative
0.4154638648033142,negative
0.4743007719516754,negative
0.3594990074634552,negative
0.4294481873512268,negative
0.4204913079738617,negative
0.3897991180419922,negative
0.3821917176246643,negative
0.4016419053077698,negative
0.3809123933315277,negative
0.3598756194114685,negative
0.4014334976673126,negative
0.3671148419380188,negative
0.38837361335754395,negative
0.3485526442527771,negative
0.42231425642967224,negative
0.25901079177856445,negative
0.38616621494293213,negative
0.41387253999710083,negative
0.346998929977417,negative
0.4124007225036621,negative
0.37693485617637634,negative
0.4039771556854248,negative
0.36239898204803467,negative
0.429658442735672,negative
0.3594380021095276,negative
0.3474290370941162,negative
0.3919936418533325,negative
0.34105151891708374,negative
0.41771775484085083,negative
0.4291713833808899,negative
2.0930697917938232,negative
0.4077602028846741,negative
0.38274458050727844,negative
0.365116149187088,negative
0.4189251661300659,negative
0.3819941580295563,negative
0.36326417326927185,negative
0.3892975449562073,negative
0.3823416531085968,negative
0.37676501274108887,negative
0.38479670882225037,negative
0.42170536518096924,negative
2.087167978286743,negative
0.38714155554771423,negative
0.39736634492874146,negative
0.3827853500843048,negative
0.401175320148468,negative
0.39341050386428833,negative
0.3780953288078308,negative
0.4198857247829437,negative
0.41105321049690247,negative
0.3799874782562256,negative
0.40577369928359985,negative
0.4283106029033661,negative
0.4195065498352051,negative
0.311784029006958,negative
0.40868324041366577,negative
0.4344530999660492,negative
0.3631364703178406,negative
0.3938935399055481,negative
0.40396204590797424,negative
0.40135622024536133,negative
0.40650901198387146,negative
0.42487800121307373,negative
0.4140389859676361,negative
0.38468873500823975,negative
0.37856724858283997,negative
0.3707925081253052,negative
0.39675405621528625,negative
0.3028314411640167,negative
0.38760656118392944,negative
0.39462077617645264,negative
0.7850943803787231,negative
0.36878666281700134,negative
0.36676082015037537,negative
0.34091585874557495,negative
0.3696059286594391,negative
0.4110264480113983,negative
0.38974007964134216,negative
0.39409834146499634,negative
0.3845154345035553,negative
0.43076378107070923,negative
0.38052162528038025,negative
0.31717586517333984,negative
0.4318998157978058,negative
0.34656164050102234,negative
0.40384218096733093,negative
0.4156848192214966,negative
0.34949013590812683,negative
0.40534284710884094,negative
0.39512550830841064,negative
0.4068497121334076,negative
0.35989701747894287,negative
0.403998464345932,negative
0.3447427451610565,negative
0.42232295870780945,negative
0.37952783703804016,negative
0.3816007077693939,negative
0.4205057621002197,negative
0.409162700176239,negative
0.3722965121269226,negative
0.41939854621887207,negative
0.3873746991157532,negative
0.4187874495983124,negative
0.42534559965133667,negative
0.41620346903800964,negative
0.41351303458213806,negative
0.40029728412628174,negative
0.39184293150901794,negative
0.38512927293777466,negative
0.3730514645576477,negative
0.3595294952392578,negative
0.4139570891857147,negative
2.1037938594818115,negative
0.3875086307525635,negative
0.3789064586162567,negative
0.43823006749153137,negative
0.39340099692344666,negative
0.4177769422531128,negative
0.35824358463287354,negative
0.40430110692977905,negative
0.3930668532848358,negative
0.4043702483177185,negative
0.38018256425857544,negative
0.4341093599796295,negative
0.41491055488586426,negative
0.3876402676105499,negative
0.40214571356773376,negative
0.3803362250328064,negative
0.435870498418808,negative
0.41396471858024597,negative
1.6405352354049683,negative
0.4293917715549469,negative
0.3484974503517151,negative
0.40648677945137024,negative
0.3703744411468506,negative
0.42786911129951477,negative
0.4090579152107239,negative
0.41151925921440125,negative
0.4367676079273224,negative
0.4063839316368103,negative
0.3538419008255005,negative
0.3623543977737427,negative
0.403422087430954,negative
0.3763468563556671,negative
0.36110401153564453,negative
0.41248875856399536,negative
0.4010385274887085,negative
0.40775513648986816,negative
0.4477609694004059,negative
0.3702124357223511,negative
0.4017252027988434,negative
0.36017513275146484,negative
0.39961138367652893,negative
0.413723886013031,negative
0.38419458270072937,negative
0.36533069610595703,negative
0.3833031952381134,negative
0.31965237855911255,negative
0.40462493896484375,negative
0.37014466524124146,negative
0.3544903099536896,negative
0.44324547052383423,negative
0.36044350266456604,negative
0.37287259101867676,negative
0.3756187856197357,negative
0.3795578181743622,negative
2.1610629558563232,negative
0.4038134515285492,negative
0.3742465674877167,negative
0.363616019487381,negative
0.4279079735279083,negative
0.3833918571472168,negative
0.39636918902397156,negative
0.38571634888648987,negative
0.3875642716884613,negative
0.3907688856124878,negative
0.3698594570159912,negative
0.39798176288604736,negative
0.40718331933021545,negative
0.39266863465309143,negative
0.43291565775871277,negative
0.39655739068984985,negative
0.3852028548717499,negative
0.43087148666381836,negative
0.38326308131217957,negative
0.4006040096282959,negative
0.38987651467323303,negative
0.3680093288421631,negative
0.40307965874671936,negative
0.38428595662117004,negative
0.39195117354393005,negative
0.4320853650569916,negative
0.4193792939186096,negative
0.39577266573905945,negative
0.3612261414527893,negative
0.4196818470954895,negative
0.4095032811164856,negative
0.4263983368873596,negative
1.9868627786636353,negative
0.37483733892440796,negative
0.40655335783958435,negative
0.36379140615463257,negative
0.3849298059940338,negative
0.3888952434062958,negative
0.3910934329032898,negative
0.3840577006340027,negative
0.40780729055404663,negative
0.38578489422798157,negative
0.4212949872016907,negative
1.9788260459899902,negative
0.3841218054294586,negative
0.39877787232398987,negative
0.38429850339889526,negative
0.4201795160770416,negative
0.4076608121395111,negative
0.37537455558776855,negative
0.3495056927204132,negative
0.43278953433036804,negative
0.37738898396492004,negative
0.39154312014579773,negative
0.393464595079422,negative
0.365682452917099,negative
0.36287954449653625,negative
0.364850252866745,negative
0.37480592727661133,negative
0.4094337224960327,negative
0.3894120156764984,negative
0.40892258286476135,negative
0.4230256974697113,negative
0.430561900138855,negative
0.38167133927345276,negative
0.40899011492729187,negative
0.38785773515701294,negative
0.42837634682655334,negative
2.0119423866271973,negative
0.4581892788410187,negative
0.4028352200984955,negative
0.4263518750667572,negative
0.38705015182495117,negative
0.41352537274360657,negative
0.401520699262619,negative
0.3269568979740143,negative
0.37283092737197876,negative
0.37017330527305603,negative
0.42059457302093506,negative
0.3658730685710907,negative
0.3494783639907837,negative
0.36493322253227234,negative
0.33448848128318787,negative
0.37894558906555176,negative
0.4256684184074402,negative
0.4007768929004669,negative
0.3828708529472351,negative
0.3948260545730591,negative
0.37087029218673706,negative
0.4648233950138092,negative
0.39976730942726135,negative
0.3555227518081665,negative
1.2505009174346924,negative
1.8370723724365234,negative
0.4045092761516571,negative
0.4182436466217041,negative
0.4132581949234009,negative
0.43234553933143616,negative
0.3999473750591278,negative
0.4131574034690857,negative
0.426901638507843,negative
0.4049200713634491,negative
0.37610292434692383,negative
0.4058239459991455,negative
0.40170612931251526,negative
0.3866342306137085,negative
0.43294110894203186,negative
0.3839524984359741,negative
0.4521794319152832,negative
0.39725157618522644,negative
0.36120668053627014,negative
0.4146350622177124,negative
0.419429212808609,negative
0.3609965741634369,negative
0.42032989859580994,negative
0.411546915769577,negative
0.3981516659259796,negative
0.3803999423980713,negative
0.3900074362754822,negative
0.42142724990844727,negative
0.34276923537254333,negative
0.328144371509552,negative
0.4030715525150299,negative
0.3892378509044647,negative
0.39297401905059814,negative
0.41734710335731506,negative
0.39992353320121765,negative
0.4234969913959503,negative
0.4008716940879822,negative
0.40653344988822937,negative
0.37622445821762085,negative
0.4138784110546112,negative
0.4119756519794464,negative
0.4018166959285736,negative
0.36783072352409363,negative
0.34075799584388733,negative
1.954609990119934,negative
0.40358978509902954,negative
0.3486170768737793,negative
0.3206271529197693,negative
0.365593284368515,negative
0.44506317377090454,negative
0.45732006430625916,negative
0.3851622939109802,negative
0.38153907656669617,negative
0.37842559814453125,negative
0.4036561846733093,negative
0.3124831020832062,negative
0.3201785683631897,negative
0.3646196722984314,negative
0.39015233516693115,negative
0.3616807460784912,negative
0.3946394622325897,negative
0.4187159538269043,negative
0.3961893916130066,negative
0.3741448223590851,negative
0.36074134707450867,negative
0.39389142394065857,negative
0.42420151829719543,negative
0.3965459167957306,negative
0.3553464412689209,negative
0.3951255977153778,negative
0.38711950182914734,negative
0.43710649013519287,negative
0.37101680040359497,negative
0.3654608130455017,negative
0.4196520745754242,negative
0.41128072142601013,negative
0.42785871028900146,negative
0.3122856318950653,negative
0.4098562002182007,negative
0.38891705870628357,negative
0.406674861907959,negative
0.42450669407844543,negative
0.4265163242816925,negative
0.36901330947875977,negative
0.37990379333496094,negative
0.3971478343009949,negative
0.4078277349472046,negative
0.4152166247367859,negative
0.39457786083221436,negative
0.3919129967689514,negative
0.3514677882194519,negative
0.3964250087738037,negative
0.3945796489715576,negative
0.36796462535858154,negative
0.3871888518333435,negative
0.4063074290752411,negative
0.38633430004119873,negative
0.3764086067676544,negative
0.3376844525337219,negative
0.3520967364311218,negative
0.3581477105617523,negative
0.2704167664051056,negative
0.35457974672317505,negative
0.3786304295063019,negative
0.37970244884490967,negative
0.39504674077033997,negative
0.4061099588871002,negative
0.3951103389263153,negative
0.4252859055995941,negative
0.44079869985580444,negative
0.43298253417015076,negative
0.39615893363952637,negative
0.3671979308128357,negative
0.2766920328140259,negative
0.40702804923057556,negative
0.3865729570388794,negative
0.35157692432403564,negative
0.4435216188430786,negative
0.36035606265068054,negative
0.4140191376209259,negative
0.41209834814071655,negative
0.4100654423236847,negative
0.39612263441085815,negative
0.29311931133270264,negative
0.40662410855293274,negative
0.4336477816104889,negative
0.4128383994102478,negative
0.3935127258300781,negative
0.4167538285255432,negative
0.268994003534317,negative
1.9380834102630615,negative
0.3971162736415863,negative
0.3510894775390625,negative
0.4205143451690674,negative
0.2808324098587036,negative
1.9740134477615356,negative
0.4290342926979065,negative
0.4399484395980835,negative
0.39772865176200867,negative
0.42327460646629333,negative
0.38156306743621826,negative
0.37377408146858215,negative
0.38997095823287964,negative
0.38535287976264954,negative
0.3219924569129944,negative
0.3874329626560211,negative
0.35993582010269165,negative
0.3982345759868622,negative
0.41626885533332825,negative
1.9784519672393799,negative
0.3833789825439453,negative
0.41655266284942627,negative
0.4851651191711426,negative
0.4292747974395752,negative
0.37745895981788635,negative
0.3861711323261261,negative
0.3767559230327606,negative
0.3606085777282715,negative
0.3857620358467102,negative
0.3916279971599579,negative
0.36625024676322937,negative
0.3215242624282837,negative
0.36457085609436035,negative
0.43043193221092224,negative
0.39336398243904114,negative
0.412529855966568,negative
0.3669487535953522,negative
0.41080212593078613,negative
0.36741718649864197,negative
0.3779531717300415,negative
0.38428980112075806,negative
0.41960078477859497,negative
0.32974445819854736,negative
0.42433983087539673,negative
0.37444931268692017,negative
0.3623299300670624,negative
0.411870539188385,negative
0.3733711838722229,negative
0.5022068619728088,negative
0.3778400123119354,negative
1.4189651012420654,negative
0.4043274223804474,negative
0.3332124650478363,negative
0.3822311758995056,negative
0.383928120136261,negative
0.35579583048820496,negative
0.40297380089759827,negative
0.3694831132888794,negative
0.4110797941684723,negative
0.42405614256858826,negative
0.38159969449043274,negative
0.4078994393348694,negative
0.4307399392127991,negative
0.37236109375953674,negative
0.4478999674320221,negative
0.40583688020706177,negative
0.4146679639816284,negative
0.3792164921760559,negative
0.38212838768959045,negative
0.3658331632614136,negative
0.4386197030544281,negative
0.3899790942668915,negative
0.40742000937461853,negative
2.2693278789520264,negative
0.4335743188858032,negative
0.4012892544269562,negative
0.4145814776420593,negative
0.383073091506958,negative
0.3385901153087616,negative
0.37547767162323,negative
0.3515695333480835,negative
0.396051824092865,negative
0.40931615233421326,negative
0.40003684163093567,negative
0.41191956400871277,negative
0.3834262490272522,negative
0.37419337034225464,negative
0.41033685207366943,negative
0.38605979084968567,negative
0.40709546208381653,negative
0.41052010655403137,negative
0.3838139772415161,negative
0.3610570728778839,negative
0.4011348485946655,negative
0.3445909321308136,negative
0.38321810960769653,negative
0.4146973490715027,negative
0.4140184819698334,negative
0.3998602628707886,negative
0.39704862236976624,negative
0.3737218976020813,negative
0.36296898126602173,negative
0.3546823561191559,negative
0.42069339752197266,negative
0.3928225636482239,negative
0.42301416397094727,negative
0.41778135299682617,negative
0.41020965576171875,negative
0.41815611720085144,negative
0.5026588439941406,negative
0.4239514172077179,negative
0.3906348943710327,negative
0.39001503586769104,negative
0.4324834942817688,negative
0.3766215443611145,negative
0.3783842921257019,negative
0.3871193826198578,negative
0.36307492852211,negative
0.3373528718948364,negative
0.39320889115333557,negative
1.9224215745925903,negative
1.9371709823608398,negative
0.28513145446777344,negative
0.41093018651008606,negative
0.40317806601524353,negative
0.3442181944847107,negative
0.3804910182952881,negative
0.3169682025909424,negative
0.35191577672958374,negative
0.3928731381893158,negative
0.39487898349761963,negative
0.40305477380752563,negative
0.4142804443836212,negative
0.40966174006462097,negative
0.40129637718200684,negative
0.398641437292099,negative
0.4335789978504181,negative
0.38593342900276184,negative
0.4078148305416107,negative
1.8982782363891602,negative
0.3639250099658966,negative
0.43157297372817993,negative
0.3546854257583618,negative
0.3952467739582062,negative
0.4001806080341339,negative
0.4084479510784149,negative
0.3910495638847351,negative
0.3950635492801666,negative
0.38955405354499817,negative
0.38295337557792664,negative
0.4098508059978485,negative
0.2705265283584595,negative
0.3570516109466553,negative
0.4043762981891632,negative
0.38334921002388,negative
0.392821341753006,negative
0.3814634382724762,negative
0.3815082311630249,negative
0.4054015278816223,negative
0.38450703024864197,negative
0.39960977435112,negative
0.40819475054740906,negative
0.320042222738266,negative
0.38636234402656555,negative
0.4248075485229492,negative
0.42405611276626587,negative
0.39522358775138855,negative
0.4208375811576843,negative
0.3905004858970642,negative
0.679574191570282,negative
0.4285292625427246,negative
0.3920515179634094,negative
0.38979029655456543,negative
0.35345593094825745,negative
0.40026745200157166,negative
0.3717013895511627,negative
0.35269322991371155,negative
0.3902161717414856,negative
0.34212881326675415,negative
0.405688613653183,negative
0.38298460841178894,negative
0.41418930888175964,negative
0.3664674758911133,negative
0.43476948142051697,negative
0.3796483278274536,negative
0.36735886335372925,negative
0.4279416501522064,negative
0.46096035838127136,negative
0.37394437193870544,negative
0.36988574266433716,negative
0.41377919912338257,negative
0.40613865852355957,negative
0.386051744222641,negative
0.4255349636077881,negative
0.3553955554962158,negative
0.3719552457332611,negative
0.3719910681247711,negative
0.3873467743396759,negative
0.40171244740486145,negative
0.41597846150398254,negative
0.34146028757095337,negative
0.3996531069278717,negative
0.3934754729270935,negative
0.4132639765739441,negative
0.3901134133338928,negative
0.35402533411979675,negative
0.40814512968063354,negative
0.4060617983341217,negative
0.37648117542266846,negative
0.3924662172794342,negative
0.40102145075798035,negative
0.39476436376571655,negative
0.3667023777961731,negative
0.40037277340888977,negative
0.40092405676841736,negative
0.3433897793292999,negative
1.549113392829895,negative
0.39061251282691956,negative
0.4052525758743286,negative
0.40234681963920593,negative
0.39886048436164856,negative
0.4147011935710907,negative
0.3697432577610016,negative
0.4027446210384369,negative
0.36847081780433655,negative
0.41425037384033203,negative
0.42075061798095703,negative
0.3429504930973053,negative
0.4217313230037689,negative
0.4328663647174835,negative
0.36063817143440247,negative
0.4050971567630768,negative
2.3523824214935303,negative
0.3858098089694977,negative
0.3722706735134125,negative
0.4043963849544525,negative
0.42038941383361816,negative
0.40227028727531433,negative
0.3561648428440094,negative
0.3604944348335266,negative
0.33285871148109436,negative
0.37896811962127686,negative
0.38068056106567383,negative
0.4013075530529022,negative
0.3655889630317688,negative
0.4193669855594635,negative
0.38829654455184937,negative
0.39844757318496704,negative
0.39858606457710266,negative
0.42172083258628845,negative
0.37059611082077026,negative
0.39736855030059814,negative
0.42836812138557434,negative
0.427151083946228,negative
0.43284857273101807,negative
0.382573664188385,negative
0.41829270124435425,negative
0.4202226996421814,negative
0.351663202047348,negative
0.3618718087673187,negative
0.3976455330848694,negative
0.3995005786418915,negative
0.4130278527736664,negative
0.3837771415710449,negative
0.4222627282142639,negative
0.4091026782989502,negative
0.4163605570793152,negative
0.3574705123901367,negative
0.37580859661102295,negative
0.3519958257675171,negative
0.40635302662849426,negative
0.3792220950126648,negative
0.4201415479183197,negative
0.34691405296325684,negative
0.38148969411849976,negative
0.40580564737319946,negative
0.45560142397880554,negative
0.3286367356777191,negative
0.3722403943538666,negative
0.3944520056247711,negative
0.4394069314002991,negative
0.3112943768501282,negative
0.30054154992103577,negative
0.41507488489151,negative
0.3884376287460327,negative
1.698646903038025,negative
0.41480404138565063,negative
0.4033675193786621,negative
0.31493836641311646,negative
0.3693636655807495,negative
0.38981539011001587,negative
0.38079580664634705,negative
0.42340898513793945,negative
0.42596927285194397,negative
1.6770621538162231,negative
0.38294148445129395,negative
0.3820958733558655,negative
0.3983956277370453,negative
0.39608001708984375,negative
0.3999217450618744,negative
0.3945614993572235,negative
0.4257972538471222,negative
0.3908178508281708,negative
0.3871692419052124,negative
0.36218735575675964,negative
0.2838762402534485,negative
0.43000519275665283,negative
0.3536226451396942,negative
0.3832462728023529,negative
0.4596278667449951,negative
0.39799243211746216,negative
0.348209023475647,negative
0.3743198812007904,negative
0.3744271993637085,negative
0.3954939842224121,negative
0.4252309799194336,negative
0.42406800389289856,negative
0.36924323439598083,negative
0.3928956389427185,negative
0.4017044007778168,negative
0.4027198553085327,negative
0.40139108896255493,negative
0.40993815660476685,negative
0.3602413535118103,negative
0.392362117767334,negative
0.38417699933052063,negative
0.41079482436180115,negative
0.38716626167297363,negative
0.40353307127952576,negative
0.34008532762527466,negative
0.4191378653049469,negative
0.40498456358909607,negative
0.4266815185546875,negative
0.38137826323509216,negative
0.4046474099159241,negative
0.38979387283325195,negative
0.3828900456428528,negative
0.3740655481815338,negative
0.3731327950954437,negative
0.3674237132072449,negative
0.36469748616218567,negative
1.968113660812378,negative
0.41766074299812317,negative
0.41747763752937317,negative
1.6836450099945068,negative
0.36627641320228577,negative
0.37144580483436584,negative
0.37557050585746765,negative
0.39075398445129395,negative
0.40041035413742065,negative
0.39842045307159424,negative
0.39924341440200806,negative
0.3462376296520233,negative
0.4006681740283966,negative
0.3721329867839813,negative
0.37164101004600525,negative
0.4176122844219208,negative
0.3730548918247223,negative
0.38373902440071106,negative
0.3923354744911194,negative
0.43218177556991577,negative
0.4386172294616699,negative
0.3749796152114868,negative
0.3720598518848419,negative
0.39179250597953796,negative
0.32074373960494995,negative
0.385249525308609,negative
0.329064279794693,negative
0.39816713333129883,negative
0.38057056069374084,negative
2.2089319229125977,negative
0.3761428892612457,negative
0.3593391180038452,negative
0.4117352366447449,negative
0.39617738127708435,negative
1.9541523456573486,negative
0.35151752829551697,negative
0.3964504301548004,negative
0.4022107422351837,negative
0.3346547782421112,negative
0.3812929689884186,negative
0.3999347984790802,negative
0.40909117460250854,negative
0.4379623830318451,negative
0.41631847620010376,negative
0.3839057683944702,negative
0.3850984275341034,negative
0.40056249499320984,negative
0.42315927147865295,negative
0.39574217796325684,negative
0.3737878203392029,negative
0.391205370426178,negative
0.3692670464515686,negative
0.40678831934928894,negative
0.3992420732975006,negative
0.3650994598865509,negative
0.4083433449268341,negative
0.42505383491516113,negative
0.4003988206386566,negative
0.37458255887031555,negative
0.3972727358341217,negative
0.34830302000045776,negative
0.35475197434425354,negative
0.39755022525787354,negative
0.36137208342552185,negative
0.39976587891578674,negative
1.7924004793167114,negative
0.3884828984737396,negative
0.406495600938797,negative
0.3572061359882355,negative
0.3978900611400604,negative
0.42348355054855347,negative
0.4392079710960388,negative
0.39112403988838196,negative
0.3421211838722229,negative
0.40058204531669617,negative
0.3420545160770416,negative
0.417808473110199,negative
0.4136795103549957,negative
0.384682297706604,negative
0.3715236186981201,negative
0.4033103883266449,negative
0.4286227226257324,negative
0.43310391902923584,negative
0.4140794277191162,negative
0.39266058802604675,negative
0.3917345702648163,negative
0.3648884892463684,negative
0.37591344118118286,negative
0.4036928117275238,negative
0.40209925174713135,negative
0.3889443278312683,negative
0.42357125878334045,negative
0.40217259526252747,negative
0.4496918320655823,negative
0.3847358524799347,negative
0.3441818952560425,negative
0.37975606322288513,negative
0.39794546365737915,negative
0.38984641432762146,negative
0.4112546741962433,negative
0.41001906991004944,negative
0.40507346391677856,negative
0.4113689064979553,negative
0.37824997305870056,negative
0.36620789766311646,negative
0.4409739673137665,negative
0.4227181375026703,negative
0.3880641460418701,negative
0.4252547323703766,negative
0.36058494448661804,negative
0.40403875708580017,negative
0.3939370810985565,negative
0.27301451563835144,negative
0.40905770659446716,negative
1.9016938209533691,negative
0.3629867732524872,negative
0.4392240345478058,negative
0.39940208196640015,negative
0.3864145278930664,negative
0.4116927981376648,negative
0.4027295410633087,negative
0.3719223439693451,negative
0.4129856526851654,negative
0.369915634393692,negative
0.42482665181159973,negative
0.4316236972808838,negative
0.3930565416812897,negative
0.37685367465019226,negative
0.4567719101905823,negative
0.3757290840148926,negative
0.4025403559207916,negative
0.38593828678131104,negative
0.4245153069496155,negative
0.38936495780944824,negative
0.38158634305000305,negative
0.40206167101860046,negative
1.8576905727386475,negative
0.30402758717536926,negative
0.37914955615997314,negative
0.405909925699234,negative
0.4209747910499573,negative
0.3736875653266907,negative
0.38604190945625305,negative
0.42364832758903503,negative
0.4301609396934509,negative
0.41578036546707153,negative
0.40497520565986633,negative
0.3642393946647644,negative
0.4332576394081116,negative
0.38574811816215515,negative
0.4018126428127289,negative
0.3818848133087158,negative
0.40929773449897766,negative
0.3965078592300415,negative
0.40010586380958557,negative
0.40549296140670776,negative
0.400780588388443,negative
0.3939828872680664,negative
0.3727068305015564,negative
0.38380733132362366,negative
0.38344237208366394,negative
0.40267112851142883,negative
0.4175890386104584,negative
0.41994744539260864,negative
0.42674654722213745,negative
0.3871525228023529,negative
0.4036693274974823,negative
0.3994400203227997,negative
0.4269440770149231,negative
1.9503724575042725,negative
0.407516747713089,negative
0.4409087002277374,negative
0.32546529173851013,negative
0.41722962260246277,negative
0.3948425054550171,negative
0.38577866554260254,negative
0.4024515450000763,negative
0.41227883100509644,negative
0.41669899225234985,negative
0.411173015832901,negative
0.3857615888118744,negative
0.39415112137794495,negative
0.4244076907634735,negative
0.30681824684143066,negative
0.3960117995738983,negative
0.4014972150325775,negative
0.39937734603881836,negative
0.3927612006664276,negative
0.35373952984809875,negative
0.42313364148139954,negative
0.4174954295158386,negative
0.4161134958267212,negative
0.3611450493335724,negative
0.3534458875656128,negative
0.39430809020996094,negative
0.3711996376514435,negative
0.2951318025588989,negative
0.3692883551120758,negative
0.42692282795906067,negative
0.4829825758934021,negative
0.37903571128845215,negative
0.9983189702033997,negative
0.3954160213470459,negative
0.3848746716976166,negative
1.8070855140686035,negative
0.4176112115383148,negative
2.048982858657837,negative
0.3901292383670807,negative
0.38079947233200073,negative
0.35903626680374146,negative
0.42421847581863403,negative
0.37392961978912354,negative
0.4134350121021271,negative
0.3984033465385437,negative
0.36006131768226624,negative
0.38207244873046875,negative
0.34858012199401855,negative
0.4291893541812897,negative
0.36748772859573364,negative
0.35690414905548096,negative
0.34342750906944275,negative
0.42876318097114563,negative
0.40752938389778137,negative
0.38331785798072815,negative
0.4290119409561157,negative
0.3981275260448456,negative
0.3818589150905609,negative
0.3977765142917633,negative
0.40723565220832825,negative
0.3712020814418793,negative
0.3826892077922821,negative
0.43445077538490295,negative
0.37711530923843384,negative
0.36041855812072754,negative
0.4036014974117279,negative
0.4284646511077881,negative
0.40277203917503357,negative
0.4054141938686371,negative
0.3770064413547516,negative
0.42346760630607605,negative
0.4125875234603882,negative
0.4136608839035034,negative
0.37410131096839905,negative
0.3891468048095703,negative
0.4099484980106354,negative
0.3009735941886902,negative
0.40915027260780334,negative
0.32956475019454956,negative
0.41544097661972046,negative
0.42367082834243774,negative
0.390076607465744,negative
0.39080989360809326,negative
0.4026173949241638,negative
0.4033699333667755,negative
0.36485084891319275,negative
0.36353635787963867,negative
0.33556246757507324,negative
0.39128807187080383,negative
0.41755396127700806,negative
0.4028058648109436,negative
0.3979201018810272,negative
0.4125134348869324,negative
0.40259069204330444,negative
0.43765363097190857,negative
0.35316959023475647,negative
0.39106878638267517,negative
0.5109360218048096,negative
0.433313250541687,negative
0.3820125162601471,negative
0.39485517144203186,negative
0.4126073718070984,negative
0.3704574406147003,negative
0.3890840411186218,negative
0.38172581791877747,negative
0.40530791878700256,negative
0.381646066904068,negative
0.39908021688461304,negative
0.42266348004341125,negative
0.3970903158187866,negative
0.3586164116859436,negative
0.38275763392448425,negative
0.38920480012893677,negative
0.39227232336997986,negative
0.4066431522369385,negative
0.37839651107788086,negative
0.38971272110939026,negative
0.37557557225227356,negative
0.3778599202632904,negative
0.3855630159378052,negative
0.37993526458740234,negative
0.40762344002723694,negative
0.39297378063201904,negative
0.371390163898468,negative
0.35990941524505615,negative
0.34703174233436584,negative
0.37974977493286133,negative
0.4351865351200104,negative
0.38711652159690857,negative
0.42275798320770264,negative
0.36423179507255554,negative
0.4184631109237671,negative
0.4259616732597351,negative
0.38344573974609375,negative
0.3719993531703949,negative
0.38474324345588684,negative
0.44779935479164124,negative
0.3871689736843109,negative
0.3943377137184143,negative
0.39602571725845337,negative
0.3566419780254364,negative
0.39153575897216797,negative
0.3816905915737152,negative
0.3907570540904999,negative
0.40864628553390503,negative
0.4110691249370575,negative
0.41332757472991943,negative
0.42894500494003296,negative
0.37566250562667847,negative
0.3706980049610138,negative
0.3812269866466522,negative
0.418252170085907,negative
0.39401113986968994,negative
0.427205890417099,negative
0.4383441209793091,negative
0.407260537147522,negative
0.370895117521286,negative
0.40284448862075806,negative
0.3871753513813019,negative
0.3791266679763794,negative
0.3733828663825989,negative
0.36067089438438416,negative
0.38303884863853455,negative
0.40346667170524597,negative
0.34831687808036804,negative
0.38395029306411743,negative
0.37782442569732666,negative
0.4202704429626465,negative
0.3815975785255432,negative
0.3937525153160095,negative
0.3832491636276245,negative
0.3819028437137604,negative
0.4053399860858917,negative
0.3572255074977875,negative
0.3243533968925476,negative
0.40095484256744385,negative
0.41668209433555603,negative
0.3893817663192749,negative
0.3951648771762848,negative
0.3807820677757263,negative
0.4286637306213379,negative
0.39096930623054504,negative
0.31097009778022766,negative
0.4029121696949005,negative
0.3915708661079407,negative
0.3651852011680603,negative
0.3595114052295685,negative
0.3873436152935028,negative
0.416357159614563,negative
0.41575950384140015,negative
0.3796390891075134,negative
0.3903611898422241,negative
0.4289305806159973,negative
0.38027283549308777,negative
0.3879893720149994,negative
0.4017774760723114,negative
0.3624134957790375,negative
0.4046318829059601,negative
0.413255900144577,negative
0.3799126148223877,negative
0.41023069620132446,negative
0.3951249122619629,negative
0.40628838539123535,negative
0.385915607213974,negative
0.4040512144565582,negative
0.422543466091156,negative
0.43290454149246216,negative
0.4100155234336853,negative
0.39623501896858215,negative
0.3997001349925995,negative
0.38021185994148254,negative
0.3669467270374298,negative
0.3575052320957184,negative
0.38382402062416077,negative
0.3779156804084778,negative
0.4193950593471527,negative
0.31365668773651123,negative
0.44720664620399475,negative
0.4236907660961151,negative
1.1222648620605469,negative
0.378129243850708,negative
0.40547803044319153,negative
0.41084468364715576,negative
0.3844042420387268,negative
0.42273473739624023,negative
0.40588051080703735,negative
0.38387227058410645,negative
0.3717079162597656,negative
0.36059388518333435,negative
0.41677483916282654,negative
0.40635091066360474,negative
0.37857183814048767,negative
0.3935711085796356,negative
0.3230343461036682,negative
0.4251905381679535,negative
0.36306074261665344,negative
0.4286960959434509,negative
0.40176841616630554,negative
0.37516698241233826,negative
0.31093308329582214,negative
0.39006727933883667,negative
0.3671986758708954,negative
0.32446128129959106,negative
0.3989778161048889,negative
0.3351774513721466,negative
0.39181163907051086,negative
0.38290128111839294,negative
0.35614484548568726,negative
0.3944394290447235,negative
0.42238399386405945,negative
0.3983272314071655,negative
0.391527384519577,negative
0.4214062988758087,negative
0.39661166071891785,negative
0.40306591987609863,negative
0.4318510591983795,negative
0.40501150488853455,negative
0.3356848955154419,negative
0.3826030492782593,negative
0.47567492723464966,negative
0.41516345739364624,negative
0.3840746581554413,negative
0.40780144929885864,negative
0.3595513105392456,negative
0.40618154406547546,negative
0.43646538257598877,negative
0.40345367789268494,negative
0.3697625398635864,negative
0.39780503511428833,negative
0.392046183347702,negative
0.4022635817527771,negative
0.41028252243995667,negative
0.40950310230255127,negative
0.3991564214229584,negative
0.3974771797657013,negative
0.40254610776901245,negative
0.42365309596061707,negative
0.38326308131217957,negative
0.385603129863739,negative
0.422521710395813,negative
0.38329264521598816,negative
0.40460968017578125,negative
0.3602966070175171,negative
0.3974849581718445,negative
1.7886258363723755,negative
0.32268422842025757,negative
0.3922940790653229,negative
0.35941147804260254,negative
0.49995729327201843,negative
0.441010445356369,negative
0.4088037610054016,negative
0.3504188656806946,negative
0.4289444088935852,negative
0.3921186625957489,negative
0.4343356788158417,negative
0.3429201543331146,negative
0.9024432897567749,negative
0.4229022264480591,negative
0.42917075753211975,negative
0.3512789309024811,negative
0.39622053503990173,negative
0.3943098485469818,negative
0.38599467277526855,negative
0.3307836055755615,negative
0.4003767669200897,negative
0.3837449252605438,negative
0.39492905139923096,negative
0.433106392621994,negative
0.3842891752719879,negative
0.3361119031906128,negative
0.38435864448547363,negative
0.40873655676841736,negative
0.40280014276504517,negative
0.3917139172554016,negative
0.384277880191803,negative
0.4230903089046478,negative
0.3658963739871979,negative
0.40030571818351746,negative
0.42794519662857056,negative
0.385209858417511,negative
0.38109564781188965,negative
0.4266832172870636,negative
0.34569939970970154,negative
0.40329524874687195,negative
0.38416844606399536,negative
0.4086722135543823,negative
0.3773575723171234,negative
0.4256035089492798,negative
0.4010176658630371,negative
0.3809131681919098,negative
0.3955408036708832,negative
1.7300825119018555,negative
0.3984471559524536,negative
0.3935418426990509,negative
0.4072287678718567,negative
0.3608320653438568,negative
0.39192408323287964,negative
0.4056980609893799,negative
0.40896356105804443,negative
0.4050242006778717,negative
0.39265328645706177,negative
0.4162326753139496,negative
0.4043352007865906,negative
0.3181565999984741,negative
0.38579538464546204,negative
0.31463325023651123,negative
0.4188287854194641,negative
0.36768198013305664,negative
0.40800929069519043,negative
0.38701751828193665,negative
0.3591216802597046,negative
0.42646273970603943,negative
0.3714239299297333,negative
2.3572702407836914,negative
0.4083394408226013,negative
0.40830498933792114,negative
0.4072856307029724,negative
0.37836310267448425,negative
0.42835402488708496,negative
0.38108348846435547,negative
0.383916437625885,negative
0.3977869749069214,negative
0.37220802903175354,negative
0.38571298122406006,negative
0.4161084294319153,negative
0.39457762241363525,negative
0.3817850947380066,negative
0.3906897008419037,negative
0.37720605731010437,negative
0.40762606263160706,negative
0.41238054633140564,negative
0.4368838667869568,negative
0.47290724515914917,negative
0.3166535198688507,negative
0.39728567004203796,negative
0.39070066809654236,negative
0.40533390641212463,negative
0.42948803305625916,negative
0.3747846186161041,negative
0.3285421133041382,negative
0.41166743636131287,negative
0.3812890350818634,negative
2.0551252365112305,negative
0.3692815899848938,negative
0.42903420329093933,negative
0.47260767221450806,negative
0.3934039771556854,negative
0.37985238432884216,negative
0.3569190502166748,negative
0.4183317720890045,negative
0.45958077907562256,negative
0.3440471589565277,negative
0.3829210102558136,negative
0.41189107298851013,negative
0.37799906730651855,negative
0.4082196056842804,negative
0.3877895772457123,negative
0.4494397044181824,negative
0.38617390394210815,negative
0.3984158933162689,negative
0.45179471373558044,negative
0.41215869784355164,negative
0.39194297790527344,negative
0.4014040529727936,negative
0.44579941034317017,negative
0.3876883387565613,negative
0.38503289222717285,negative
0.35162264108657837,negative
0.39006873965263367,negative
0.38303592801094055,negative
0.4085823595523834,negative
0.3093944787979126,negative
0.39065665006637573,negative
0.34875252842903137,negative
0.40236130356788635,negative
1.3741520643234253,negative
1.6405991315841675,negative
0.39723581075668335,negative
0.3859058916568756,negative
0.39927056431770325,negative
0.34072569012641907,negative
0.4236690104007721,negative
0.3608066141605377,negative
0.3435099720954895,negative
0.4185587465763092,negative
0.387157142162323,negative
0.39696064591407776,negative
0.3840831518173218,negative
0.3780510425567627,negative
0.4413565695285797,negative
0.3636138439178467,negative
0.4176431894302368,negative
0.35069239139556885,negative
0.4363550543785095,negative
0.40011951327323914,negative
0.41071081161499023,negative
0.42398226261138916,negative
0.39686739444732666,negative
0.3767727315425873,negative
0.37836548686027527,negative
0.3970373570919037,negative
0.37908676266670227,negative
0.38139230012893677,negative
0.40376999974250793,negative
0.4336298406124115,negative
0.3889416754245758,negative
0.3606817424297333,negative
0.4100567698478699,negative
0.3652687072753906,negative
0.3713395893573761,negative
0.5169444680213928,negative
0.43783724308013916,negative
0.3944026827812195,negative
0.4200713634490967,negative
0.41411250829696655,negative
0.45331093668937683,negative
0.4234674572944641,negative
0.3893658518791199,negative
0.38238227367401123,negative
0.3729303777217865,negative
0.4015238583087921,negative
0.4043056070804596,negative
0.4191999137401581,negative
0.3577914834022522,negative
0.38381636142730713,negative
0.3769064247608185,negative
0.3991285264492035,negative
0.39009353518486023,negative
0.39499133825302124,negative
0.3890703618526459,negative
0.3854045867919922,negative
0.40598371624946594,negative
0.3557215929031372,negative
0.4206588566303253,negative
0.3866983950138092,negative
0.4060846269130707,negative
0.34238481521606445,negative
0.39578336477279663,negative
0.41933107376098633,negative
0.3807007968425751,negative
0.4630586802959442,negative
0.38885703682899475,negative
0.41793328523635864,negative
0.3769563138484955,negative
0.4145226776599884,negative
0.37604057788848877,negative
0.4319509267807007,negative
0.39437100291252136,negative
0.4032641649246216,negative
0.4210917353630066,negative
0.310661256313324,negative
0.4229375720024109,negative
0.42060697078704834,negative
0.40105462074279785,negative
0.3987133502960205,negative
0.41426074504852295,negative
0.4317827522754669,negative
0.4021955728530884,negative
0.30275508761405945,negative
0.4255942404270172,negative
0.40167027711868286,negative
0.35708510875701904,negative
0.35381656885147095,negative
0.4368918240070343,negative
0.3969274163246155,negative
0.4003277122974396,negative
0.3445660471916199,negative
0.3970660865306854,negative
0.41260987520217896,negative
0.44206884503364563,negative
0.39030778408050537,negative
0.3620734214782715,negative
0.4172306954860687,negative
0.40867024660110474,negative
0.39666345715522766,negative
0.34464791417121887,negative
0.45023518800735474,negative
0.4037202298641205,negative
0.3790680766105652,negative
0.39459630846977234,negative
0.3737355172634125,negative
0.38945460319519043,negative
0.3925077021121979,negative
0.40743935108184814,negative
0.39635467529296875,negative
0.3995167911052704,negative
0.415420800447464,negative
0.37700513005256653,negative
0.4252754747867584,negative
0.42553582787513733,negative
0.3942088186740875,negative
0.35430556535720825,negative
0.427616149187088,negative
0.3887043595314026,negative
0.39247778058052063,negative
0.4146770238876343,negative
0.4367947280406952,negative
0.4121061861515045,negative
0.39420923590660095,negative
0.38565635681152344,negative
0.43725332617759705,negative
0.4506296217441559,negative
0.39157190918922424,negative
0.40796440839767456,negative
0.38077598810195923,negative
0.3833138644695282,negative
0.352954626083374,negative
0.4154910743236542,negative
0.3939686417579651,negative
0.3871246576309204,negative
0.389401912689209,negative
0.3488956093788147,negative
0.3671707808971405,negative
0.37311625480651855,negative
0.3646343946456909,negative
0.4155121147632599,negative
0.38021135330200195,negative
0.4077783226966858,negative
0.40824198722839355,negative
0.3881874978542328,negative
0.36643680930137634,negative
0.22690214216709137,negative
0.4117242097854614,negative
0.3863503336906433,negative
0.39621594548225403,negative
0.3989447355270386,negative
0.4216538369655609,negative
0.3490813672542572,negative
0.3577187657356262,negative
1.7056816816329956,negative
0.4225645363330841,negative
0.39575985074043274,negative
0.3907369375228882,negative
0.3743216097354889,negative
0.3492182493209839,negative
1.9482687711715698,negative
0.36920803785324097,negative
0.4244225025177002,negative
0.3179926574230194,negative
0.416431188583374,negative
0.41879522800445557,negative
0.3634597659111023,negative
0.4326429069042206,negative
0.4209488034248352,negative
0.3821163773536682,negative
0.4310903251171112,negative
0.3838461637496948,negative
0.4143543243408203,negative
0.39500388503074646,negative
0.4305943250656128,negative
0.4125073254108429,negative
0.37221428751945496,negative
2.033883571624756,negative
0.3901147246360779,negative
0.4012790620326996,negative
0.4070802628993988,negative
0.3802659213542938,negative
0.37297338247299194,negative
0.3731299340724945,negative
0.39578235149383545,negative
0.3715839684009552,negative
0.3983778953552246,negative
0.37522679567337036,negative
0.38171958923339844,negative
0.5122523307800293,negative
0.41392236948013306,negative
0.399170845746994,negative
0.42627817392349243,negative
0.3935180604457855,negative
0.40920886397361755,negative
0.4442185163497925,negative
0.4706045687198639,negative
0.37952643632888794,negative
0.4275178015232086,negative
0.41311419010162354,negative
0.366573691368103,negative
0.4161266088485718,negative
0.4175223410129547,negative
0.3955429494380951,negative
0.3948541283607483,negative
0.4106733500957489,negative
0.3915349245071411,negative
0.37915369868278503,negative
1.8859537839889526,negative
0.3969404697418213,negative
0.430787056684494,negative
0.39047855138778687,negative
0.38292035460472107,negative
0.41247791051864624,negative
0.41372358798980713,negative
0.3977283537387848,negative
0.398709237575531,negative
0.39577215909957886,negative
0.41339731216430664,negative
0.4982657730579376,negative
0.42136290669441223,negative
0.3843626379966736,negative
0.34761136770248413,negative
0.4097641706466675,negative
0.3652114272117615,negative
0.41847702860832214,negative
0.39573580026626587,negative
0.4001803696155548,negative
0.4046471416950226,negative
0.3820778429508209,negative
0.3618679642677307,negative
0.3792416751384735,negative
0.38976380228996277,negative
0.39407217502593994,negative
0.39994654059410095,negative
0.4032782018184662,negative
0.42473188042640686,negative
0.3762776851654053,negative
0.36879831552505493,negative
0.4271209239959717,negative
0.3836720287799835,negative
0.39379334449768066,negative
0.42928993701934814,negative
0.39587584137916565,negative
0.4235522150993347,negative
0.3861124813556671,negative
0.43976691365242004,negative
0.3887423276901245,negative
0.40637847781181335,negative
0.4194835126399994,negative
0.4324352741241455,negative
0.3851569592952728,negative
0.45502373576164246,negative
0.39754557609558105,negative
0.4058431386947632,negative
0.37899935245513916,negative
0.3707219660282135,negative
0.43517032265663147,negative
0.33784225583076477,negative
0.4047442078590393,negative
1.7069625854492188,negative
0.37360820174217224,negative
0.3635575771331787,negative
0.334257572889328,negative
0.3018195927143097,negative
0.4026729166507721,negative
1.633818507194519,negative
0.3684639632701874,negative
0.4151744246482849,negative
0.42260780930519104,negative
0.40931957960128784,negative
0.4204949736595154,negative
0.41832175850868225,negative
0.37959474325180054,negative
0.347502201795578,negative
0.5354265570640564,negative
0.3974666893482208,negative
0.3908029794692993,negative
0.3882920742034912,negative
0.3946714699268341,negative
0.4206053614616394,negative
0.37918001413345337,negative
0.3768288493156433,negative
0.3846569061279297,negative
0.399962842464447,negative
0.370027631521225,negative
0.4253027141094208,negative
0.3192228078842163,negative
0.4191567301750183,negative
0.4336644411087036,negative
0.39502617716789246,negative
0.4098815321922302,negative
0.4113363027572632,negative
0.39239364862442017,negative
0.4177688658237457,negative
0.389344185590744,negative
0.3816513121128082,negative
0.4023527503013611,negative
0.4158104658126831,negative
0.3865090310573578,negative
0.40347999334335327,negative
0.368088036775589,negative
0.38183659315109253,negative
0.4140680730342865,negative
0.3528060019016266,negative
0.41372472047805786,negative
0.37148210406303406,negative
0.4344988167285919,negative
0.39398717880249023,negative
0.4059423506259918,negative
0.4327507019042969,negative
0.37746351957321167,negative
0.45966073870658875,negative
0.4103841185569763,negative
0.38600876927375793,negative
0.3601132929325104,negative
0.3948342800140381,negative
0.4134095013141632,negative
0.4046114385128021,negative
0.3785535395145416,negative
0.4020105004310608,negative
0.3784914016723633,negative
0.39835280179977417,negative
0.37804079055786133,negative
0.39400625228881836,negative
0.3859884440898895,negative
0.42027175426483154,negative
0.5365222096443176,negative
0.4150211811065674,negative
0.3963705897331238,negative
0.39200443029403687,negative
0.4305818974971771,negative
0.42098939418792725,negative
0.40626707673072815,negative
0.3075023889541626,negative
0.4412899613380432,negative
0.41007664799690247,negative
0.29354965686798096,negative
0.3987540304660797,negative
0.4115200936794281,negative
0.40097740292549133,negative
0.4003430902957916,negative
0.43337127566337585,negative
0.4356613755226135,negative
0.36903509497642517,negative
0.4321913719177246,negative
0.30802372097969055,negative
0.39895930886268616,negative
0.459153950214386,negative
0.39403632283210754,negative
0.40219804644584656,negative
0.3364138901233673,negative
0.4000723659992218,negative
0.3886716961860657,negative
0.44166362285614014,negative
0.4286905825138092,negative
0.4238785207271576,negative
0.4002598822116852,negative
0.4109744429588318,negative
0.3801818788051605,negative
0.38845083117485046,negative
0.34765878319740295,negative
0.4285515248775482,negative
0.38433837890625,negative
0.17476077377796173,negative
0.2882343530654907,negative
0.37475094199180603,negative
0.41507866978645325,negative
0.3685494661331177,negative
0.38705021142959595,negative
0.40890663862228394,negative
0.3921251595020294,negative
0.3490987718105316,negative
0.37945806980133057,negative
0.3768770694732666,negative
0.43945086002349854,negative
0.4132337272167206,negative
0.39382389187812805,negative
0.4062913656234741,negative
0.46230649948120117,negative
0.3809534013271332,negative
0.7197787165641785,negative
0.37918391823768616,negative
0.38355085253715515,negative
0.3856280446052551,negative
0.3924790620803833,negative
0.3730258345603943,negative
0.3114241063594818,negative
0.3838575482368469,negative
0.4011501371860504,negative
0.3790735602378845,negative
0.41095787286758423,negative
0.3755909204483032,negative
0.42215561866760254,negative
0.4013718366622925,negative
0.3746911585330963,negative
0.408851683139801,negative
0.3999350666999817,negative
0.3808801770210266,negative
0.39234545826911926,negative
0.368326872587204,negative
0.40682491660118103,negative
0.410185307264328,negative
0.35398605465888977,negative
0.36147138476371765,negative
0.3917224109172821,negative
0.3972938656806946,negative
0.3476755619049072,negative
0.40640902519226074,negative
0.40190115571022034,negative
0.43209370970726013,negative
0.40717434883117676,negative
0.3301570415496826,negative
0.41448068618774414,negative
0.4116016626358032,negative
0.3750743269920349,negative
0.40047696232795715,negative
0.3957630693912506,negative
0.3942902982234955,negative
0.41517919301986694,negative
0.40830111503601074,negative
0.42793866991996765,negative
0.38656097650527954,negative
0.40591108798980713,negative
0.3757074177265167,negative
0.4175574481487274,negative
0.36741822957992554,negative
0.35289376974105835,negative
0.3326534330844879,negative
0.354983925819397,negative
0.37969735264778137,negative
2.2369589805603027,negative
0.34970393776893616,negative
0.4063819944858551,negative
0.3801119327545166,negative
0.40387865900993347,negative
0.4035279154777527,negative
0.4278167486190796,negative
0.40965384244918823,negative
0.4102194607257843,negative
0.37498077750205994,negative
0.40591344237327576,negative
0.41319534182548523,negative
0.39749422669410706,negative
0.39254847168922424,negative
0.40821337699890137,negative
0.351835161447525,negative
0.39021727442741394,negative
1.9584275484085083,negative
0.41807523369789124,negative
0.4190066158771515,negative
0.43049412965774536,negative
0.39955997467041016,negative
0.3309343755245209,negative
1.8504756689071655,negative
0.4055481553077698,negative
0.39872780442237854,negative
0.40698277950286865,negative
0.4115254282951355,negative
0.4060452878475189,negative
0.37771543860435486,negative
0.3598962724208832,negative
0.3819877803325653,negative
0.40207844972610474,negative
0.3251274526119232,negative
0.3757745325565338,negative
0.40030357241630554,negative
0.3586248457431793,negative
0.388159841299057,negative
0.4040009081363678,negative
0.3797200620174408,negative
0.3726917505264282,negative
0.4024207890033722,negative
0.43748611211776733,negative
0.36131995916366577,negative
0.45078882575035095,negative
0.4734070301055908,negative
0.4437406063079834,negative
0.34933966398239136,negative
0.3868531882762909,negative
0.38112741708755493,negative
0.3524971604347229,negative
0.3916673958301544,negative
0.37497732043266296,negative
0.4094468951225281,negative
0.39086946845054626,negative
0.3805418908596039,negative
0.35606497526168823,negative
0.39685723185539246,negative
0.4037899374961853,negative
0.39787840843200684,negative
0.3920902609825134,negative
0.3766823410987854,negative
0.3863196074962616,negative
0.33942195773124695,negative
0.37601619958877563,negative
0.3698640763759613,negative
0.3845697045326233,negative
0.357467383146286,negative
0.4341897964477539,negative
0.4232843816280365,negative
0.40090981125831604,negative
0.34753793478012085,negative
0.4385607838630676,negative
0.425724595785141,negative
0.36416900157928467,negative
0.4400290250778198,negative
0.3581210672855377,negative
0.3733969032764435,negative
0.4187451899051666,negative
0.41293299198150635,negative
0.3517898917198181,negative
0.4052888751029968,negative
0.36132705211639404,negative
0.4060996174812317,negative
0.4142398536205292,negative
0.398023396730423,negative
0.3694535791873932,negative
1.4973390102386475,negative
0.3705810010433197,negative
0.4115564525127411,negative
0.40031152963638306,negative
0.35535913705825806,negative
0.39265385270118713,negative
0.41109564900398254,negative
0.40491431951522827,negative
0.39637959003448486,negative
0.44054868817329407,negative
0.4005853831768036,negative
0.38150256872177124,negative
0.4313417673110962,negative
0.3800632357597351,negative
0.4127042591571808,negative
0.3784894049167633,negative
0.3858145773410797,negative
0.37910786271095276,negative
0.4047757387161255,negative
0.4123917520046234,negative
0.3565726578235626,negative
0.38829389214515686,negative
0.43145984411239624,negative
0.3710613250732422,negative
0.4057186245918274,negative
0.42566627264022827,negative
0.35140109062194824,negative
0.39677053689956665,negative
0.3779342770576477,negative
0.4198662042617798,negative
0.38513845205307007,negative
0.38322100043296814,negative
0.39554858207702637,negative
0.3914373517036438,negative
0.4143029749393463,negative
1.990010380744934,negative
0.41144025325775146,negative
1.917116403579712,negative
0.4080964922904968,negative
0.37019774317741394,negative
0.3979550898075104,negative
0.40384748578071594,negative
0.41375046968460083,negative
0.41306859254837036,negative
0.3813127875328064,negative
0.39033475518226624,negative
0.35419511795043945,negative
0.39793047308921814,negative
0.3983806371688843,negative
0.3788551688194275,negative
0.3996943235397339,negative
2.2982614040374756,negative
0.33207863569259644,negative
0.3876565098762512,negative
0.39155223965644836,negative
0.39910033345222473,negative
0.4001656174659729,negative
0.3860844671726227,negative
0.3967147171497345,negative
0.4008980095386505,negative
0.432317316532135,negative
0.42117393016815186,negative
0.4052543044090271,negative
0.36793816089630127,negative
0.3910296559333801,negative
0.3867115080356598,negative
0.3948823809623718,negative
0.4116477072238922,negative
0.3952185809612274,negative
0.3951106071472168,negative
0.4380509555339813,negative
0.38240718841552734,negative
0.40270406007766724,negative
0.34628257155418396,negative
0.36919668316841125,negative
0.37201565504074097,negative
0.39271703362464905,negative
0.3883110582828522,negative
0.36683616042137146,negative
0.4142993986606598,negative
0.38793066143989563,negative
0.3599555194377899,negative
0.4197811186313629,negative
0.38102036714553833,negative
0.4891991913318634,negative
0.4412970244884491,negative
0.380703330039978,negative
0.41507285833358765,negative
0.3941715359687805,negative
0.37269559502601624,negative
0.346462607383728,negative
0.42141130566596985,negative
0.3587431013584137,negative
0.3297263979911804,negative
0.45821720361709595,negative
0.39768847823143005,negative
0.4068596065044403,negative
0.4240511357784271,negative
1.8174854516983032,negative
0.4287042021751404,negative
0.40983301401138306,negative
0.4403868019580841,negative
0.4374111294746399,negative
0.42538532614707947,negative
0.3699278235435486,negative
0.3904888927936554,negative
0.31995081901550293,negative
0.3857937455177307,negative
0.4042742848396301,negative
0.375914067029953,negative
0.4032896161079407,negative
0.39529120922088623,negative
0.3682008683681488,negative
0.3910810351371765,negative
0.34724852442741394,negative
0.4172384440898895,negative
0.3999370038509369,negative
0.42455703020095825,negative
1.1310906410217285,negative
1.899113655090332,negative
0.46821653842926025,negative
0.3931271433830261,negative
0.4017206132411957,negative
0.3702934980392456,negative
0.3728486895561218,negative
0.4292069971561432,negative
0.38798779249191284,negative
2.0914251804351807,negative
0.4265691936016083,negative
0.3839748799800873,negative
0.4030599296092987,negative
0.4141435921192169,negative
0.3953775465488434,negative
0.3777075707912445,negative
0.3719882071018219,negative
0.4162008762359619,negative
0.4230913817882538,negative
0.3714943528175354,negative
0.38475751876831055,negative
0.36045488715171814,negative
0.4047357141971588,negative
0.4067789912223816,negative
0.3574296832084656,negative
0.3911907970905304,negative
0.3730902373790741,negative
0.36344462633132935,negative
0.37078988552093506,negative
0.4056944251060486,negative
0.37911733984947205,negative
0.40952491760253906,negative
0.3793227970600128,negative
0.3718906044960022,negative
0.4224211871623993,negative
0.41316503286361694,negative
0.39868807792663574,negative
0.40547609329223633,negative
0.38080963492393494,negative
0.37570011615753174,negative
0.37619414925575256,negative
0.37627747654914856,negative
0.39051923155784607,negative
0.4018312990665436,negative
0.3736110031604767,negative
0.40089696645736694,negative
0.3876478672027588,negative
0.37543001770973206,negative
0.4193345308303833,negative
0.3997099697589874,negative
0.4119114279747009,negative
0.4034119248390198,negative
0.40710684657096863,negative
0.38316500186920166,negative
0.345662385225296,negative
0.4457698464393616,negative
0.40923747420310974,negative
0.4390837848186493,negative
0.3666014075279236,negative
0.3645763099193573,negative
0.3396962583065033,negative
0.42297592759132385,negative
0.4046606421470642,negative
0.4226161539554596,negative
0.3676227331161499,negative
0.4538126289844513,negative
0.4112590253353119,negative
0.3680236041545868,negative
0.3699178695678711,negative
0.35087132453918457,negative
0.3726808726787567,negative
0.36648592352867126,negative
0.3903805613517761,negative
0.36190956830978394,negative
0.3736826777458191,negative
0.4151306450366974,negative
0.35894080996513367,negative
0.4310539960861206,negative
0.3818759620189667,negative
0.3964216709136963,negative
0.4107411801815033,negative
0.3950231969356537,negative
0.4631933867931366,negative
0.3872331380844116,negative
0.3936302661895752,negative
0.38147205114364624,negative
0.34083250164985657,negative
0.3864724636077881,negative
0.3802754580974579,negative
1.8499841690063477,negative
0.3767160177230835,negative
0.42996570467948914,negative
0.3983481824398041,negative
0.36816009879112244,negative
0.3875124454498291,negative
0.3719061017036438,negative
0.4228534400463104,negative
0.4475984573364258,negative
0.4065529704093933,negative
0.3765411078929901,negative
0.3873932659626007,negative
0.3856051564216614,negative
0.35701698064804077,negative
0.40080681443214417,negative
0.40866363048553467,negative
0.40915584564208984,negative
0.45206671953201294,negative
0.39665889739990234,negative
0.36333420872688293,negative
0.3577794134616852,negative
0.4268379211425781,negative
0.37619203329086304,negative
0.4257532060146332,negative
0.4754866063594818,negative
0.40613648295402527,negative
0.3934195935726166,negative
0.421823114156723,negative
0.37255915999412537,negative
0.43372732400894165,negative
0.39417722821235657,negative
0.42205187678337097,negative
0.3571133017539978,negative
0.3932243287563324,negative
0.41891831159591675,negative
0.5240769386291504,negative
0.3551907539367676,negative
0.40907910466194153,negative
0.42431706190109253,negative
0.34721893072128296,negative
0.379422128200531,negative
0.39579686522483826,negative
0.4399849474430084,negative
0.36883360147476196,negative
0.4049179255962372,negative
2.219608783721924,negative
0.37554731965065,negative
0.3714675307273865,negative
0.4067015051841736,negative
0.27640238404273987,negative
0.43066149950027466,negative
0.4167520999908447,negative
0.41919365525245667,negative
0.3862486481666565,negative
0.4094533920288086,negative
0.34898853302001953,negative
0.34747567772865295,negative
0.39949244260787964,negative
0.41343098878860474,negative
0.388270765542984,negative
0.411628782749176,negative
0.3414827585220337,negative
0.42099061608314514,negative
0.3568248152732849,negative
0.41564980149269104,negative
0.4098966121673584,negative
0.3353005051612854,negative
1.2986646890640259,negative
0.4107173979282379,negative
0.4209843575954437,negative
0.35147038102149963,negative
0.3918927013874054,negative
0.379987895488739,negative
0.3820471167564392,negative
0.42966020107269287,negative
0.3885708153247833,negative
0.3895469307899475,negative
0.3955419361591339,negative
0.3844355642795563,negative
0.4500352740287781,negative
0.3941192328929901,negative
0.33077752590179443,negative
0.4281858503818512,negative
0.3700392246246338,negative
0.41074812412261963,negative
0.3133358955383301,negative
0.38014012575149536,negative
0.40649959444999695,negative
0.37418225407600403,negative
0.4043863117694855,negative
0.40673115849494934,negative
0.40444934368133545,negative
0.32613155245780945,negative
0.3735256493091583,negative
0.43867799639701843,negative
0.3547644019126892,negative
0.3196890950202942,negative
0.37519240379333496,negative
0.3667375147342682,negative
0.39560630917549133,negative
0.4168499708175659,negative
0.39397132396698,negative
0.3464149236679077,negative
0.39388805627822876,negative
0.3800145387649536,negative
0.3711099922657013,negative
0.4106869399547577,negative
0.38254421949386597,negative
0.3991016149520874,negative
0.39835652709007263,negative
0.25899165868759155,negative
0.3693494498729706,negative
0.37139928340911865,negative
0.40074020624160767,negative
0.3931864798069,negative
0.37114593386650085,negative
0.41834157705307007,negative
0.36271926760673523,negative
0.39588087797164917,negative
0.3987056314945221,negative
0.39107707142829895,negative
0.4112083315849304,negative
0.4159877896308899,negative
0.4029029607772827,negative
0.3955788016319275,negative
0.47992098331451416,negative
0.4143848121166229,negative
0.4012589454650879,negative
0.40697553753852844,negative
0.3924728035926819,negative
0.41541793942451477,negative
0.38896140456199646,negative
0.43174463510513306,negative
0.37532976269721985,negative
0.38258686661720276,negative
0.408990740776062,negative
0.3517458736896515,negative
0.4001266062259674,negative
0.3595835566520691,negative
0.33848869800567627,negative
0.36809414625167847,negative
0.3628804385662079,negative
0.39297112822532654,negative
0.4399297535419464,negative
0.41480836272239685,negative
0.4334438145160675,negative
0.40438106656074524,negative
0.384870320558548,negative
0.38812685012817383,negative
0.38235774636268616,negative
0.4232048988342285,negative
0.3850293755531311,negative
0.3010833263397217,negative
0.3837977647781372,negative
0.4256953299045563,negative
0.3919662833213806,negative
0.4166151285171509,negative
0.3629049062728882,negative
0.4240807592868805,negative
0.4267524778842926,negative
0.4323468506336212,negative
0.39315834641456604,negative
0.401071161031723,negative
0.39112967252731323,negative
0.40430769324302673,negative
0.4308861196041107,negative
0.3810689151287079,negative
0.4041268527507782,negative
0.3798241913318634,negative
1.9924380779266357,negative
0.3512258231639862,negative
0.3927491009235382,negative
0.4232129454612732,negative
0.39186304807662964,negative
0.4073839485645294,negative
0.35962557792663574,negative
0.40768179297447205,negative
0.33035966753959656,negative
0.3950138986110687,negative
0.43351489305496216,negative
0.374383807182312,negative
0.4007405936717987,negative
1.8030849695205688,negative
0.34760037064552307,negative
0.4050159454345703,negative
0.391905814409256,negative
0.4194115102291107,negative
0.35647740960121155,negative
0.37255990505218506,negative
0.36844512820243835,negative
0.38819169998168945,negative
0.40720194578170776,negative
0.41409972310066223,negative
0.38750460743904114,negative
0.3625975251197815,negative
0.3513731360435486,negative
0.40869033336639404,negative
0.3638056516647339,negative
0.3906937837600708,negative
0.3758121430873871,negative
0.39612454175949097,negative
0.3874877691268921,negative
0.42972517013549805,negative
0.4096345901489258,negative
0.3640519976615906,negative
0.38150447607040405,negative
0.3862836956977844,negative
0.3906085789203644,negative
0.4307824969291687,negative
0.3764960467815399,negative
1.5234540700912476,negative
0.3766389489173889,negative
1.6071584224700928,negative
0.42106160521507263,negative
0.4220323860645294,negative
0.3941258490085602,negative
0.4156893789768219,negative
0.40099722146987915,negative
0.40270501375198364,negative
0.3548053503036499,negative
0.3868986964225769,negative
0.38120216131210327,negative
0.36940842866897583,negative
0.3558790683746338,negative
0.3984929919242859,negative
0.3827231824398041,negative
1.572065830230713,negative
0.38589170575141907,negative
0.39278170466423035,negative
0.42771923542022705,negative
0.40424981713294983,negative
0.4065698981285095,negative
0.3789193332195282,negative
0.4344923198223114,negative
0.42253828048706055,negative
0.39603158831596375,negative
0.3724808692932129,negative
0.39936479926109314,negative
0.3100739121437073,negative
0.418714314699173,negative
0.36787715554237366,negative
0.37761566042900085,negative
0.412832111120224,negative
0.4196372628211975,negative
0.40285468101501465,negative
0.4057968556880951,negative
0.4027040898799896,negative
0.4233807921409607,negative
0.3746131956577301,negative
0.3678641617298126,negative
0.35447192192077637,negative
0.45033010840415955,negative
0.4266725480556488,negative
0.42020097374916077,negative
0.35419851541519165,negative
0.3984995484352112,negative
0.4188477694988251,negative
0.3581559956073761,negative
0.39926061034202576,negative
0.36054399609565735,negative
0.37999796867370605,negative
0.3996599614620209,negative
0.3841880261898041,negative
0.4156047999858856,negative
0.3672402799129486,negative
0.4005131125450134,negative
0.3640308082103729,negative
0.41920357942581177,negative
0.42214491963386536,negative
0.3879246711730957,negative
0.4362412393093109,negative
0.4132968783378601,negative
0.3716387450695038,negative
0.4186151921749115,negative
0.346883088350296,negative
0.3867858946323395,negative
0.42257559299468994,negative
0.41554275155067444,negative
0.3755236268043518,negative
0.4525109529495239,negative
0.4139968752861023,negative
0.36422544717788696,negative
0.44273096323013306,negative
0.3930200934410095,negative
0.38305655121803284,negative
0.3609772324562073,negative
0.40554293990135193,negative
0.40807241201400757,negative
0.3783048689365387,negative
0.40230366587638855,negative
0.415996789932251,negative
0.40180274844169617,negative
0.4124907851219177,negative
0.3937012553215027,negative
0.3871948719024658,negative
0.4130341708660126,negative
0.3842194378376007,negative
0.35379183292388916,negative
0.3857191503047943,negative
0.4520152509212494,negative
0.38015639781951904,negative
0.38431549072265625,negative
0.3844637870788574,negative
0.4036012887954712,negative
0.38982927799224854,negative
0.42889848351478577,negative
0.4133773148059845,negative
0.35466015338897705,negative
0.4481104016304016,negative
0.38839784264564514,negative
0.40118691325187683,negative
0.40927520394325256,negative
0.3992680609226227,negative
0.39322003722190857,negative
2.0197653770446777,negative
0.3998814523220062,negative
0.43179836869239807,negative
0.4034581482410431,negative
0.42350244522094727,negative
0.35075265169143677,negative
0.3995847702026367,negative
0.375888854265213,negative
0.4305327534675598,negative
0.37096771597862244,negative
0.3743201196193695,negative
0.40892884135246277,negative
0.42393919825553894,negative
0.4546738266944885,negative
1.723098874092102,negative
0.3777463436126709,negative
0.4054740071296692,negative
0.3481338322162628,negative
0.4132886826992035,negative
0.42649027705192566,negative
0.3729199767112732,negative
0.4067936837673187,negative
0.39247265458106995,negative
0.3589780628681183,negative
0.41752707958221436,negative
0.40222078561782837,negative
0.3993787169456482,negative
0.399262934923172,negative
0.38818269968032837,negative
0.3982387185096741,negative
0.37623345851898193,negative
0.414809912443161,negative
0.3955150544643402,negative
0.3715495765209198,negative
0.4515000879764557,negative
0.42409154772758484,negative
0.3424220681190491,negative
0.41865432262420654,negative
0.43988144397735596,negative
0.41070428490638733,negative
0.39579617977142334,negative
0.3521786630153656,negative
0.3614771068096161,negative
0.3486722707748413,negative
0.4111412465572357,negative
0.3934582769870758,negative
0.4172154366970062,negative
0.49141693115234375,negative
0.5060167908668518,negative
0.4268850088119507,negative
0.4006977677345276,negative
0.40078961849212646,negative
0.38480496406555176,negative
0.38607433438301086,negative
0.3105848729610443,negative
0.41465675830841064,negative
0.3584582209587097,negative
0.4424881339073181,negative
0.43562471866607666,negative
0.41848114132881165,negative
0.4057449400424957,negative
0.4178455173969269,negative
0.3926936686038971,negative
0.3190214931964874,negative
0.3103925883769989,negative
0.3777357339859009,negative
0.38606035709381104,negative
0.3972497284412384,negative
0.40334558486938477,negative
0.4224182665348053,negative
0.3212251365184784,negative
0.42440301179885864,negative
0.3945443034172058,negative
0.38652661442756653,negative
0.3664737939834595,negative
0.37495025992393494,negative
0.38230130076408386,negative
0.35795852541923523,negative
0.38425859808921814,negative
0.3506888449192047,negative
0.42833754420280457,negative
0.417537659406662,negative
0.3889504373073578,negative
0.385524719953537,negative
0.37947577238082886,negative
0.3798335790634155,negative
0.3722120523452759,negative
0.4336024522781372,negative
0.3838944733142853,negative
0.39005956053733826,negative
0.43454548716545105,negative
0.4206697642803192,negative
0.349525511264801,negative
0.429132342338562,negative
0.3955920338630676,negative
0.3458905816078186,negative
0.4028044044971466,negative
0.37054678797721863,negative
0.4185488522052765,negative
0.39533179998397827,negative
0.40440696477890015,negative
0.41107890009880066,negative
0.3814089298248291,negative
0.3994954824447632,negative
0.3127408027648926,negative
0.35764363408088684,negative
0.40143710374832153,negative
0.41434356570243835,negative
0.3870795965194702,negative
0.33625298738479614,negative
0.37135326862335205,negative
0.3870530426502228,negative
0.38660457730293274,negative
0.4038444757461548,negative
0.3832475244998932,negative
0.3851621448993683,negative
0.4239330589771271,negative
0.37938621640205383,negative
0.36978015303611755,negative
0.42086148262023926,negative
0.3705421984195709,negative
0.4623677730560303,negative
0.4084051847457886,negative
0.4113103747367859,negative
0.4035291075706482,negative
0.38850656151771545,negative
0.3936949372291565,negative
0.38823580741882324,negative
0.4124993681907654,negative
0.3819432556629181,negative
0.4493303596973419,negative
1.7525720596313477,negative
0.40042898058891296,negative
0.4265112578868866,negative
0.3227466344833374,negative
0.41025128960609436,negative
0.4057559072971344,negative
1.9953408241271973,negative
0.40173259377479553,negative
0.4529782235622406,negative
0.40725600719451904,negative
0.39438846707344055,negative
0.3096489906311035,negative
0.3870832324028015,negative
0.4040556252002716,negative
0.3598598837852478,negative
0.39180323481559753,negative
0.4217818081378937,negative
0.4326012432575226,negative
0.36535537242889404,negative
0.42625191807746887,negative
0.380371630191803,negative
0.7936955690383911,negative
0.36193791031837463,negative
0.3891659677028656,negative
0.421640008687973,negative
0.41688308119773865,negative
0.37651410698890686,negative
0.37644341588020325,negative
0.42566052079200745,negative
0.16856612265110016,negative
0.4222252368927002,negative
0.389996200799942,negative
0.3856971263885498,negative
0.4031766951084137,negative
0.3470595180988312,negative
0.3508358299732208,negative
0.4038023352622986,negative
0.406354695558548,negative
0.4042735993862152,negative
0.42077723145484924,negative
0.4113902151584625,negative
0.37798088788986206,negative
0.43997931480407715,negative
0.40976306796073914,negative
0.41800549626350403,negative
0.5448939800262451,negative
0.36935165524482727,negative
0.3775824308395386,negative
0.4077804386615753,negative
0.4217030704021454,negative
0.41639244556427,negative
0.4313800036907196,negative
0.39668917655944824,negative
0.3916921019554138,negative
0.3882126212120056,negative
1.6828312873840332,negative
0.39598098397254944,negative
0.40525439381599426,negative
0.3838198781013489,negative
0.3870149552822113,negative
0.4199620485305786,negative
0.4038436710834503,negative
0.396167129278183,negative
0.39902573823928833,negative
0.41027992963790894,negative
0.4120805859565735,negative
0.44298118352890015,negative
0.39239951968193054,negative
0.39940115809440613,negative
0.3772778809070587,negative
0.4172552824020386,negative
0.3938979506492615,negative
0.38925138115882874,negative
0.4153597354888916,negative
0.3866287171840668,negative
0.39428991079330444,negative
0.4068666100502014,negative
0.3656289577484131,negative
0.4078386425971985,negative
0.39716386795043945,negative
0.3688165843486786,negative
0.38747262954711914,negative
0.4055398404598236,negative
0.3178689181804657,negative
0.39319127798080444,negative
0.36672356724739075,negative
0.4016260802745819,negative
0.3893660604953766,negative
0.3545738756656647,negative
1.7256187200546265,negative
0.3282144367694855,negative
0.3955727815628052,negative
0.38407063484191895,negative
0.4119543135166168,negative
0.40779462456703186,negative
0.43673691153526306,negative
0.3865632712841034,negative
0.40576547384262085,negative
2.392840623855591,negative
0.392307311296463,negative
0.4144695997238159,negative
0.4260026216506958,negative
0.4137677848339081,negative
0.3969416916370392,negative
0.3729790449142456,negative
0.39444851875305176,negative
0.39058253169059753,negative
0.3483675420284271,negative
0.423298180103302,negative
0.3294145166873932,negative
0.3649880886077881,negative
0.37381765246391296,negative
0.4210229218006134,negative
0.40392303466796875,negative
0.43164947628974915,negative
0.42992785573005676,negative
0.445247083902359,negative
0.3374912440776825,negative
0.14852489531040192,negative
0.4109030067920685,negative
0.3993379771709442,negative
0.3783874213695526,negative
0.42737334966659546,negative
0.3538082540035248,negative
0.42058780789375305,negative
0.37609902024269104,negative
0.3944128155708313,negative
0.38512668013572693,negative
0.3943641185760498,negative
0.41517093777656555,negative
0.40332889556884766,negative
0.39634302258491516,negative
0.3746892809867859,negative
0.3865531086921692,negative
0.40323206782341003,negative
0.4388640224933624,negative
0.3794704079627991,negative
0.42298954725265503,negative
0.4396723508834839,negative
0.3508751690387726,negative
0.41333380341529846,negative
0.3689529001712799,negative
0.39484891295433044,negative
0.41407909989356995,negative
0.3738521337509155,negative
0.38527968525886536,negative
0.39075303077697754,negative
0.417127788066864,negative
0.42656394839286804,negative
0.3445500135421753,negative
0.3893723487854004,negative
0.498573362827301,negative
0.3674761950969696,negative
0.37642863392829895,negative
0.44177868962287903,negative
0.41092434525489807,negative
0.356372594833374,negative
0.3979622423648834,negative
0.3800520598888397,negative
0.4228939116001129,negative
0.39638522267341614,negative
0.4173623323440552,negative
0.39677155017852783,negative
0.419219434261322,negative
0.428974986076355,negative
0.35413122177124023,negative
0.38636529445648193,negative
0.4161754846572876,negative
0.3650529980659485,negative
0.3896919786930084,negative
0.41767197847366333,negative
0.3849708139896393,negative
0.4006229043006897,negative
0.4150218963623047,negative
0.4148906171321869,negative
0.3871680796146393,negative
0.384482741355896,negative
0.33346083760261536,negative
0.39463236927986145,negative
0.4163423776626587,negative
0.39594578742980957,negative
0.3717196583747864,negative
0.3414130210876465,negative
0.3676490783691406,negative
0.41925370693206787,negative
0.4169197082519531,negative
0.46567490696907043,negative
0.4701805114746094,negative
0.4038759768009186,negative
0.440794438123703,negative
0.41913077235221863,negative
0.3932785987854004,negative
0.4117804765701294,negative
0.38996192812919617,negative
0.26328420639038086,negative
0.3445979356765747,negative
0.3723454773426056,negative
0.3605819046497345,negative
0.4172379970550537,negative
0.4188578128814697,negative
0.3850395381450653,negative
0.3923085629940033,negative
0.3813021183013916,negative
0.4221545159816742,negative
0.42684388160705566,negative
0.4449780285358429,negative
0.4115486145019531,negative
0.4336307942867279,negative
0.4955299496650696,negative
0.35800328850746155,negative
0.44033628702163696,negative
0.3964728116989136,negative
0.37757980823516846,negative
0.39933592081069946,negative
0.3319542706012726,negative
0.3968508243560791,negative
0.42413127422332764,negative
0.3930380940437317,negative
0.4178730249404907,negative
0.402263879776001,negative
0.3944133222103119,negative
0.39977529644966125,negative
0.4116889238357544,negative
0.3821505308151245,negative
0.6493420600891113,negative
0.40729400515556335,negative
0.4547731876373291,negative
0.3814082443714142,negative
0.4352531433105469,negative
0.41285988688468933,negative
0.37966302037239075,negative
0.45763930678367615,negative
0.3821159303188324,negative
0.3897940516471863,negative
0.4030916690826416,negative
0.3429260849952698,negative
0.41423743963241577,negative
0.4418755769729614,negative
0.3965895473957062,negative
0.40983399748802185,negative
0.38407573103904724,negative
0.40613898634910583,negative
0.35562238097190857,negative
0.3688409626483917,negative
0.4019934833049774,negative
0.38001134991645813,negative
1.8039380311965942,negative
0.37689653038978577,negative
0.38296663761138916,negative
0.4073430001735687,negative
0.4037817716598511,negative
0.3901521563529968,negative
0.46558308601379395,negative
0.42390117049217224,negative
0.4557555913925171,negative
0.40541040897369385,negative
0.42461416125297546,negative
0.3651646077632904,negative
0.4098891317844391,negative
0.41403940320014954,negative
0.41274067759513855,negative
0.4421878159046173,negative
0.41075411438941956,negative
1.3781025409698486,negative
0.41084614396095276,negative
0.4083048403263092,negative
0.3449958562850952,negative
0.39509639143943787,negative
0.38141295313835144,negative
1.9127017259597778,negative
0.4132843017578125,negative
0.3523474633693695,negative
0.40275973081588745,negative
1.9767907857894897,negative
0.3964594006538391,negative
0.4197065830230713,negative
0.3652043640613556,negative
0.3820152282714844,negative
0.39463692903518677,negative
0.35568365454673767,negative
0.4000500440597534,negative
0.3419516086578369,negative
0.3741145431995392,negative
0.4217991232872009,negative
1.6484575271606445,negative
0.41351231932640076,negative
1.86105215549469,negative
0.375451922416687,negative
0.4226575791835785,negative
0.40129566192626953,negative
0.399924635887146,negative
0.40691861510276794,negative
0.3708260953426361,negative
0.4200875759124756,negative
0.38550201058387756,negative
0.3688005805015564,negative
0.38843998312950134,negative
0.41246822476387024,negative
0.40721040964126587,negative
0.39921948313713074,negative
0.44789037108421326,negative
0.33546480536460876,negative
0.3992123007774353,negative
0.4128102958202362,negative
0.41903114318847656,negative
0.3877183198928833,negative
0.4092722237110138,negative
0.42775464057922363,negative
0.41926756501197815,negative
0.35310736298561096,negative
0.3399762809276581,negative
0.401876300573349,negative
0.36834537982940674,negative
0.4208686947822571,negative
0.2965944707393646,negative
0.374400794506073,negative
0.4031495153903961,negative
0.37534403800964355,negative
0.41891607642173767,negative
0.4123571813106537,negative
0.6624906063079834,negative
0.41578567028045654,negative
0.42532163858413696,negative
0.40375566482543945,negative
0.3775287866592407,negative
0.40951281785964966,negative
0.38391220569610596,negative
0.41447994112968445,negative
0.44122791290283203,negative
0.4149235188961029,negative
1.7408894300460815,negative
0.42005655169487,negative
0.42230889201164246,negative
0.3651854991912842,negative
0.31615856289863586,negative
0.3975434899330139,negative
0.3671635687351227,negative
0.3913297653198242,negative
0.39263078570365906,negative
0.3839738368988037,negative
0.3924570083618164,negative
0.4159777760505676,negative
0.3819141089916229,negative
0.3810887932777405,negative
0.4197426438331604,negative
0.4016872048377991,negative
0.38844043016433716,negative
0.40205076336860657,negative
0.3381749391555786,negative
0.4133976399898529,negative
0.43289875984191895,negative
0.39067748188972473,negative
0.3281252682209015,negative
0.40900328755378723,negative
0.37689316272735596,negative
0.4125424921512604,negative
0.4024975895881653,negative
0.4067855477333069,negative
0.44850051403045654,negative
0.377547949552536,negative
0.3633619248867035,negative
0.3772093653678894,negative
0.3947555124759674,negative
0.4414777159690857,negative
0.42459627985954285,negative
0.3771655261516571,negative
0.39567938446998596,negative
0.39876657724380493,negative
0.35501381754875183,negative
0.392473965883255,negative
0.3466161787509918,negative
0.3932640254497528,negative
0.37967830896377563,negative
0.39498400688171387,negative
0.38722580671310425,negative
0.4011414051055908,negative
0.4219783842563629,negative
0.38576415181159973,negative
0.4360787570476532,negative
0.4230487048625946,negative
0.3772874176502228,negative
0.4205816388130188,negative
0.4328780174255371,negative
0.4118022918701172,negative
0.31330540776252747,negative
0.39868372678756714,negative
0.4362562596797943,negative
0.3385539650917053,negative
0.4386058449745178,negative
0.34861597418785095,negative
0.3882445991039276,negative
0.4078696370124817,negative
0.4274176061153412,negative
0.44687512516975403,negative
0.3847217261791229,negative
0.4063195288181305,negative
0.3829246759414673,negative
0.41750138998031616,negative
0.39883995056152344,negative
0.380819171667099,negative
0.40751364827156067,negative
0.39256975054740906,negative
0.360792338848114,negative
0.41233962774276733,negative
0.33682021498680115,negative
0.3947342336177826,negative
0.4131588637828827,negative
0.4284203052520752,negative
0.3997095227241516,negative
0.37719038128852844,negative
0.41222697496414185,negative
0.3720777928829193,negative
0.31684550642967224,negative
0.3728039860725403,negative
0.4086994528770447,negative
0.3866179883480072,negative
0.38577184081077576,negative
0.4242664575576782,negative
0.42285555601119995,negative
0.36059704422950745,negative
0.3877332806587219,negative
0.41469499468803406,negative
0.38009604811668396,negative
0.33110082149505615,negative
1.7078213691711426,negative
0.3694514334201813,negative
0.3971380293369293,negative
0.3662681579589844,negative
0.46901383996009827,negative
0.4412621557712555,negative
0.40473753213882446,negative
0.38800591230392456,negative
0.422355055809021,negative
0.35089099407196045,negative
0.37682026624679565,negative
0.4308307468891144,negative
0.4118640720844269,negative
0.3659490644931793,negative
0.40958932042121887,negative
0.40010228753089905,negative
0.5691463351249695,negative
0.4169754683971405,negative
0.39122870564460754,negative
0.35671886801719666,negative
0.399572491645813,negative
0.42943525314331055,negative
0.38622939586639404,negative
0.3911818265914917,negative
0.3909485936164856,negative
0.39893826842308044,negative
0.365340918302536,negative
0.3722240626811981,negative
0.3792404234409332,negative
0.3939720690250397,negative
0.3619408905506134,negative
0.40460559725761414,negative
0.41411325335502625,negative
0.3833351135253906,negative
0.40801772475242615,negative
0.3788081705570221,negative
0.3775831460952759,negative
0.38147157430648804,negative
0.35774967074394226,negative
0.357143372297287,negative
0.39790603518486023,negative
0.3754092752933502,negative
0.4088682234287262,negative
0.3841334581375122,negative
0.39076492190361023,negative
0.3372054994106293,negative
0.45188286900520325,negative
0.3798818588256836,negative
0.40733423829078674,negative
0.37487316131591797,negative
0.339372456073761,negative
0.39924341440200806,negative
0.368338942527771,negative
0.3693631887435913,negative
0.40470564365386963,negative
0.4056292474269867,negative
0.43257665634155273,negative
0.37681880593299866,negative
0.3571817874908447,negative
0.4014849364757538,negative
0.37118831276893616,negative
0.31943070888519287,negative
0.32156217098236084,negative
0.3839722275733948,negative
0.41784223914146423,negative
0.38781747221946716,negative
0.41128355264663696,negative
0.3811863660812378,negative
0.3958304226398468,negative
0.37763527035713196,negative
0.4269205927848816,negative
0.39765194058418274,negative
1.7376370429992676,negative
0.37427204847335815,negative
0.40051689743995667,negative
0.3898698687553406,negative
0.4106956422328949,negative
0.41284921765327454,negative
0.431377112865448,negative
0.3981017470359802,negative
0.4031507968902588,negative
0.41787487268447876,negative
0.39455148577690125,negative
0.3793433606624603,negative
0.32839831709861755,negative
0.36850273609161377,negative
0.41743355989456177,negative
0.3988039493560791,negative
0.40005868673324585,negative
0.3907312750816345,negative
0.4002654552459717,negative
0.4044056534767151,negative
0.4377184808254242,negative
0.41822853684425354,negative
0.4262682795524597,negative
0.39268559217453003,negative
0.4014420807361603,negative
0.423396497964859,negative
0.4020389914512634,negative
0.4515588879585266,negative
0.3755628168582916,negative
0.383186399936676,negative
1.0453633069992065,negative
0.3593876361846924,negative
0.40486615896224976,negative
0.41437000036239624,negative
0.40792128443717957,negative
0.4386364221572876,negative
0.4510066509246826,negative
0.40621036291122437,negative
0.4257153570652008,negative
0.3637050986289978,negative
0.37564367055892944,negative
0.38320067524909973,negative
0.3580346703529358,negative
1.6849838495254517,negative
0.37478217482566833,negative
0.38397854566574097,negative
0.40939977765083313,negative
0.4136233329772949,negative
0.39485862851142883,negative
0.4063168168067932,negative
0.3842097222805023,negative
0.4163934290409088,negative
0.39356306195259094,negative
0.3969235122203827,negative
0.3964172601699829,negative
0.37837621569633484,negative
0.4124239981174469,negative
0.409793883562088,negative
0.384386271238327,negative
0.4169650673866272,negative
0.3865251839160919,negative
0.3854408860206604,negative
0.3953971862792969,negative
1.840865135192871,negative
0.42832911014556885,negative
0.3618866205215454,negative
0.38095128536224365,negative
0.43034762144088745,negative
0.30255362391471863,negative
0.3848388195037842,negative
0.39205455780029297,negative
0.4385482966899872,negative
0.38563790917396545,negative
0.3850114047527313,negative
0.4121052920818329,negative
0.4493148624897003,negative
0.40790224075317383,negative
0.4293682277202606,negative
0.407463014125824,negative
0.38153988122940063,negative
0.4134703576564789,negative
0.44949352741241455,negative
0.4114227592945099,negative
0.43158477544784546,negative
0.4235967993736267,negative
0.3930611312389374,negative
0.3872089684009552,negative
0.3731449246406555,negative
0.39877745509147644,negative
0.41396474838256836,negative
0.3956524133682251,negative
0.4074300229549408,negative
0.39826545119285583,negative
0.3307911455631256,negative
0.3790227472782135,negative
0.3839649260044098,negative
0.3806166648864746,negative
0.4228859841823578,negative
0.40193313360214233,negative
0.38299062848091125,negative
0.40474647283554077,negative
0.41795897483825684,negative
0.45268821716308594,negative
0.4210628271102905,negative
0.33233439922332764,negative
0.40903258323669434,negative
0.35362544655799866,negative
0.4219595491886139,negative
0.4482511878013611,negative
0.3805539011955261,negative
0.3690144121646881,negative
0.3830597400665283,negative
0.2849978804588318,negative
0.3979283571243286,negative
0.4000052213668823,negative
0.36755266785621643,negative
0.39186981320381165,negative
0.4205731153488159,negative
0.3793996572494507,negative
0.39069056510925293,negative
0.3020419478416443,negative
0.3983049690723419,negative
0.41327330470085144,negative
0.40244099497795105,negative
0.3818165361881256,negative
0.38560089468955994,negative
0.5934162735939026,negative
0.40081802010536194,negative
0.41803085803985596,negative
0.3607451319694519,negative
0.43382760882377625,negative
0.3952442407608032,negative
0.42065659165382385,negative
0.35618317127227783,negative
0.38428643345832825,negative
0.3981543481349945,negative
0.38008934259414673,negative
0.41203323006629944,negative
0.37974944710731506,negative
0.41592344641685486,negative
0.4654771387577057,negative
0.3729393780231476,negative
0.38955584168434143,negative
0.41709965467453003,negative
0.40141060948371887,negative
0.3512832522392273,negative
0.3970271050930023,negative
0.38871675729751587,negative
0.4099007248878479,negative
0.39621680974960327,negative
0.3909613788127899,negative
0.40780776739120483,negative
0.37779590487480164,negative
0.41158515214920044,negative
0.4240618944168091,negative
0.4204787611961365,negative
0.3951397240161896,negative
0.42231011390686035,negative
0.4103054404258728,negative
0.38362744450569153,negative
0.3692006468772888,negative
0.33534517884254456,negative
0.3985649347305298,negative
0.42347559332847595,negative
0.3975755572319031,negative
0.4221021831035614,negative
0.36532795429229736,negative
0.40417492389678955,negative
0.39249902963638306,negative
0.4136246144771576,negative
0.4016006886959076,negative
0.4226190745830536,negative
0.43012455105781555,negative
0.37214988470077515,negative
0.4475975036621094,negative
0.42027831077575684,negative
0.3929911255836487,negative
0.40520790219306946,negative
0.36900755763053894,negative
0.3801107704639435,negative
0.3985629975795746,negative
0.3632672429084778,negative
0.3754122853279114,negative
0.36254024505615234,negative
0.36239397525787354,negative
0.3877030313014984,negative
0.3737643361091614,negative
0.38040703535079956,negative
0.3564651310443878,negative
0.382312148809433,negative
0.2832840383052826,negative
0.41123056411743164,negative
0.48938432335853577,negative
0.3987387716770172,negative
0.4176543653011322,negative
0.3814243972301483,negative
0.35163673758506775,negative
1.8343755006790161,negative
0.3896167576313019,negative
1.9434505701065063,negative
0.38141965866088867,negative
0.38260728120803833,negative
0.35718563199043274,negative
0.37390589714050293,negative
0.39452481269836426,negative
0.3840699791908264,negative
0.3893708288669586,negative
0.30410510301589966,negative
0.42281103134155273,negative
0.32326453924179077,negative
0.3931576907634735,negative
0.44336941838264465,negative
0.3807156980037689,negative
0.3188868761062622,negative
0.381919801235199,negative
0.3287562131881714,negative
0.38694968819618225,negative
0.3862806260585785,negative
0.41080474853515625,negative
0.3862030804157257,negative
0.4250602424144745,negative
0.37003293633461,negative
0.39201977849006653,negative
0.37849295139312744,negative
0.37937426567077637,negative
0.4306550621986389,negative
0.4048864543437958,negative
0.4043270945549011,negative
0.41700783371925354,negative
0.40777158737182617,negative
0.41371607780456543,negative
0.413696825504303,negative
0.3664189279079437,negative
1.7290208339691162,negative
0.4203992784023285,negative
0.3846980929374695,negative
0.4178166091442108,negative
0.4131721556186676,negative
0.39564284682273865,negative
0.3190482556819916,negative
0.418583482503891,negative
0.40193817019462585,negative
0.38122424483299255,negative
0.4097204804420471,negative
0.39786049723625183,negative
0.41741180419921875,negative
0.4264897108078003,negative
0.3934769928455353,negative
0.4126122295856476,negative
0.39901307225227356,negative
0.3901389241218567,negative
0.4183438718318939,negative
0.4005807936191559,negative
0.4128889739513397,negative
0.4255077838897705,negative
0.37494903802871704,negative
0.41247454285621643,negative
0.39573341608047485,negative
0.3810068368911743,negative
0.3771750330924988,negative
0.39338892698287964,negative
0.36210039258003235,negative
0.4074452817440033,negative
0.4122547209262848,negative
0.3975723385810852,negative
0.3519099950790405,negative
0.3802514672279358,negative
0.3758164942264557,negative
0.395894318819046,negative
0.3710624873638153,negative
0.4146679937839508,negative
0.4307404160499573,negative
0.4139111042022705,negative
0.34855377674102783,negative
0.3815303146839142,negative
0.5346300005912781,negative
0.34984856843948364,negative
0.37846869230270386,negative
0.4092371463775635,negative
0.4183642864227295,negative
0.3921438753604889,negative
0.4041142761707306,negative
0.3729056119918823,negative
0.345997154712677,negative
0.3895728290081024,negative
0.36724853515625,negative
0.4736959636211395,negative
0.43773919343948364,negative
0.41358715295791626,negative
0.3923951983451843,negative
0.39731892943382263,negative
0.426913857460022,negative
0.45721516013145447,negative
0.3782489001750946,negative
0.42662036418914795,negative
0.39895516633987427,negative
0.4521041512489319,negative
0.3845421373844147,negative
0.38525596261024475,negative
2.180978298187256,negative
0.39114993810653687,negative
0.34329599142074585,negative
0.40484166145324707,negative
0.39452630281448364,negative
0.42313238978385925,negative
0.3910471498966217,negative
0.4135255813598633,negative
0.39900892972946167,negative
0.3849698603153229,negative
1.3891397714614868,negative
0.3315172493457794,negative
0.40991461277008057,negative
0.4015258550643921,negative
0.4376438856124878,negative
0.4090780019760132,negative
0.37722134590148926,negative
0.37763717770576477,negative
0.35462459921836853,negative
0.39083945751190186,negative
0.40980064868927,negative
0.41279083490371704,negative
0.3764176666736603,negative
0.41235676407814026,negative
0.37897181510925293,negative
0.3715645372867584,negative
0.38867974281311035,negative
0.41930222511291504,negative
0.422756552696228,negative
0.40873339772224426,negative
0.402588814496994,negative
0.39305806159973145,negative
0.420247882604599,negative
0.3733222186565399,negative
0.32732418179512024,negative
0.34011584520339966,negative
0.41114675998687744,negative
0.39948582649230957,negative
0.38349539041519165,negative
0.37804940342903137,negative
0.3627741038799286,negative
0.41914859414100647,negative
0.37704309821128845,negative
0.3914003372192383,negative
0.41068053245544434,negative
0.380927711725235,negative
0.36968591809272766,negative
0.3973446190357208,negative
0.4249649941921234,negative
0.39187777042388916,negative
0.36615607142448425,negative
0.41960400342941284,negative
0.4423242211341858,negative
0.4270072281360626,negative
0.37099072337150574,negative
0.41333362460136414,negative
0.412569135427475,negative
0.33867722749710083,negative
0.3692454695701599,negative
0.387114018201828,negative
0.40704816579818726,negative
0.40648001432418823,negative
0.3414627015590668,negative
0.4104298949241638,negative
0.3746177852153778,negative
0.3919121325016022,negative
0.38200604915618896,negative
0.39770108461380005,negative
0.30986741185188293,negative
0.3656482994556427,negative
0.3322361409664154,negative
0.4159576892852783,negative
0.411634624004364,negative
0.3730504810810089,negative
0.4314144551753998,negative
0.425150603055954,negative
0.38081371784210205,negative
0.4201973080635071,negative
0.41611456871032715,negative
0.4351367652416229,negative
0.4115043580532074,negative
0.39279904961586,negative
0.3665352463722229,negative
0.3750280439853668,negative
0.4134633243083954,negative
0.3743571639060974,negative
0.41339537501335144,negative
0.39718741178512573,negative
0.38137415051460266,negative
0.4059799909591675,negative
1.6911956071853638,negative
1.6872375011444092,negative
0.40147483348846436,negative
0.3868001103401184,negative
0.3651723861694336,negative
0.404555082321167,negative
1.1144390106201172,negative
0.42010074853897095,negative
0.39322760701179504,negative
0.38739264011383057,negative
0.37606021761894226,negative
0.39767327904701233,negative
0.3786178231239319,negative
0.4131142497062683,negative
0.39134886860847473,negative
0.42181396484375,negative
0.40008482336997986,negative
0.443658709526062,negative
0.39618778228759766,negative
0.42705783247947693,negative
0.4121345281600952,negative
0.40820667147636414,negative
2.2153289318084717,negative
0.40864992141723633,negative
0.38858097791671753,negative
2.1438727378845215,negative
0.3729286193847656,negative
0.3388749361038208,negative
0.4210120737552643,negative
0.385822594165802,negative
0.3758547008037567,negative
0.4174891412258148,negative
0.4178277552127838,negative
0.6477205157279968,negative
0.39381274580955505,negative
0.37028005719184875,negative
0.42282912135124207,negative
0.4031229615211487,negative
0.41494250297546387,negative
0.4232429265975952,negative
0.43368658423423767,negative
0.3938741981983185,negative
0.3627205789089203,negative
0.42088747024536133,negative
0.45186924934387207,negative
0.3682607114315033,negative
0.3858712315559387,negative
0.3114139437675476,negative
0.38438108563423157,negative
0.4077537953853607,negative
0.36899706721305847,negative
0.4045772850513458,negative
0.3995198905467987,negative
0.33702734112739563,negative
0.38657549023628235,negative
0.3845285177230835,negative
0.41091859340667725,negative
0.4105823338031769,negative
0.4099048972129822,negative
0.4085620641708374,negative
0.34021663665771484,negative
0.4188121557235718,negative
0.4228145480155945,negative
0.4169710576534271,negative
0.3719833493232727,negative
0.4117415249347687,negative
0.3828185796737671,negative
0.32167160511016846,negative
0.40213504433631897,negative
0.3585996627807617,negative
0.38909024000167847,negative
0.385638952255249,negative
0.35946419835090637,negative
0.44690126180648804,negative
0.433552086353302,negative
0.3986808657646179,negative
0.41218775510787964,negative
0.36681345105171204,negative
0.30881065130233765,negative
0.3816666603088379,negative
0.3299897015094757,negative
0.4470597207546234,negative
0.368164986371994,negative
0.4220694899559021,negative
0.40883225202560425,negative
0.3949330747127533,negative
0.3216058313846588,negative
0.39273911714553833,negative
0.3917209208011627,negative
0.37005722522735596,negative
0.392355352640152,negative
0.3603501319885254,negative
0.37859705090522766,negative
0.3873532712459564,negative
0.32845577597618103,negative
0.3883046507835388,negative
0.44067123532295227,negative
0.38956543803215027,negative
0.39920419454574585,negative
0.38918235898017883,negative
0.38334888219833374,negative
0.3842349350452423,negative
0.39326241612434387,negative
1.4994487762451172,negative
0.43234339356422424,negative
0.39485523104667664,negative
0.41371849179267883,negative
0.35885390639305115,negative
0.3501879572868347,negative
0.39403200149536133,negative
0.39512404799461365,negative
0.37900370359420776,negative
0.37609508633613586,negative
0.43357202410697937,negative
0.36507195234298706,negative
0.43646615743637085,negative
0.40450337529182434,negative
0.40665388107299805,negative
2.0882105827331543,negative
2.0058324337005615,negative
0.43811166286468506,negative
0.4112186133861542,negative
0.41040077805519104,negative
0.42780351638793945,negative
0.41505682468414307,negative
0.4337981939315796,negative
0.4033321142196655,negative
0.41219067573547363,negative
0.4038664698600769,negative
0.3914329707622528,negative
0.3659992814064026,negative
0.3561495542526245,negative
0.42283400893211365,negative
0.41868987679481506,negative
0.3968591094017029,negative
0.37102916836738586,negative
0.4137507677078247,negative
0.4550114870071411,negative
0.4237636625766754,negative
0.39810773730278015,negative
0.4128190875053406,negative
0.3470725417137146,negative
0.4024558365345001,negative
0.4090891182422638,negative
0.4201960265636444,negative
0.38313373923301697,negative
0.4096987545490265,negative
0.42110568284988403,negative
0.4468001425266266,negative
0.3617197871208191,negative
0.38033807277679443,negative
0.37812939286231995,negative
0.35831108689308167,negative
0.3520454466342926,negative
0.35163331031799316,negative
0.410794198513031,negative
0.40845340490341187,negative
0.39093539118766785,negative
0.40727269649505615,negative
0.3646641671657562,negative
0.42269086837768555,negative
0.4139694571495056,negative
0.4015185534954071,negative
0.3635715842247009,negative
0.3234390616416931,negative
0.4149273931980133,negative
0.4406106173992157,negative
0.4001137614250183,negative
0.37854111194610596,negative
0.3507179617881775,negative
0.417424738407135,negative
0.3968101143836975,negative
0.4301573634147644,negative
0.38880443572998047,negative
0.35876718163490295,negative
0.4052428901195526,negative
0.37121546268463135,negative
0.36566871404647827,negative
0.39201152324676514,negative
0.39771145582199097,negative
0.4070492386817932,negative
0.40666934847831726,negative
0.4239771068096161,negative
0.37134891748428345,negative
0.36873775720596313,negative
0.3825361728668213,negative
0.3946618437767029,negative
0.4263600707054138,negative
0.40916311740875244,negative
0.392101913690567,negative
0.3831899166107178,negative
0.4320051670074463,negative
0.5882832407951355,negative
0.36515969038009644,negative
0.36957523226737976,negative
0.42498525977134705,negative
0.4154331386089325,negative
0.4094838500022888,negative
0.4367685616016388,negative
0.42259669303894043,negative
0.3328130543231964,negative
0.3832869529724121,negative
0.4053007662296295,negative
0.39700034260749817,negative
0.4052698016166687,negative
0.4381028115749359,negative
0.3872374892234802,negative
0.3928374946117401,negative
0.40967661142349243,negative
0.4108455181121826,negative
0.37666890025138855,negative
0.4312116205692291,negative
0.3960411250591278,negative
0.4304089844226837,negative
0.3672434389591217,negative
2.1621224880218506,negative
0.40684613585472107,negative
0.41894567012786865,negative
0.4090050160884857,negative
0.3946479558944702,negative
0.42900946736335754,negative
0.4178049564361572,negative
0.39005592465400696,negative
0.4028686285018921,negative
0.4048154950141907,negative
0.4154806435108185,negative
0.41365620493888855,negative
0.3920944631099701,negative
0.39742550253868103,negative
0.3827216327190399,negative
0.37781476974487305,negative
0.40608155727386475,negative
0.3875964283943176,negative
0.3722218871116638,negative
0.4197610020637512,negative
0.31002727150917053,negative
0.3979979455471039,negative
0.3958507776260376,negative
0.40025094151496887,negative
0.39978793263435364,negative
0.42985549569129944,negative
0.40933865308761597,negative
0.3958878219127655,negative
0.3736126720905304,negative
0.391537606716156,negative
0.34796932339668274,negative
0.36009979248046875,negative
0.41875648498535156,negative
0.4168715178966522,negative
0.3970872461795807,negative
0.3567327857017517,negative
0.4089469015598297,negative
0.4290495812892914,negative
0.3605603575706482,negative
0.4313826262950897,negative
0.4041556417942047,negative
0.4111742675304413,negative
0.3817155361175537,negative
0.3875138461589813,negative
0.40657079219818115,negative
0.40099334716796875,negative
0.4255162477493286,negative
0.388261616230011,negative
0.34134024381637573,negative
2.0371668338775635,negative
0.3491559624671936,negative
0.4187347888946533,negative
0.4115687906742096,negative
0.44067370891571045,negative
0.41103842854499817,negative
0.4062006175518036,negative
0.3866126835346222,negative
0.3891870975494385,negative
0.4337558150291443,negative
0.39063185453414917,negative
0.38265854120254517,negative
0.4164092540740967,negative
0.36756056547164917,negative
0.39720600843429565,negative
0.40800461173057556,negative
0.4274826943874359,negative
0.40971484780311584,negative
0.3951120674610138,negative
0.3936581611633301,negative
0.3874354362487793,negative
0.37788718938827515,negative
0.3711621165275574,negative
0.3482517600059509,negative
0.3893009424209595,negative
0.397132009267807,negative
0.4004826545715332,negative
0.36132434010505676,negative
0.41255834698677063,negative
0.42150038480758667,negative
0.41037341952323914,negative
0.37774795293807983,negative
0.42183059453964233,negative
0.2985032796859741,negative
0.39836081862449646,negative
0.39438676834106445,negative
0.3647420406341553,negative
0.39878222346305847,negative
0.40292513370513916,negative
0.3779606223106384,negative
0.41118860244750977,negative
0.3052046597003937,negative
0.4112260639667511,negative
0.4013379216194153,negative
0.4055265784263611,negative
0.40715616941452026,negative
0.38594022393226624,negative
0.3897055387496948,negative
0.39913442730903625,negative
0.38050803542137146,negative
0.3513198792934418,negative
0.42838364839553833,negative
0.3251485228538513,negative
0.36678770184516907,negative
0.34917157888412476,negative
0.3724965453147888,negative
0.4156978130340576,negative
0.40431007742881775,negative
0.4161389172077179,negative
0.40147900581359863,negative
0.4255717992782593,negative
0.4054397940635681,negative
0.4214785397052765,negative
0.3922121226787567,negative
0.34830817580223083,negative
0.40308451652526855,negative
0.3749524652957916,negative
0.3937893807888031,negative
0.3291727900505066,negative
0.4225391745567322,negative
0.3509376347064972,negative
0.39670807123184204,negative
0.3960176110267639,negative
0.3670963943004608,negative
0.37924525141716003,negative
0.4152904748916626,negative
0.4163505434989929,negative
0.3905627131462097,negative
0.28046539425849915,negative
0.4203656315803528,negative
0.3229263126850128,negative
0.3908764123916626,negative
0.3386518359184265,negative
0.3456652760505676,negative
0.4088250398635864,negative
0.38561829924583435,negative
0.417716920375824,negative
0.40812668204307556,negative
0.41427427530288696,negative
0.37011024355888367,negative
0.40301141142845154,negative
0.377951443195343,negative
0.3479270935058594,negative
0.40543192625045776,negative
0.3741774559020996,negative
0.392802894115448,negative
0.45354464650154114,negative
0.4014378488063812,negative
0.3791760206222534,negative
0.34757527709007263,negative
0.35960671305656433,negative
0.39627641439437866,negative
0.39509767293930054,negative
0.3012804388999939,negative
0.39032161235809326,negative
0.40128982067108154,negative
0.3992355167865753,negative
0.35290372371673584,negative
0.3945625126361847,negative
0.41669830679893494,negative
0.34515759348869324,negative
1.5638896226882935,negative
0.33533501625061035,negative
0.32140567898750305,negative
0.3566927909851074,negative
0.43122485280036926,negative
0.40524935722351074,negative
0.4000172019004822,negative
0.32258141040802,negative
0.44935277104377747,negative
0.3593975901603699,negative
0.3815004825592041,negative
0.36630505323410034,negative
0.35688942670822144,negative
0.39214658737182617,negative
0.3994848430156708,negative
0.40384843945503235,negative
0.40421703457832336,negative
0.3807985186576843,negative
0.41362056136131287,negative
0.4122474789619446,negative
0.37886032462120056,negative
0.39817848801612854,negative
2.2245419025421143,negative
0.3620116114616394,negative
0.3931242525577545,negative
0.41812098026275635,negative
0.3960340619087219,negative
0.41545480489730835,negative
0.39702895283699036,negative
0.38819584250450134,negative
0.40252169966697693,negative
0.3972395360469818,negative
0.43390360474586487,negative
0.42553046345710754,negative
0.39433786273002625,negative
0.3865422010421753,negative
0.3368946611881256,negative
0.41992640495300293,negative
0.4143121838569641,negative
0.40951430797576904,negative
0.40885287523269653,negative
0.4616546332836151,negative
0.4054562747478485,negative
0.37917813658714294,negative
0.3808421790599823,negative
0.3979368507862091,negative
0.39679664373397827,negative
0.35572898387908936,negative
0.42665278911590576,negative
0.3814317286014557,negative
0.418606162071228,negative
0.4056898355484009,negative
0.40901514887809753,negative
0.3995489478111267,negative
0.4264034628868103,negative
0.41063192486763,negative
0.4219481945037842,negative
0.3938251733779907,negative
0.3878975808620453,negative
0.32981398701667786,negative
0.38390621542930603,negative
0.3913981020450592,negative
0.37887153029441833,negative
0.3741150200366974,negative
0.35005298256874084,negative
0.41057533025741577,negative
0.3916986286640167,negative
0.3967722952365875,negative
0.3997230529785156,negative
0.4146442413330078,negative
0.4251330494880676,negative
0.4250909388065338,negative
0.4268709719181061,negative
0.42352059483528137,negative
0.39478471875190735,negative
0.42791178822517395,negative
0.40832260251045227,negative
0.4051815867424011,negative
0.3916885554790497,negative
0.409625768661499,negative
0.4084233343601227,negative
0.43576523661613464,negative
0.41974836587905884,negative
0.40186288952827454,negative
0.4099789261817932,negative
0.38322344422340393,negative
0.36079105734825134,negative
0.3491407036781311,negative
0.41563454270362854,negative
0.39226096868515015,negative
0.3623783588409424,negative
0.3356301188468933,negative
0.3207034766674042,negative
0.4198444187641144,negative
0.4058077037334442,negative
0.4306412637233734,negative
0.4088294208049774,negative
0.3623601794242859,negative
0.35819464921951294,negative
0.40962496399879456,negative
0.4350074231624603,negative
0.3923237919807434,negative
0.419329434633255,negative
0.39906516671180725,negative
0.3894217908382416,negative
0.38804808259010315,negative
0.39156827330589294,negative
0.3683083653450012,negative
0.7186375856399536,negative
0.39613354206085205,negative
0.3987313210964203,negative
0.36077988147735596,negative
0.3768411874771118,negative
0.37468060851097107,negative
0.39705029129981995,negative
0.42747706174850464,negative
0.3840825855731964,negative
0.39837905764579773,negative
0.41049709916114807,negative
0.41438549757003784,negative
0.40289178490638733,negative
0.4367438554763794,negative
0.4014805853366852,negative
0.37723881006240845,negative
0.40212640166282654,negative
0.3962906002998352,negative
0.3047763705253601,negative
0.3817148506641388,negative
0.401069700717926,negative
0.3916665017604828,negative
0.39381542801856995,negative
0.39504319429397583,negative
0.38220515847206116,negative
0.4063021242618561,negative
0.4076228737831116,negative
0.37891387939453125,negative
0.4021550416946411,negative
0.41127797961235046,negative
0.4304654002189636,negative
0.3800775706768036,negative
0.3795691132545471,negative
0.3813282251358032,negative
0.3883591592311859,negative
0.40233278274536133,negative
0.3902040421962738,negative
0.3920472264289856,negative
0.40957382321357727,negative
0.4177940785884857,negative
0.4134894013404846,negative
0.4274270534515381,negative
0.4017152190208435,negative
0.42236456274986267,negative
0.3573286235332489,negative
0.43932563066482544,negative
0.39636504650115967,negative
0.40351638197898865,negative
0.3975648581981659,negative
0.34898149967193604,negative
0.36757180094718933,negative
0.39631712436676025,negative
0.42450273036956787,negative
0.4185115396976471,negative
0.45438241958618164,negative
0.41154149174690247,negative
0.38681575655937195,negative
0.40868234634399414,negative
0.3641583025455475,negative
0.3862278461456299,negative
0.34747520089149475,negative
0.4107990264892578,negative
0.36881646513938904,negative
0.42334961891174316,negative
0.42218324542045593,negative
0.38882875442504883,negative
0.40604734420776367,negative
0.40077438950538635,negative
0.39298155903816223,negative
0.4075864255428314,negative
0.3901863992214203,negative
0.2791849374771118,negative
0.4120769202709198,negative
0.40945151448249817,negative
0.3745056986808777,negative
0.3574846386909485,negative
0.39603158831596375,negative
0.3997974097728729,negative
0.3929027318954468,negative
0.40075236558914185,negative
0.3935505151748657,negative
0.3990685045719147,negative
0.36916646361351013,negative
0.32682743668556213,negative
0.4169057309627533,negative
0.4021158218383789,negative
0.37285149097442627,negative
0.39649319648742676,negative
0.4265693724155426,negative
0.4023091793060303,negative
0.3739752769470215,negative
0.39725449681282043,negative
0.40436869859695435,negative
0.3536674678325653,negative
0.39443445205688477,negative
